id	wolof	arabic	french_source	source_dataset	source_type
wo-ar-0486	Yaakaar naa ni du dundaat lu ni mel te ñaanalu ma loola kenn!	أتمنى ألا يمر بمثل الأمر مرة أخرى ولن أتمناه لأي شخص آخر!	En dépit de tout le calvaire vécu depuis mon interpellation jusqu’à ma libération, ce fut une expérience très enrichissante humainement, que je n’espère ne plus avoir à revivre et que je ne souhaite à personne d’autre !Source : La CIMADE#MaParoleEstLibre.	mafand	Senegalese News (MAFAND)
wo-ar-0520	tolluwaayu yelleef yi ngir wóoral dëggug moomeelu suuf si, liggéey bi nit ki def ba jot ci suuf si, defar dogal buy nangu suuf si, laajte ab këru àtte mu defal ko dogal biy biral dakkalu bor yi, laajte te saxal jumtuwaayi dogal njëgu meetar kaare bi ca tund wa, jaare ko ci ab nattukaay, dogal loolu ci suuf si mu nangu.	وضع الحقوق العينية للتحقق من صحة سند الملكية، والإجراءات التي قام بها الشخص للحصول بالأرض، وصنع مرسوم نزع الملكية، وطلب إبراز قرار المحكمة بالموافقة على سند التنازل عن المستحقات، وطلب مع إقرار الأحكام المعمول بها لتحديد سعر المتر المربع في المنطقة وذلك عبر مقياس، وتطبيق ذلك على الأرض التي استولى عليها.	Avant de procéder à l’établissement et à la signature de l’acte, le directeur des domaines doit impérativement procéder à certaines diligences parmi lesquelles:requérir un état des droits réels pour s’assurer la réalité de la propriété du titre, les services de la conservation foncière sont sous sa hiérarchie;se faire produire le décret d’expropriation en bonne et due forme;exiger la production d’une décision d’homologation de l’acte de cession de créances par un tribunal en l’occurrence;consulter et appliquer les dispositions applicables en matière de fixation du prix au mètre carré dans la zone telles qu’elles ressortent du barème règlementaire;les appliquer uniquement sur l’assiette expropriée.	mafand	Senegalese News (MAFAND)
wo-ar-0861	Ab këlëb bu nekk ci diggante bi, di yëngu ci njaay,	ناد متوسط يعمل في التجارة؛	Un club intermédiaire qui évolue plus dans le registre commercial; soit le joueur brille et reussit, soit il est relégué dans la zone rouge (avec peu d’opportunités).	mafand	Senegalese News (MAFAND)
wo-ar-1104	Doomu jàngoro bi fa la juddoo,	لقد ظهر الفيروس هناك؛	Le virus y a vu le jour et quelques mois, après y avoir fait un ravage, c’est la Chine à son tour qui vient en aide aux pays qui subissent en ce moment les foudres du coronavirus.	mafand	Senegalese News (MAFAND)
wo-ar-0677	Bi Sónko waxee téeméeri (100) milyaar yiy mànki ci koppar yi réew miy jëfandikoo ci at mi, Abdulaay Sekk mi xam-xamam màcc ci koom-koom, wax ne loolu amul solo,	عندما تحدث سونكو عن ضياع مائة (100) مليار من ميزانية الدولة في السنة، قال الخبير الاقتصادي عبد الله سيك إن الأمر غير مهم،	Lorsque Sonko évoquait un déficit budgétaire de 100 milliards de francs CFA, l’économiste Abdoulaye Seck qualifiait cela de tension de trésorerie , quoi qu’il en soit nous peinons à renflouer nos comptes, car nous n’avons pas un organisme de collecte des impôts digne de ce nom.	mafand	Senegalese News (MAFAND)
wo-ar-0727	Mën nañoo jàppe luubalkatu alalu askan wi, képp koo xam ne dafay jéem a sàcc wala sax mu sàcc yëf yoo xam ne nguur ngi moo ko moom,	يمكن اعتبار مختلس الأموال العامة كل من يحاول اختلاس أو اختلس أشياء تخص الحكومة، ومنها:	Est passible du délit de détournement de deniers publics toute personne qui aura détourné ou soustrait ou tenté de détourner ou de soustraire, des deniers ou effets en tenant lieu, des pièces, titres de paiement, valeurs mobilières, actes contenant ou opérant obligation ou décharge, effets mobiliers, denrées, œuvres d’art ou objets quelconques au préjudice de l’Etat, d’une collectivité publique, d’un établissement public, d’une société nationale, d’une société d’économie mixte soumise de plein droit au contrôle de l’Etat, d’une personne morale de droit privé bénéficiant du concours financier de la puissance publique, d’un ordre professionnel, d’un organisme privé chargé de l’exécution d’un service public, d’une association ou fondation reconnues d’utilité publique.	mafand	Senegalese News (MAFAND)
wo-ar-0574	Ginnaaw mbirum ñàkk a dugal lempo mu Ngomblaan gi, beneen njombe amaat na foofee.	بعد قضية امتناع الجمعية الوطنية عن إيداع الضرائب، حدثت فضيحة أخرى هناك.	Après l'affaire du non versement d'impôt par l'Assemblée nationale, un autre scandale secoue l'Hémicycle.	mafand	Senegalese News (MAFAND)
wo-ar-0644	Jàppee Saajo Maane ni ñaari mbir yi ko fësal ca Premier League, nakk na lu néeg, nekk tamit ay nar.	سيكون من القسوة والكذب اعتبار أن هذين الأمرين جعلا ساديو ماني يبرز في الدوري الإنجليزي الممتاز.	Il serait cruel et inexact, pourtant, de chercher à résumer Sadio Mané à travers ces deux épisodes tourmentés l’ayant, finalement, propulsé vers la Premier League et ses projecteurs.	mafand	Senegalese News (MAFAND)
wo-ar-0104	Futbalkat ba woon, te mu war a jàll lenn ci tàggatoom ca Clairefontaine, dina dimbali Vincent Bordot (ñeen-fuki at ak juróom-benn).	اللاعب السابق، الذي سيتعين عليه قضاء جزء من تدريبه في كليرفونتين، سيساعد فينسنت بوردت (ستة وأربعين عاما).	L'ex-défenseur, qui devra passer une partie de sa formation à Clairefontaine, assistera Vincent Bordot (46 ans).	mafand	Senegalese News (MAFAND)
wo-ar-1143	Teewalkati àllaterete yi, Jibi Sow mi teewal SAMES, ki teewal Mbooleem sàndikaa mi ak kurélu wér gi, rafetlu nañu saytuyin wi Doktoor Sekk tàmbali	وقد أشاد كل من ممثل المتقاعدين، وممثل SAMES جِب صَو، وممثل جميع النقابات واللجنة الطبية بالإجراءات الإدارية التي بادر بها الدكتور سيك،	Le représentant des retraités, celui du Sames Djiby Sow, celui de l’intersyndicale et de la commission médicale d’établissement…ont salué les actes de gestion posés par Dr Seck et qui ont vivement contribué au rayonnement et à la performance de l’Hôpital Abas Ndao.	mafand	Senegalese News (MAFAND)
wo-ar-0505	Man naa wax ne damaa bokk ci ñaari mbatiit te maa ngi jéem a jël saa su ne li gën a am solo ci mu nekk ci ñaar yi.	يمكنني القول بأنني أنتمي إلى ثقافتين، وأحاول دائما أن آخذ ما هو أهم من كلتيهما.	Je peux avancer que j’appartiens à 2 cultures et j’essaye à chaque fois de tirer le meilleur des deux.	mafand	Senegalese News (MAFAND)
wo-ar-0294	Péncum ndawi réew mi mën na koo bañ a wote, ci bu ñuy saytu li ñuy woowe yoonu dëggal.	قد لا تقوم الجمعية الوطنية على تصويتها، وذلك أثناء النظر في ما يسمى بقانون التصديق.	L’Assemblée nationale peut les amender à l’occasion du vote de la loi de ratification .	mafand	Senegalese News (MAFAND)
wo-ar-0935	bor bi ñu bokk yées juróom-ñaar-fukk ci téeméer boo jël ci li réew mi am ci at mi yépp (PIB) bi (70%),	أن يكون الدين المشارك أقل من سبعين بالمائة (70%) من الناتج المحلي الإجمالي (PIB)،	Une condition sine qua none fixée aux pays souhaitant faire partie de la future zone monétaire est la satisfaction des critères dits de convergence :– Dette publique inférieure à 70% du PIB ;– Déficit budgétaire inférieur à 3% du PIB ;– Taux d’inflation inférieur à 10% ;– Réserves de change couvrant au moins 3 mois d’importation ;– Etc.	mafand	Senegalese News (MAFAND)
wo-ar-0534	Bu ñu sukkandikoo ci Apanews, àttekati Mbootaayu Futbal gi ci Afirig génne na Ginne ci joŋante bi war a am ca Tanzanie,	وبحسب لجنة تحكيم الاتحاد الإفريقي لكرة القدم، نقلا عن أبانيوز، تم استبعاد غينيا من البطولة التي تنظم في تنزانيا،	Selon le jury de la CAF, cité par Apanews, la Guinée est exclue du tournoi organisé en Tanzanie et ses résultats obtenus durant cette CAN sont annulés.	mafand	Senegalese News (MAFAND)
wo-ar-0217	Ci noonu, dafay wuuteeg bépp xeetu dagg lempo yépp ndax kiy natt moom am na loo xam ne dafay dellusi ci moom,	وبهذا فإنها تتميز عن الضرائب بأنواعها من حيث أن من يؤدي الاشتراكات له مقابل يعود إليه؛	Par cela, ils se distinguent des impositions de toutes natures en ce sens que celui qui a payé les cotisations dispose d'une contrepartie directe et individuelle, il a droit à une prestation d'assurance en retour, par exemple, le remboursement des dépenses de santé, le droit à une pension de retraite, à l'inverse des impositions de toute nature qui sont prélevées sans contrepartie.	mafand	Senegalese News (MAFAND)
wo-ar-0111	Laaj yi : lu tax liggéeykat yi waaf booba ba léegi: ngir jàll ci dajale alal jépp ak bérébu liggééyukaay yi ndàmpaay yi soxal ?	الأسئلة: لماذا امتنعت العملاء حتى الآن عن إجراء إحصاء شامل للدخل والهيئات المعنية من هذه الإعفاءات؟	Questions : pourquoi vos services se sont abstenus, jusqu’à présent :de procéder au recensement exhaustif des revenus et corps concernés par ces exonérations indues ?	mafand	Senegalese News (MAFAND)
wo-ar-0390	Ak lu mana am, tekkaaral ak yëngoodi gu kujje gi moom lay jariñ!	على كل حال، فالانتظار والترقب يخدم المعارضة!		MasakhaNER	Senegalese News (MasakhaNER)
wo-ar-1183	"""Dinañu dem bégee ko ñun ñaar ñépp ci ab tàggat-yaram bu ñu naan kàrtiŋ (maanaam ndawalum kàrt), dinañu ci am nataal yu rafet "", noonu la ko waxe ci ay kaf."	"قال مازحا: ""سنذهب ونحتفل كلانا من خلال ممارسة رياضة الكارتينغ (بمعنى قيادة الكارت)، وسنقوم بالتقاط صور رائعة""."	On ira fêter ça tous les deux sur un circuit en karting, ça fera une belle photo, lance-t-il sous forme de boutade.	mafand	Senegalese News (MAFAND)
wo-ar-0113	Jot na dëggit ñu xoolaat nekkinu ñi ñuy teewal, njëkk ñu leen di batale ngir ñu teewal waa Afirig sowu jant.	لقد حان الوقت حقا لإعادة النظر في سلوك ممثلينا قبل تفويضهم لتمثيل غرب أفريقيا.	il est vraiment temps de revoir les comportements de nos représentants avant de les déléguer pour représenter l'Afrique de l'Ouest.	mafand	Senegalese News (MAFAND)
wo-ar-0443	Ku am jabar ak ñaari doom, M.D.W lañu taxawaloon ca këru àtte ga ca Njaaréem ndax dañu ko tuumaal ne daa jël gune gu tuuti ba pare, yóbbu ko, siif ko.	مُثل م.د.و، متزوج وأب لطفلين، أمام المحكمة في ديوربل بتهمة إبعاد قاصر ثم اغتصابه.	Marié à une épouse et père de deux enfants, M. D. W a été déféré au tribunal de grande instance de Diourbel pour détournement de mineure suivi de viol.	mafand	Senegalese News (MAFAND)
wo-ar-0116	Jot naa sëy ak moom ay yoon yu bare.	مارست الجنس معه عدة مرات.	J'ai fait plusieurs fois des rapports sexuels avec lui.	mafand	Senegalese News (MAFAND)
wo-ar-0585	Loolu la mooy wax ji, nañu ko nangu rekk.	هذا هو الواقع، علينا فقط أن نتقبله.	c'est tout il faut accepter cette réalité.	mafand	Senegalese News (MAFAND)
wo-ar-1121	Dinañu am ay gan yu mel ni ay kuréli diiney katolig ak yu lislaam.	سيكون لدينا ضيوف كجمعيات دينية كاثوليكية وإسلامية.	Nous aurons comme invités des associations religieuses catholiques et musulmanes.	mafand	Senegalese News (MAFAND)
wo-ar-0449	Moo doonoon koñ boo xam ne, nu ma ko mën a waxe sax ?	لقد كان هذا النوع من الحي، كيف يمكنني أن أعبره؟	C’était le genre de quartier où, comment puis-je dire ?	mafand	Senegalese News (MAFAND)
wo-ar-0710	Lay wi, ngir nëbb wax ji am ci jéggi dayoog njëgu roplaanu njiitu réew la, ci jamono joo xam ne jafe-jafey koom ak wàllu wér-gu-yaram ak askan dafa lëmbe réew mi.	كانت الذريعة للتغطية على الحديث عن المغالاة في سعر طائرة الرئاسية في وقت تشهد فيه الدولة أزمة اقتصادية وصحية واجتماعية.	L'excuse était toute trouvée pour brouiller les pistes sur le montage financier autour de l'acquisition polémique du nouvel avion de commandement présidentiel dans un contexte de crise économique, sanitaire et sociale.	mafand	Senegalese News (MAFAND)
wo-ar-0229	Te saa su yu laaj ak tontu doxee suñu diggante ak ñoom ma seetlu ko.	وألاحظ ذلك في كل مرة نلتقي بهم لطرح الأسئلة والأجوبة.	J'ai souvent eu l'impression que les personnes n'ont aucune considération pour la santé mentale des athlètes et je le vois à chaque fois que je participe à ces questions-réponses.	mafand	Senegalese News (MAFAND)
wo-ar-0336	Gis-gis yi wuutale ñaari nit ñi terewu leen a amal liggéey bu am solo ci pàrti bi nga xam ne ñoom ñoo ko taxal.	لم تمنع هذه الاختلافات الأيديولوجية التي فرقت بين الرجلين من العمل معا بشكل وثيق داخل الحزب الذي أسساه.	Ces différences idéologiques, qui séparaient ces deux hommes, ne les avaient pas empêchées de travailler étroitement, au sein du parti qu’ils avaient fondé.	mafand	Senegalese News (MAFAND)
wo-ar-1023	Yàgg bawul dara,	الوقت سيحكم،	Qui vivra verra !!!	mafand	Senegalese News (MAFAND)
wo-ar-0289	Dëgg la, di ngeen ma wax ne téeméer boo jël juróom-ñeent-fukk yi ak juróom ay jullit lañu, ñeent ya ca des ay katolig,	في الحقيقة ستقولون لي إن خمسة وتسعين منا مسلمون والأربعة الباقين نصارى،	Certe vous me direz que oui on a 95% de Muslims, 4% de chrétiens mais Dieu aime la droiture, et l'action.	mafand	Senegalese News (MAFAND)
wo-ar-0818	Sëñ Saar mi nga xam ne dawal mooy méccéem, ab saytukatu kaaraange moo ko jàpp ci guddi gi muy sàcc ab gaas ca Grand-Yoff ci wetu Zone de captage.	تم القبض على السيد سار الذي يمتهن قيادة السيارات من قبل حارس أمن ليلا في غراند-يوف وهو يسرق أسطوانة غاز بالقرب من Zone de captage.	Conducteur de profession, S. Sarr a été surpris nuitamment à Grand-Yoff, par un vigile en service au niveau de la Zone de captage en train de dérober une bonbonne de gaz de neuf (9) kilogrammes dans un véhicule appartenant à un autre acteur du transport.	mafand	Senegalese News (MAFAND)
wo-ar-0896	Su fekkee ne am gi, mu ngi ci diggante tus ba téeméer ak fukk ak juróom-ñeenti junni ak juróom-ñetti téeméer (0 et 599 000) ci Seefaa, juuti bi mooy téeméer ak juróom-ñett-fukk (900 F) ci Seefaa.	تكون الضريبة تسعمائة (900 ف) سيفا إذا كان الدخل يتراوح بين صفر وخمسمائة وتسعة وتسعين 0 و 599000) سيفا.	Si le revenu se situe entre 0 et 599000 FCFA, l'impôt est de 900 FCFA, et si c'est ente 600 000 FCFA et 999 000 FCFA, il est de 3600 FCFA.	mafand	Senegalese News (MAFAND)
wo-ar-0220	Ñoo ngi fësal ne loolu mënu leen a dakkal xeex bi.	يؤكدون أن هذا لن يمنعهم من مواصلة القتال.	Ils soutiennent cependant que cela ne va pas les empêcher de continuer le combat.	mafand	Senegalese News (MAFAND)
wo-ar-0255	Foog naa ne nit ñi fajuwuñu.	لدي انطباع بأن الناس لا يعالجون أمراضهم.	J’ai l’impression que les gens ne sont pas en train de se soigner.	mafand	Senegalese News (MAFAND)
wo-ar-0425	Góor ak jigéen ñu aay ñi bokkoon ci siiwalug naalu dundin wi ñu bëgg ci Senegaal, ca Nuwel-Akiten ak fépp sax.	شارك نساء ورجال موهوبون في الترويج لمشروعنا الاجتماعي الذي نبتغيه للسنغال في أقطانية الجديدة وفي كل مكان آخر.	Ces hommes et ces femmes de talents ont brillamment participé à la vulgarisation de notre projet de société pour le Sénégal, en Nouvelle-Aquitaine et partout ailleurs, résultant en la victoire écrasante d’Ousmane Sonko dans notre département, aux élections présidentielles de février 2019.	mafand	Senegalese News (MAFAND)
wo-ar-0796	Dafa tàmbalee tëj gémmiñu benn pàcc ci ñiy xeexal askan wi te defu ñu pólótig, ci loo xam ne da leen di ger, wala mu wañ seen loxo.	لقد بدأ بتكميم أفواه بعض المناضلين للشعب غير المسيسين؛ وذلك عن طريق رشوتهم أو إكراههم.	Il a d’abord muselé une partie de la société civile par des offrandes de privilèges ou encore par contraintes;Puis intimidé la presse libre et indépendante après avoir domestiqué une partie ;Ensuite, il a violé toutes les lois électorales qui organisent la désignation des élus; Et enfin, il a encastré les libertés individuelles.	mafand	Senegalese News (MAFAND)
wo-ar-0100	BEAC fàttali na ba tay jamonoy wàññi xaymab xaalis bi atum 1994, ne réewi CEMAC yi amoon nañu wàññikug seen xaalis, li wuuteek jamonoy tay.	كما ذكرBEAC أنه في وقت تخفيض قيمة العملة في عام 1994، كانت دول CEMAC تعاني من انخفاض قيمة عملاتها عكس ما يحدث اليوم.	La BEAC a aussi rappelé, que lors de la dévaluation de 1994 les pays de la CEMAC notamment connaissaient une récession économique, ce qui est différent actuellement.	mafand	Senegalese News (MAFAND)
wo-ar-0761	"Bataaxal yii maanaam ""doole dëgg mooy mën a woote fépp ci Senegaal"","	"هذه الرسائل: ""حقيقة القوة هي القدرة على التواصل في السنغال كلها""،"	Les messages ‘‘Seule une vraie force, permet d'appeller partout au Sénégal’’ ; ‘‘Le vrai truc de grand, c'est de pourvoir remplir ses obligations partout’’ ; ‘‘Le vrai boss domine partout’’ ; ‘‘C'est le vrai cool qui peut se connecter avec la 4G+ partout au Sénégal’’ montrent clairement une tentative de discréditer le concurrent Free, avec notamment une constance dans les messages : le réseau avec les mots ‘‘partout’’ et ‘‘n'importe où’’ qui font allusion à la couverture du territoire.	mafand	Senegalese News (MAFAND)
wo-ar-0197	Dañoo raam ba agsi fii tey : maanaam bokk ci pàrti yi nekk ci kujje yi askan wi gën a bàyyi xel.	لقد بدأنا من العدم إلى الوضع الحالي: بمعنى أحد أكثر أحزاب المعارضة شعبية.	Nous sommes convaincus que nous sommes le changement, nous n’attendrons pas désespérément le changement !Nous sommes partis du néant politique à la situation actuelle : l’un des Partis d’opposition les plus réputés du pays.	mafand	Senegalese News (MAFAND)
wo-ar-0641	Rabaa yeexu koo yég te fayoom mooy, fexe ba juróom-ñetti junniy tukkikat yu amul i këyit dugg ci dëkku Espaañ gii di Sewuta ci fukki fan ak juróom-ñaar ci weeru mee.	وسرعان ما علمت الرباط بذلك وكان انتقامها هو السماح لثمانية ألاف مهاجر غير شرعي بدخول سبتة الإسبانية في السابع عشرة من مايو.	Rabat ne tarde pas à l’apprendre et, comme mesure de représailles, permet à environ 8 000 migrants sans papiers de rejoindre l’enclave espagnole de Ceuta le 17 mai.	mafand	Senegalese News (MAFAND)
wo-ar-0598	Ñaari at ci kanam ak ñaari ayu-bès laata ñuy tambali Kub Afirig ba am ca Esipt, lañu tuumaaloon Seriñ bi ay loxoom set ci CAF.	تم اتهام السيد البريئ من CAF قبل عامين وأسبوعين من انطلاق بطولة كأس الأمم الإفريقية في مصر.	Deux ans plus tard et à deux semaines du coup d’envoi de la Coupe d’Afrique des nations organisée en Égypte, le Monsieur Propre de la CAF se retrouve à son tour sur le banc des accusés.	mafand	Senegalese News (MAFAND)
wo-ar-1119	Ku xool Meetar Elaas Juuf rekk, dinga gis ne li ñu ko fàtteli jëfu siif jigéen ja mu defoon te yoonu Farãas tegoon ko ci ay daan, metti na ko lool.	من ينظر إلى السيد الحاج ضيوف، ير أن تذكيره بقضية الاعتداء الجنسي التي ارتكبها وأدين به من قبل القضاء الفرنسي قد آلمه كثيرا.	Maître El Hadj Diouf a visiblement été affecté par une fine piqure de rappel sur une affaire d’agression sexuelle le concernant et qui a fait l’objet de condamnation par la justice française.	mafand	Senegalese News (MAFAND)
wo-ar-0659	Ñiy dugal seeni koppar ci koom-koom bi ak Bànk yi dañuy sukkandiku ci tolluwaayu pólótig bi ngir dugal seen xaalis mu jural leen dara.	يعتمد المستثمرون والبنوك على مستوى السياسة لاستثمار أموالهم والاستفادة منها.	En effet, les investisseurs et les Banques se basent sur le niveau de risque politique avant d’investir leur argent.	mafand	Senegalese News (MAFAND)
wo-ar-0374	Jigéen jii nga xam ne bokk na ci ñi gën a mag ci ñiy yënagtu ci wàllu xeltu ak caada ci Senegaal, moom la waa IFAN di sargal ci turu kenn koo xam ne, ginnaaw ba ñu moomee suñu bopp, bokk na ci nit ñi gën a am solo ñuy xeex ngir ñu dooleel làkkI réew.	سيشيد IFAN بهذه المرأة التي تعد واحدة من الأشخاص الرائدين الذين يعملون في الفكر والثقافة السنغالية؛ باعتبارها واحدة من أهم الأشخاص الفاعلين في النضال من أجل تعزيز اللغات الوطنية في حقبة ما بعد الاستعمار.	C’est à cette dame, grande figure de la vie intellectuelle et culturelle sénégalaise , que l’IFAN compte rendre hommage en tant que l’un des acteurs les plus importants du combat pour la promotion des langues nationales de l’ère post-coloniale .	mafand	Senegalese News (MAFAND)
wo-ar-0019	Su fekkoon ne xamuñu woon àmbar bu dóomu-taal bi, kon doonuñu woon abal nattukaay bi wala ñu doon nekk di caaxaane ngir suuxug jënu balen wi.	لو كانوا جاهلين بالعنبر الرمادي لما أولوا أي اهتمام أو كانوا يعبثون بسبب جنوح الحوت.	S'ils étaient ignorants sur l'ambre gris, ils n'y auraient même pas prêté une once attention ou seraient dans la mystification de l'échouage de la baleine.	mafand	Senegalese News (MAFAND)
wo-ar-0830	Lii nekkul rekk ay gént waaye dafay fës saa su ne ci kàddu ak yëngu-yënguy pólótigu ñaari njiit yii.	هذا ليس مجرد حلم ولكنه يظهر دائما في الكلمات والأفعال السياسية لهذين الزعيمين.	Voter, pour ne citer qu’un exemple, est un devoir, dans la conception que je me fais de la démocratie, beaucoup plus qu’un droit, à tel point que l’esprit de la Constitution sénégalaise me semble exclure la possibilité, pour un citoyen, de faire acte de renonciation volontaire à la qualité de citoyen participant aux préoccupations de la politique de la Cité… Et Ousmane Sonko, qui fit de Mamadou Dia un de ses pères idéologiques en politique (D’ailleurs le siège de son parti porte son nom), l’étaye par ces mots : Et d’ailleurs, qu’est-ce le pouvoir si ce n’est simplement un sacerdoce, le serment de s’oublier et de se sacrifier pour sa patrie… Ce qui est indispensable à un leadership étatique de qualité, c’est d’avoir un bon background intellectuel et socioprofessionnel, une vision claire, une détermination à servir sa nation sur la base de l’intégrité, du désintéressement, du patriotisme, un cran indéfectible et une bonne équipe…… Ces définitions, loin d’être des idéaux seulement, sont omniprésentes dans les discours et les actes politiques de ces deux leaders.	mafand	Senegalese News (MAFAND)
wo-ar-0945	"""Dama mës a xam ne mën naa génn kaso jamono ju nekk, ci bés bi walla ci guddi gi"", loolu la wax ci waxtaan wi mu amaloon ak tele Itv bi."	"""لطالما علمت أنه يمكنني الخروج من السجن في أي وقت، ليلا أو نهارا""، هذا ما صرح به في المقابلة التي أجراها مع تلفزيون Itv."	J'ai toujours su que je pouvais sortir de la prison àtout moment, de jour comme de nuit, déclare-t-il dans l'entretien qu'ila accordé o la télévision ITV.	mafand	Senegalese News (MAFAND)
wo-ar-0913	Fu mu toll ci tëralinu lu ëpp wala lu yées juróom-ñaar téeméer ak juróom-fukki milyaar yi mu gëmloo ne def na ko ci, te mu ne saafara na jafe-jefey mbënd mi ?	أين هو من برنامج أكثر أو أقل من سبعمائة وخمسين مليار الذي يدعي أنه ضخه فيه، وقال إنه حل مشكلة الفيضانات؟	Qu’en est-il du programme de + ou – 750 milliards qu’il prétend avoir injectés et avec lesquels il aurait réglé la question des inondations ?	mafand	Senegalese News (MAFAND)
wo-ar-1010	Dama bëgg a wax foofu ne, jot na sëkk, ñu bàyyi di ko jëfandikoo ni gannaay, te def ko ngir ñaari sabab.	وأعني بهذا أن الوقت قد حان للتوقف عن استخدامه كسلاح، وفعله لسببن.	Je veux dire par là qu’il est grand temps que nous arrêtions de l’utiliser comme argument massue, et ceci pour deux raisons.	mafand	Senegalese News (MAFAND)
wo-ar-1144	te mu bokk ci li tax Lopitaal Abaas Ndaw nekk tey lopitaal bu baax,	والتي ساهمت في جعل مستشفى عباس انداو مستشفى جيدا،	Le représentant des retraités, celui du Sames Djiby Sow, celui de l’intersyndicale et de la commission médicale d’établissement…ont salué les actes de gestion posés par Dr Seck et qui ont vivement contribué au rayonnement et à la performance de l’Hôpital Abas Ndao.	mafand	Senegalese News (MAFAND)
wo-ar-0132	Lii, gànnaaw bi ñu fésalee ci bokk-jokkoo gi ab bataaxal bu jëm ci jëwrin ji ñu dénk biir réew mi, Aali Nguy Njaay.	وذلك بعد أن نُشرت على الشبكة الاجتماعية رسالة موجهة إلى وزير الداخلية علي انغوي انجاي.	Ce, après avoir publié sur facebook une lettre ouverte au ministre de l'Intérieur Aly Ngouille Ndiaye.	mafand	Senegalese News (MAFAND)
wo-ar-0762	"""Yëfu ponkal dëgg mooy mën a def la war fépp"","	"""وحقيقة العظمة هي القدرة على إنجاز ما يجب في كل مكان""،"	Les messages ‘‘Seule une vraie force, permet d'appeller partout au Sénégal’’ ; ‘‘Le vrai truc de grand, c'est de pourvoir remplir ses obligations partout’’ ; ‘‘Le vrai boss domine partout’’ ; ‘‘C'est le vrai cool qui peut se connecter avec la 4G+ partout au Sénégal’’ montrent clairement une tentative de discréditer le concurrent Free, avec notamment une constance dans les messages : le réseau avec les mots ‘‘partout’’ et ‘‘n'importe où’’ qui font allusion à la couverture du territoire.	mafand	Senegalese News (MAFAND)
wo-ar-0195	Réew muy liggéey rekk a ko mën a am.	الدولة التي تعمل فقط هي التي تستطيع أن تحصلها.	”C’est le motif officiel, mais on peut bien sûr se poser des questions puisque sa présence a créé la polémique, car il n’avait pas du tout le niveau, et certains joueurs, comme Terrell Stoglin, n’ont pas manqué de faire savoir qu’il n’avait rien à faire là, même si d’un point de vue médiatique c’était un joli coup.	mafand	Senegalese News (MAFAND)
wo-ar-0026	Yàq gu metti!	يا لها من خسارة!	Quel gâchis !En lisant votre demande de radiation ironique, nous avons remarqué l’agitation de jeunes à ambition leste.	mafand	Senegalese News (MAFAND)
wo-ar-0912	Dinañu ko xam : ay wax yu teguwul mëneesu koo dëggal.	سوف نفهمها: أقوال باطلة لا يمكن تصديقها.	On l’aura bien compris : un aveu d’impuissance ne peut être plus avéré.	mafand	Senegalese News (MAFAND)
wo-ar-0637	Futbal fépp la ñu koy defe ci Afirig.	تُلعب كرة القدم في جميع أنحاء أفريقيا.	Le football s’organise partout en Afrique, il y a un besoin de cadres bien formés à tous les niveaux.	mafand	Senegalese News (MAFAND)
wo-ar-0886	Ful mboolooy njàngum jiite (TD) meek jëfe (TP), ngir seen i xaaj ngir moytu néegu daara yu fees yeek i nit, rawatina ñi seen njàng tollu ci at mu jëkk mi (L1), ñaareelu at mi (L2), ak ñetteelu at mi (L3) ci daara yi seen jumtukaayi njàngale matale.	مضاعفة الدروس التوجيهية (TD) والتطبيقية (TP) لفئتهم، لتجنب اكتظاظ الفصول وخاصة من في السنة الأولى (L1)، والسنة الثانية (L2)، والسنة الثالثة (L3) في الجامعات تسمح بها أدواتها الدراسية.	Exiger le passage au thermoflash devant les amphithéâtres et les salles de T. D;Renforcer le service de sécurité dans les campus sociaux chargé de limiter le surpeuplement dans les chambres avec le fameux système de clandotage;Mettre l’accent sur l’information et la sensibilisation par le biais des affiches, flyers, panneaux publicitaires à propos des mesures barrières;Revoir le découpage du calendrier universitaire pour le reste de l’année et adapter le quantum horaire aux réalités de la pandémie;Penser à un programme minimal en mettant l’accent sur les chapitres essentiels majeurs selon le quantum horaire à couvrir, comme c’est le cas avec les classes de Terminales dans le cycle secondaire;Combiner le présentiel avec l’enseignement à distance: privilégier les enseignements à distance pour les cours magistraux et maintenir les TD et TP en présentiel;Multiplier les groupes de TD et de TP pour éviter les classes pléthoriques, surtout au niveau des L1, L2 et L3, dans les établissements où les infrastructures pédagogiques le permettent.	mafand	Senegalese News (MAFAND)
wo-ar-0872	ndax xabaabal ci njëg li nu fésal ci awiyoŋu Airbus A320, mën na yombal, luy tollook ay téeméeri milyoŋ, ngir xam njëgu awiyoŋ bi nu digee jënd.	لأنه من خلال التفصيل في السعر الذي تم عرضه لطائرة إيرباص A320، يمكن خصم ما يقدر بمئات من الملايين لمعرفة ثمن الطائرة التي تم الوعد بشرائها.	Donc, il faut être vraiment nul pour élaborer une ligne de défense fondée sur le secret défense, car en extrapolant sur le prix catalogue d'un Airbus A320 on peut facilement, à quelques centaines de millions près, déterminer le coût de l'avion de commandement.	mafand	Senegalese News (MAFAND)
wo-ar-0845	Pep dellusi na ci yoon, gànnaaw ba ñu ko dugalee ab bit.	عاد بيب إلى رشده بعد أن استقبل هدفا.	Pep est revenu à la raison après avoir encaissé le but, il a mis deux 9 et un 6.	mafand	Senegalese News (MAFAND)
wo-ar-0563	Waaye, bu amee lu ñuy wax Borom mer-gàddu gi, mooy mu jéem a def ay pexe ba jox ñu li ñu amul bu baax.	لكن إذا كان هناك ما يمكن قوله إلى صاحب مِرْ غادُّو، فهو أن يقوم بحيل ليزودنا بالموارد التي نفتقر إليها كثيرا.	Le peuple qui utilisera cette monnaie n’a point été consulté pour l’utilisation de cet instrument d’échange.	mafand	Senegalese News (MAFAND)
wo-ar-0696	Mënul woon a umple ne am na ab siife bu tënk njëgu meetar kaare bi ci loo xam ne dañu ko nangoo ci nit ñi ngir njariñal askan wi.	لا يمكن أن يكون غير مدرك لوجود مرسوم يحدد سعر المتر المربع في حالة نزع الملكية لأسباب المنفعة العامة.	Il ne pouvait surtout pas ignorer l’existence du décret fixant le prix au mètre carré dans le cas des expropriations pour cause d’utilité publique.	mafand	Senegalese News (MAFAND)
wo-ar-0318	Joŋante bu xaw a ruslu,	مباراة شبه مخيبة للآمال،	Un match un peu décevant mais la lumière est venue de Dybala.	mafand	Senegalese News (MAFAND)
wo-ar-1075	Ci misaal, su ag nguur jëlee dogalu wàññi lempo yi ci li nit ki di am, loolu dafay tax li borom-kër yi mën a jënd yépp ci seen xaalis yokk,	على سبيل المثال، إذا قررت حكومة ما تخفيض الضرائب على دخل الأفراد، فإن هذا سيؤدي إلى زيادة ما يستطيع أصحاب المنازل شراءه بأموالهم،	Par exemple si le gouvernement d’un pays décide de diminuer les impôts sur le revenu, cela permettra normalement d’augmenter le pouvoir d’achat des ménages et donc la demande tout en diminuant les charges fiscales imposées aux entreprises, leur permettant ainsi de produire plus et d’embaucher.	mafand	Senegalese News (MAFAND)
wo-ar-0325	Balaa ñu fee nekk di sóobu ci rëbb ay góor-jigéen ak li mu mën a jur ci jafe-jafeek tooñ, na ñu fexe ba suñu njiit yi leeral gis-gis bu leerul bi ñu am ci wàllum GENRE, bi ñu am ci lan mooy yeneen àq ak yelleef yu bees yi ak li ñu xaatim ca Maputo.	بدلا من الشروع في مطاردة المثليين وما قد تنتجه من مخاطر ومظالم، دعونا نطالب سلطاتنا بتوضيح مواقفها الغامضة بشأن النوع الاجتماعي، وبشأن الحقوق والواجبات الجديدة وما صدقت عليه في مابوتو.	Au lieu de se lancer dans la chasse aux homos avec tous les risques de débordements, d’excès et d’illégalité, exigeons de nos autorités une clarification de leurs positions ambiguës sur le GENRE, les droits nouveaux et la ratification du Protocole de Maputo, par une sanctuarisation constitutionnelle de l’interdiction de l’homosexualité.	mafand	Senegalese News (MAFAND)
wo-ar-0758	Xanaa nekkul ne ci jafe-jafe ngay xamee say xarit?	أليس في الشدائد تتعرف على أصدقائك؟	N’est-ce pas dans le besoin qu’on reconnait ses amis?	mafand	Senegalese News (MAFAND)
wo-ar-0178	Dooleel leen mbooloo ak kurél yiy xeex Koronaa yépp te fexe ba ni ñuy rootee ay koppar ak ni ñu koy jëfandikoo daldi leer.	ادعموا الجمعيات والحركات التي تكافح ضد كورونا وإرساء الشفافية والوضوح في جمع الأموال وكيفية إنفاقها.	Appuyer les associations et les mouvements de lutte contre le covid-19 et établir une transparence, une visibilité sur la collecte de l’argent et sur toutes les dépenses effectuées.	mafand	Senegalese News (MAFAND)
wo-ar-0188	Waa Arabie Saoudite ñoom dañoo wàññi seeni njëgi njuréef, waa USA ñëw bokksi ci waxtaan wi.	وخفضت المملكة العربية السعودية أسعار إنتاجها، وانضمت الولايات المتحدة إلى المناقشات.	La Russie refuse de suivre l’OPEP pour une baisse référencée des prix du pétrole, l’Arabie Saoudite se braque en appliquant une baisse sur les prix de sa production et les USA s’invitent aux discussions entre les deux pays.	mafand	Senegalese News (MAFAND)
wo-ar-0351	Fi mu tollu Anàmbe, di gox bu nekk ca bokk moomeel bu Koldaa, ci mettit ak njàqare la nekk.	في الوقت الحالي يسود الحزن والألم في قرية أنامبي التابعة لبلدية كولدا.	Pour l'heure, c'est la tristesse et l'émoi à Anambé village situé dans le département de Kolda.	mafand	Senegalese News (MAFAND)
wo-ar-0250	Jigéen moom ak lu mu mën a jiite, jigéen rekk lay doon.	المرأة تبقى امرأة مهما كان منصبها.	Une dame est toujours directrice jamais directeur.	mafand	Senegalese News (MAFAND)
wo-ar-0429	Lu jëm ci woroo bi am ci lim bi ñu wax ci lempo bi nuy dagg ci pay gi, balluwaayu xibaar bi leeral na ne lempo bi nguur gi gàll ci nit ñi, mu ngi aju ca ndombo tànk ya ñu am ca Péncu Ndawi réew ma.	وفيما يتعلق بالاختلاف في رقم ضريبة الدخل، يشير مصدر الخبر إلى أن الضرائب التي تفرضها الحكومة على الناس تعتمد بطبيعة الحال على مناصب النواب في الجمعية الوطنية.	S'agissant de la différence des chiffres sur l'impôt sur le revenu, notre source précise que l'imposition fiscale dépend naturellement des postes de responsabilité à l'Assemblée.	mafand	Senegalese News (MAFAND)
wo-ar-1074	Ci yéenekaayu Kritik bu gaawu 25 sulet, Doktoor Buso mu ngi ñuy xamal ne : dëgg-dëgg am xaalis lu jamp la.	"علمنا الدكتور بوسو في صحيفة ""كريتيك"" الصادرة يوم السبت 25 يوليو أن: واقع الحصول على الأموال أمر ملح."	Dans le journal Kritik’ du samedi 25 juillet, Dr Bousso nous dit : il y a vraiment urgence à pouvoir disposer de fonds .	mafand	Senegalese News (MAFAND)
wo-ar-0599	Bu dee sax tàmbalib joŋante ba doyoon a waar ba Origi njëkke dugal ginnaaw njuumteg Alba (benn ci dara, juróom-ñaareelu simili), Katalaŋ yi mujje nañu tiye futbal bi ci seeni loxo.	ورغم أن بداية المباراة كانت غريبة وافتتح أوريجي التسجيل بعد هفوة من ألبا (هدف مقابل لاشيء، الدقيقة السابعة)، إلا أن الفريق الكتالوني استعاد السيطرة على المباراة.	Et malgré une entame de match folle, qui voyait Origi ouvrir le score après une bourde défensive d’Alba bien exploitée (1-0, 7e), les Catalans reprenaient rapidement le contrôle des opérations.	mafand	Senegalese News (MAFAND)
wo-ar-0473	Ku gis wuuteb wàll yiy joŋante, xam ne seen mën-mën yi ay jalloore yu ndaw lañu (Lewandowski bokk na booba ca futbalkati Bayern)	من يرى الفارق بين الفريقين، يعرفْ أن أداءهما إنجاز صغير (ليفاندوفسكي كان بالفعل في صفوف بايرن).	Des performances qui, au vu de la différence de niveau intrinsèque des deux équipes (Lewandowski était déjà dans les rangs du Bayern) constituait déjà un petit exploit.	mafand	Senegalese News (MAFAND)
wo-ar-0557	Gaynde nga!	أنت أسد!		MasakhaNER	Senegalese News (MasakhaNER)
wo-ar-0065	Fàww jigéen ñi ñu gën leen a dooleel.	لا بد من تمكين المرأة بشكل أكبر.	Désormais, il faut que les femmes soient plus responsabilisées, qu’elles portent des idées et pilotent des projets de développement.	mafand	Senegalese News (MAFAND)
wo-ar-0106	ab jàngalekat ci wàllu xel ak xelal dund na ag wàññikug ñaari téeméer ak fanweeri junni ak juróomi téeméer (230.500) ci Seefaa payoor gu waroon a nekk juróom-ñetti téeméer ak juróom-ñett-fukk ak juróom-ñaari junni (887. 000) ci Seefaa	تعرض أستاذ علم النفس الاستشاري لخصم مبلغ مائتين وثلاثين ألفا وخمسمائة (230.500) سِيفا من راتبه المقدر بثمانمائة وسبعة وثمانين ألف (887.000) سيفا،	Un professeur psychologue conseiller subit une retenue de 230 500 francs sur un salaire imposable de 887 000 francs ;	mafand	Senegalese News (MAFAND)
wo-ar-0450	Moom dëggal na ne koom-koomu Farãas, ca jamonoy nooteel ga, mu ngi wékku woon ci ja yu Senegaal ndax fi lañu doon andi seen njaay mi.	وأَثبتَ حقيقة أن الاقتصاد الفرنسي في الحقبة الاستعمارية كان يعتمد على السوق السنغالية إذا كانوا يجلبون بضائعهم إلى هنا.	Ce dernier fait preuve que l’économie française demeure en partie, comme à l’époque coloniale dans certains de ses segments, dépendante du marché sénégalais, qui constitue pour elle un espace d’écoulement de sa production.	mafand	Senegalese News (MAFAND)
wo-ar-0292	Réal Bétis la témbool, Atlético témboo ak Séville.	تعادل ريال مع بيتيس، وتعادل وأتلتيكو مع إشبيلية.	Le Barcça s’incline mais reste leader malgré tout car le Real et l’Atletico, tous tenus en échec par respectivement le Bétis et le Séville, n’ont pas su profiter du faux des Blaugranas.	mafand	Senegalese News (MAFAND)
wo-ar-0877	loolu la ci teg ak melo wu xoromu, ba tax mbooloo mi daanu ci suuf ak i reetaan.	هكذا أردف بأسلوب فكاهي جعل الحضور ينفجرون ضحكا.	Pour Pape Malick Sy, Aly Ngouille Ndiaye devrait bien animer le Gamou, tant son discours a été fouillé et illustratif, a-t-il commenté sous un ton hilarant qui a fait éclater le public de rires…	mafand	Senegalese News (MAFAND)
wo-ar-0750	Ci widéwoo yooyu, dinaa ci dikkaat ci lu yaatu ci Yoon wiy yéwénal li ñu natt ci koom ci atum 2020 ak céddale gi ñeel at miiy ñëw	في هذه الفيديوهات يلقي نظرة متعمقة على قانون المالية لعام 2020 والتوزيع للعام المقبل.	Il propose ainsi une série de vidéos intitulée Càmbar gafag rewmi dans laquelle il revient en profondeur sur la Loi de finances intiale 2020 et la répartition du budget pour l’année à venir.	mafand	Senegalese News (MAFAND)
wo-ar-0732	Xamal nit ñi li ñu ci war a xam yépp te jaarale ko ci tënk wii: génn leen seen kër yi dem fajuji su fekkee dangeen feebar,	إعلام الناس بما يحتاجون إلى معرفته بشعار: اخرجوا من منازلكم للعلاج إذا كنتم مرضى،	Adopter une bonne communication avec le slogan: Sortez de chez vous si vous êtes malade pour venir vous soigner et bannir le slogan: rester chez vous-même si vous avez les symptômes.	mafand	Senegalese News (MAFAND)
wo-ar-0667	Joŋateb Farãas biy ñëw talaata la juróom-ñetti fan ci weru suweŋ ci digganteem ak Ekos.	ستكون المباراة القادمة للمنتخب الفرنسي ضد اسكتلندا يوم الثلاثاء الثامن من شهر يونيو.	La prochaine rencontre de l’équipe de France aura lieu mardi 8 juin contre l’Ecosse.	mafand	Senegalese News (MAFAND)
wo-ar-0908	Ci àksidaŋ yi am ci yoon wi, def nanu ci juróomi junni ak téeméer ak ñaar-fukk ak juróom-ñeent (5129) yu am fukki junneek ñaar ak ñetti téeméer ak juróom-ñaar-fukk ak juróom-ñeenti nit yu ci bokk (12 379), ñaar téeméer ak juróom-fukk ak juróom-ñaari nit (257) faatu nañu ci, loolu la kilifa gi Jéen Ngom xamle, moom mi bokk ci xaaj bi nekk ci saytu yi, ci rajo Rfm.	أعلم القائد جيين انغوم الذي يشارك في الجزء المسؤول عن التحيقيق في Rfm أن فيما يتعلق بالحوادث المرورية، فقد خصصوا لها خمسة آلاف ومائة وتسعة وعشرين (5129)، شارك فيها اثنا عشرألفا وثلاثمائة وتسعة وسبعون رجلا (12379)، وبلغ عدد الوفيات مائتين وسبعة وخمسين شخصا.	Pour les accidents de la circulation, nous avons effectué 5 129 sorties faisant 12 379 victimes dont 257 pertes en vies humaines, a fait savoir le capitaine Diène Ngom de la Division des opérations, sur la Rfm.	mafand	Senegalese News (MAFAND)
wo-ar-0771	Réew mi mën naa dox ak keneen ndax campeef yi mu fi teg wala yi mu gën a dëgëral,	يمكن للدولة أن تتحرك مع شخص آخر لأن المؤسسات التي أنشأها أو ساعد على تقويتها قوية جدا،	Se passer de lui parce que les institutions qu’il aura mises en place ou contribué à renforcer sont si solides que lui-même ne soit pas indispensable pour la stabilité du pays qu’il a eu l’insigne honneur de diriger.	mafand	Senegalese News (MAFAND)
wo-ar-0550	Ki yore kàddu gi, Masayeer Sàmb, Pastefu Kebemeer, nee na àllarba fukki fan ci weeru suweŋ atum 2020 lañu jàppoon ba tënk ko ak waa mbalkam deret ca Luga.	قال مسيير سامب المسؤول عن الإعلام في باستف كيبيمر إنه تم اختيار يوم الأربعاء العاشر من يونيو 2020 والاتفاق عليه مع بنك الدم في لوغا.	D’après le chargé de communication, Massaer Samb, de Pastef Kebemer: La date du Mercredi 10 Juin 2020 était retenue et validée en parfaitement collaboration avec le Banque de Sang de louga.	mafand	Senegalese News (MAFAND)
wo-ar-0609	Saa su ne dafay def te xoolu ci dara.	ويعمل دائما دون أن يتوقع شيئا من الآخرين.	Et c’est toujours sans rechercher la lumière -surtout pas- qu’il oeuvre pour le développement de son village d’origine, Bambali, au sud-ouest du pays.	mafand	Senegalese News (MAFAND)
wo-ar-1064	Ndaxte dañu yaakaar ne muuraake ngir waa kër Sónko yi te war leen ko teree lekk ?	لأنهم يعتقدون أن العطية لأنصار سونكو ويجب منعهم من أكلها؟	parce qu'on pense que c'est du pain béni pour les partisans de Sonko et qu'il faut empêcher de croquer ?	mafand	Senegalese News (MAFAND)
wo-ar-0833	Kujje gi ?	المعارضة؟	L'opposition?	mafand	Senegalese News (MAFAND)
wo-ar-0327	Te dafa dem ba mënatul a ñàkk ndax saa su futbalee rekk da doon defi ay mbir, donte sax daawul bokk ci yenn joŋante yi.	وأصبح لا غنى عنه لأنه في كل مرة كان يلعب فيها كان يقوم بأشياء حتى ولو لم يكن يلعب في بعض المسابقات.	Et puis il est rapidement devenu indispensable parce qu’à chaque fois qu’il jouait, même s’il manquait parfois quelque chose, il créait des trucs!	mafand	Senegalese News (MAFAND)
wo-ar-0284	Xanaa li mu nekk goro njiitu réew mi.	السبب بالطبع هو أنه صهر رئيس الجمهورية.	Quel est le mérite de Mansour FAYE pour occuper un Ministère qui gère 253 590 705 497 FCFA du budget national, si ce n’est le fait d’être le beau-frère du président de la République.	mafand	Senegalese News (MAFAND)
wo-ar-0792	Su ñu sukkandikoo ci Libération, ki doon dawal BMW bi, Mamadu Jóob te mu am fukki at ak juróom-ñeent amul këyit giy firndeel ne war naa mën a dawal daamaar.	ووفقا لليبراسيون لم يكن لدى سائق سيارة BMW، ماماد ديوب، البالغ من العمر تسعة عشر عاما رخصة قيادة.	Le conducteur de la BMW, Mamadou Diop, âgé de 19 ans, n’avait pas de permis de conduire, révèle Libération.	mafand	Senegalese News (MAFAND)
wo-ar-0608	Ci lu jàmp lañu yebal Le Drian ca Abijãa ngir mu fàttali njiitu réewu Kódiwaar ne dafa war a sàmmoonteek li mu dige woon te dàq joŋanteg pal ga ndax mu mën a am ku mu samp.	تم إرسال لودريان على الفور إلى أبيدجان لتذكير رئيس ساحل الحاج بضرورة احترام التزاماته وتأجيل الانتخابات من أجل إيجاد مرشح.	Le Drian est immédiatement dépêché à Abidjan, pour rappeler au président ivoirien qu’il devait respecter ses engagements et reporter les échéances électorales afin de trouver un autre candidat.	mafand	Senegalese News (MAFAND)
wo-ar-0881	Taxaw ci yégle yeek yee askan wi jaare leen ciy nataal yu mag ak yu ndaw yuy wane matukaay yi jëm ci nekkinu gaar mbas mi.	الالتزام بالإخبار والتوعية من خلال صور كبيرة وصغيرة التي تعرض تدابير تهدف إلى وضع حد للجائحة.	Exiger le passage au thermoflash devant les amphithéâtres et les salles de T. D;Renforcer le service de sécurité dans les campus sociaux chargé de limiter le surpeuplement dans les chambres avec le fameux système de clandotage;Mettre l’accent sur l’information et la sensibilisation par le biais des affiches, flyers, panneaux publicitaires à propos des mesures barrières;Revoir le découpage du calendrier universitaire pour le reste de l’année et adapter le quantum horaire aux réalités de la pandémie;Penser à un programme minimal en mettant l’accent sur les chapitres essentiels majeurs selon le quantum horaire à couvrir, comme c’est le cas avec les classes de Terminales dans le cycle secondaire;Combiner le présentiel avec l’enseignement à distance: privilégier les enseignements à distance pour les cours magistraux et maintenir les TD et TP en présentiel;Multiplier les groupes de TD et de TP pour éviter les classes pléthoriques, surtout au niveau des L1, L2 et L3, dans les établissements où les infrastructures pédagogiques le permettent.	mafand	Senegalese News (MAFAND)
wo-ar-0997	Waxtoom wépp ak dooleem jépp, dafa ko def ci wasaare làkki réew mi.	قد كرست كل وقتها وطاقتها لنشر اللغات الوطنية.	Tout son temps et son énergie, elle les a consacrés à vulgariser les langues nationales.	mafand	Senegalese News (MAFAND)
wo-ar-0269	Lépp la ba mu des futbal.	نعم لكل شيء إلا كرة القدم.	C'est tout sauf du football.	mafand	Senegalese News (MAFAND)
wo-ar-0058	Mu doonoon lu Sëriñ Muntaqaa nangu woon a dalal, ba tax mu def ab seede bu am solo ci Soxna Ayda Jàllo ci jile wax.	لقي هذا استحسانا من قبل سَرِينْ مُنتقى؛ ولهذا السبب أدلى بشهادة مؤثرة عن سُخْنَ أَيْدَ دِيَالُو في هذا القول.	Ce qui a été bien accueilli par Serigne Mountakha qui a fait un émouvant témoignage sur Sokhna Aïda Diallo dans cet audio.	mafand	Senegalese News (MAFAND)
wo-ar-0256	Moom moo wuutu Wàdd ci njiiteefu jëwriñ yi ñetti at yii weesu.	وخلفَ وَادْ كرئيس الوزراء على مدى السنوات الثلاث الماضية.	Il devient le prolongement de l’exécutif de Wade à la primature trois ans durant et donne vie aux chantiers restés alors en inertie jusqu’ici.	mafand	Senegalese News (MAFAND)
wo-ar-0315	Waaye, tey, tele yi, rajo yi, lënd gi, yéenékaay yi dañoo bare lool.	لكن اليوم، أصبحت أجهزة التلفزيون والراديو والإنترنت والعروض الموجزة للصحف كثيرة جدا.	Waaye, tey, tele yi, rajo yi,anternetbi, yéenekaay yi dañoo bare lool.	mafand	Senegalese News (MAFAND)
wo-ar-0946	Ci atum 2015, ci wetu Bild : donte neex na ma, bëgguma ko soppi, wala ma nekk ndonol Pep.	في عام 2015، في عمود بيلد: على الرغم من إعجابي به، فلا أريد أن أقلده أو أكون إرث بيب.	En 2015 dans les colonnes de Bild: Même si je l'admire, je ne veux pas le copier ou être un clone de Pep.	mafand	Senegalese News (MAFAND)
wo-ar-0282	Li ñu mën a gis benn pàcc la rekk ci rafet-rafetal, waaye léppi yég-yég dafa mat.	ما نراه ليس سوى جزء من الفن، ولكن الشعور بكامله مكتمل.	Le réel est une partie de l’art, le sentiment complet .	mafand	Senegalese News (MAFAND)
wo-ar-0914	Ngir yóbbu seen i doom ci bérébi njàngale mu kawe mi, ay way-jur, dinañu dajale xaalis ci diiru ay at yu bare, wala ñu ame ay bor.	يقوم الوالدان بجمع المال لسنوات عديدة أو استدانته لإرسال أبنائهم إلى الجامعة.	Pour envoyer leurs enfants à l’université, des parents doivent souvent économiser durant de nombreuses années ou s’endetter.	mafand	Senegalese News (MAFAND)
wo-ar-0606	Lu weesu wax ab taaram, mën nañu laaj ban digaale la rafetaay bi nataalkat yi sàkk séq ak taaru mbir yu rafet yi, wala taaru xale bu jigéen ?	وبصرف النظر عن الحدث عن جماله، يمكننا أن نسأل ما علاقة الجمال الفني بجمال الأشياء الجميلة، أو بجمال فتاة؟	En dehors de cette complexité à définir la beauté, on peut se demander quel rapport le beau artistique entretient-il avec la beauté des belles choses, d’une belle jeune fille ?	mafand	Senegalese News (MAFAND)
wo-ar-0095	ndeke bérébu liggéeyukaay bii di Clément, te mu jagoo wàllu wér-gi-yaram, joxoon nanu ko liggéey bi ngir mu xoolaat ko ci jëmmi FSD, la sunu xibaar yi dëggal.	بينما تم تكليف شركة Clément، المتخصصة في المجال الطبي، بمراجعة المشروع نيابة عن FSD، هذا ما تؤكده مصادرنا.	Les négociations des Termes d’Engagement avec la société VAMED, en appui à la CNSS sont en cours, alors que le cabinet Clément, spécialisé dans le domaine médical, a été mandaté pour faire la revue du projet pour le compte du FSD, confirment nos sources.,	mafand	Senegalese News (MAFAND)
wo-ar-0923	Jamono joo xam ne, njiiti réew yi am fulla te fonk seen i askan ñoo ngi xool nu ñuy leen di dooleelee, di wër lopitaal yeek ndefar yiy liggéey mask yi,	في وقت يبحث فيه الرؤساء الجادون والمهتمون بشعوبهم عن كيفية تقويتهم، ويتجولون في المستشفيات ويصنعون ما يصنع الأقنعة، أنت جالس في صالونك،	Jamono joo xam ne, njiiti réew yi am fulla te fonk seen i askanñoo ngi xool nu ñuy leen iy dooleele,di wër loppitaan yi ak ndefar yiy liggéey mask yi, nga ne déjj déjjaaral ci sab saal, di lido’’ ak say doom, naan ñakk bi nii, ñakk bi naa ak di saraxu ñubaal lab bor…Xéy bés rekk ne, damay faral àntarpiriis yi 200i milyaar ci seen lempo.	mafand	Senegalese News (MAFAND)
wo-ar-0482	Ca dëgg-dëgg, ay boroom doole yu kenn mënul a teg bët te seeni yitte di jàll balaa yu askan wi, ñooy nas di nocci ak a dogal.	في الواقع، هذه القوى الخفية التي تتقدم مصالحها على مصالح الشعب، هي التي تتحكم في خيوط اللعبة وصانعة القرار.	En réalité ces forces occultes dont les intérêts passent avant ceux des populations, tirent les ficelles et sont les véritables décideurs.	mafand	Senegalese News (MAFAND)
wo-ar-0082	Joŋanteb raaya njukkal Afirig dina dox ci diggante ñaar-fukki fas ak benn neexalu 5 milyoŋi Cfa bu ñu teg.	سيتنافس عشرون حصانا في سباق جائزة النهضة الأفريقية للنيل على مكافأة قدرها 5 ملايين سيفا.	Le grand Prix de la renaissance africaine va opposer vingt chevaux et une enveloppe de 5 millions de Cfa est mise en jeu.	mafand	Senegalese News (MAFAND)
wo-ar-0433	Te xam nan ne ñoom, njariñ ñàkku leen cee nekkal.	وهم يعرفون أن هذا لا يخلو من فائدة لهم.	Et savoir qui ils/elles sont n’est pas sans quelques intérêts.	mafand	Senegalese News (MAFAND)
wo-ar-0982	cim réew moo xam ne, ñi seen malaanum kiiraayu demlantem réew yi, wala mu péncum ndawi réew mi aar, ñoo ngi koy jëfandikoo, di ñu sàcc,	في بلد يستغل فيه الذين تحميهم حصانتهم الدبلوماسية أو البرلمانية لسرقتنا،	Évidemment, dans un pays où le voleur de nettetou est emprisonné, dans l’attente d’un jugement, alors que ceux qui sont protégés par leur immunité diplomatique ou parlementaire s’arrogent le droit de nous spolier, il n’est pas normal de s’en offusquer.	mafand	Senegalese News (MAFAND)
wo-ar-1083	benn doktoor ngir juróom-fukki junney nit ag juróom-ñeent yu dëkk ci benn béréb bi.	طبيب واحد لكل تسعة وخمسبن ألف شخضا.	Les statistiques parlent d’elles même : 1 médecin pour 59 000 hab.	mafand	Senegalese News (MAFAND)
wo-ar-0460	Ay waxtu nit ñi di ko nekk ci néguwaayi daamar yi te duñu gis benn bis,	يقف الناس ساعات في محطات الحافلات دون باص،	des heures dans les arrets sans bus et on se permet d'acheter un avion de plus 60 milliards pour une seule personne et sa famille sans avertir le peuple ni l'assemblée nationale .	mafand	Senegalese News (MAFAND)
wo-ar-1254	Wooteel am ndaje mu yaat	قم بالدعوة لعقد مؤتمر كبير،	Appelle à un Congrès ou tu verras des listes parallèle ???	mafand	Senegalese News (MAFAND)
wo-ar-1061	Loolu la jëwriñ ji yore gafag réew mi, Abdulaay Daawuda Jàllo, wax àjjuma bi muy layal naalu yoon n° 07/2021 bi soppi yoon n°81-52 bu 10 sulet 1981 te aju ci tëralinu payoori takk-der yeek ñi ko nekkul te àllaterete.	هذا ما قاله وزير المالية والميزانية، عبد الله داوود جالو، يوم الجمعة أثناء دفاعه عن مشروع القانون رقم 07/2021 المعدل للقانون رقم 81-52 المؤرخ 10 يوليو 1981 المتعلق بقانون المعاشات التقاعدية العسكرية والمدنية.	Cet avion a coûté la somme de 57 447 235 356 francs CFA et l'acquisition a été budgétisée dans les lois de finances initiales de 2019, 2020 et 2021, a déclaré le ministre des finances et du budget, Abdoulaye Daouda Diallo qui défendait, ce vendredi, le projet de loi n°07/2021 modifiant la loi n°81-52 du 10 juillet 1981 portant code des pensions civiles et militaires de retraite.	mafand	Senegalese News (MAFAND)
wo-ar-0377	Su ñu sukkandikoo ci kilifay Sonatel yi, ci gunge nasub pexem xarala bi ñu naan « Sénégal numérique 2025 » ngir fexe ba xarala yu yees am njeexital ci askan wi ak ci jumtuwaay yi, Këru liggéeyukaay gii di Orange teg na juróomeelu jeego ngir indi ci ay coppite.	"أطلق المشغل أورانج الفصل الخامس للتغيير الذي يعد، وفقا لمسؤولي سوناتل، جزء من استراتيجية ""السنغال الرقمي 2025"" التي تهدف إلى جعل التكنولوجيا الجديدة تؤثر في الشعب والآلات."	L’opérateur Orange a lancé son acte 5 de la révolution numérique qui s'inscrit, selon les responsables de la Sonatel, dans le cadre de l'accompagnement de la stratégie ‘Sénégal numérique 2025’ visant à réduire le volet social et technologique de la fracture numérique.	mafand	Senegalese News (MAFAND)
wo-ar-0878	Wàcce, ak leeral tolluwaay deppãasu askan wi, moo nekk, kon li waral ñu xaajale koom-koom gi ci ay tëralin.	اللامركزية، وتوضيح الإنفاق العام هما السببان في توزيع الموارد إلى برامج.	La déconcentration ou transfert de l’ordonnancement, en clarifiant l’imputabilité de la dépense publique, est donc la conséquence logique de la budgétisation par programmes.	mafand	Senegalese News (MAFAND)
wo-ar-0751	Ginnaaw gi, liggéey na ci kuréel yu wuute yoo xam ne fa la jàngee lépp lu aju ci wàllum xarala.	ثم عمل بعد ذلك في ورش عمل مختلفة تعلم فيها كل شيء عن المعلوميات.	Il a par la suite travaillé dans différents ateliers où il a appris les rudiments de l'informatique.	mafand	Senegalese News (MAFAND)
wo-ar-0332	Waaw, nit ñi li ñu leen jàppee mooy càcc, njaayum yàmbaa, def lu defuwul ak yu deme noonu.	نعم، تم القبض على أفراد بتهمة السرقة، والاتجار بالقنب الهندي، والتشرد وغير ذلك.	En effet, les individus ont été appréhendés pour les chefs de prévention de vol, trafic de chanvre indien, vagabondage entre autres.	mafand	Senegalese News (MAFAND)
wo-ar-0895	Ca Farãas, aw yoon ci jubbanti koppar yeek wenn yoon wu mënul a xaar ngir jàkkaarlook mbasum Koronaa mi, wote nañu ko, gannaaw ñaari fani waxtaan ca Senat ba.	تم إقرار قانون المالية المعدل وقانون الطوارئ للتعامل مع وباء كورونا في فرنسا بعد يومين من المناقشات في مجلس الشيوخ.	En France, une loi de finances rectificative et une loi d’urgence pour faire face à l’épidémie du Covid-19 ont été adoptées après deux jours de discussions au Sénat.	mafand	Senegalese News (MAFAND)
wo-ar-1190	li waral jëf ji dëgg, mooy ne dafa am ñenn ñu ñu bëggoon ñu doxe ci am xaalis bu bare.	وأن السبب الحقيقي هو وجود أشخاص أرادوا منهم أن يكسبوا الكثير من المال.	Cependant, la manière dont l’opération a été menée a révélé que l’objectif ainsi déclaré n’était qu’un prétexte et que le soubassement véritable était un projet planifié d’enrichissement de particuliers.	mafand	Senegalese News (MAFAND)
wo-ar-1117	Ci dëmi-finaalu dellusi bu Ligg-dee-sàmpiyoŋ bi, Liverpool moo doon dalal ci màkkaanam bile di Anfield ekibu Barcelone mi jëloon ndam la ci ñetti bit ci dara, bi mu ko fekkee dëkkam.	في إياب نصف النهائي من دوري أبطال أوروبا، استقبل ليفربول في ملعبه أنفيلد فريق برشلونة الذي فاز بنتيجة ثلاث أهداف مقابل صفر في مباراة الذهاب.	Pour la première demi-finale retour de la Ligue des Champions, Liverpool accueillait dans son antre d’Anfield le FC Barcelone, victorieux 3-0 à l’aller.	mafand	Senegalese News (MAFAND)
wo-ar-0757	Noo ngi xaar ak yàkkamti beneen teg-dóor bu Senegaal.	ننتظر بفارغ الصبر ركلة جزاء أخرى للسنغال.	On attend avec impatience le prochain penalty pour le Sénégal….	mafand	Senegalese News (MAFAND)
wo-ar-1096	Mëneesul a ñàkk a tudd réewum Ërob mi mujj a jël ndamal joŋanteb dénd ba.	من المستحيل عدم ذكر آخر دولة أوروبية فازت بالبطولة.	Impossible de ne pas citer le champion d’Europe en titre.	mafand	Senegalese News (MAFAND)
wo-ar-0739	Ci loo xam ne waru ko, ab jëwriñ ci nguur wax na ne ki fi nekkoon njiitu réew mi moo jël raw kàddu gi ci wote yi.	قال وزير في الحكومة إن من كان الرئيس قد فاز في الانتخابات في خطوة لم يكن ينبغي له أن يقوم بها.	Sans abstention, un ministre du gouvernement proclame les scores de l’élection en déclarant le candidat sortant vainqueur.	mafand	Senegalese News (MAFAND)
wo-ar-1040	Ngir SOFICO SA;	لصالح SOFICO SA؛	bien au contraire cet arrêt confirme le rejet de l’homologation au motif que les contestations de la famille constituent des obstacles empêchant toute homologation: que la présente instance en homologation ne peut s’accommoder de contestation pouvant affectant l’intégrité de l’accord des parties; qu’en définitive il échet pour ces motifs de confirmer le jugement attaqué;SOFICO SA et CFU SARL, malgré tout ce qui précède et nonobstant les mentions du livre foncier, sont les seuls détenteurs des droits sur la créance (La créance est non seulement virtuelle, mais encore, la CFU n’est pas partie à l’accord avec les familles Ndoye et consorts).	mafand	Senegalese News (MAFAND)
wo-ar-0060	Bànqaasu jokkoo bu ndaw ñi fonk Senegaal-JP.	وحدة الإعلام للشباب الوطني في السنغال - جي بي.	Débattons sereinement ! Cellule Communication de la Jeunesse Patriotique du Sénégal-JP.	mafand	Senegalese News (MAFAND)
wo-ar-0252	Waaye benn taataanuwaayu xibaar bu jege kuréeli koomi péncum ndawi réew mi, seen xalaat dafa safaanoo ak loolu.	لكن مصدرا آخر، مقرب من اللجنة المالية في الجمعية الوطنية، يرى خلاف ذلك.	Mais, une autre source, proche des services financiers de l'Assemblée nationale, pense le contraire.	mafand	Senegalese News (MAFAND)
wo-ar-0479	Liga : joŋante bu njëkk bu Musaa Wage ak Bàrsaa yombul woon,	الليجا: كانت المباراة الأولى لموسى واغي مع برشلونة صعبة،	Liga :La première de Moussa Wagué avec le Barça cette rencontre a été difficile mais la victoire est là.	mafand	Senegalese News (MAFAND)
wo-ar-0925	Xëy bés rekk ne, damay fayal àntarpiriis yi ñaari téeméeri milyaar (200) ci seen juuti.	وأصبحتَ يوما وتقول إني سأدفع للشركات 200 مليار مقابل ضرائبها.	Jamono joo xam ne, njiiti réew yi am fulla te fonk seen i askanñoo ngi xool nu ñuy leen iy dooleele,di wër loppitaan yi ak ndefar yiy liggéey mask yi, nga ne déjj déjjaaral ci sab saal, di lido’’ ak say doom, naan ñakk bi nii, ñakk bi naa ak di saraxu ñubaal lab bor…Xéy bés rekk ne, damay faral àntarpiriis yi 200i milyaar ci seen lempo.	mafand	Senegalese News (MAFAND)
wo-ar-0395	Mbirum ndem-si-yàlla àttekat bi di Sàmba Sàll mooy ñaareelu kómpoloo ngir askan wi.	قضية القاضي الراحل سامب سال هي المؤامرة الثانية ضد الشعب.	Le cas du juge feu samba sall est un 2e complot pour le peuple	mafand	Senegalese News (MAFAND)
wo-ar-0940	Ndeke siifeb njaay mi ci yoon, ngir mu jaar yoon, laaj na takku,	إلا أن عقد البيع في القانون لكي يكون صحيحا يتطلب الإرادة،	Or le contrat de vente en droit pour être valable suppose certes une volonté mais surtout une volonté éclairée exempte de vices rédhibitoires telle que l’ignorance par le vendeur de l’objet et de l’étendue de la chose à céder.	mafand	Senegalese News (MAFAND)
wo-ar-0441	SENELEC, waa Senegaal a ko moom, dañoo soxla ñu leeralal ñu, te du ci kuraŋ bi doŋŋ.	شركة Senelec مملوكة للسنغاليين، ونحتاج منهم أن يوضحوا لنا ليس فقط ما يتعلق بالكهرباء.	La Senelec appartient aux Sénégalais, on a besoin d’être éclairés et pas seulement en électricité.	mafand	Senegalese News (MAFAND)
wo-ar-0909	Ndimbal li dafa war a ñagu,	ينبغي أن تكون المعونة محمية،	L’offre doit se tropicaliser de même que celle de micro-assurance doit absolument s’étoffer afin d’atteindre ceux qui aujourd’hui sont exclus du fait de la faiblesse de leurs revenus, alors même qu’ils demeurent les plus vulnérables.,	mafand	Senegalese News (MAFAND)
wo-ar-1065	Beneen joŋante bu ndam demul, dikkul, bu baaxul ci ñoom ndaxte dañu sore ci raŋ gi.	انتهت المباراة بتعادل آخر وهو ليس في صالحهم لأنهم متأخرون في الترتيب.	Encore un match nul qui ne les arrange pas du tout car distancé par le peloton.	mafand	Senegalese News (MAFAND)
wo-ar-0456	Ngir ñu nangu baaxaayu këyiti ñépp ñi fas-yéene bokk ci palum njiitu réew mi, yoy Loraŋ Bakbóo ak Giyóm Sóro sax ci lañu bokk.	حتى نقبل صلاحية ورقة جميع الأشخاص الذين ينوون الترشح للانتخابات الرئيسية؛ومن بينهم لوران غباغبو وغيلوم سورو.	La recevabilité de toutes les candidatures, y compris celles de Laurent Gbagbo et de Guillaume Soro.	mafand	Senegalese News (MAFAND)
wo-ar-0597	Njàqare bu am Niseriyaa, ci misaal mu bawoo ci wàccu njëgu petorol ba, te réew yépp mën cee dugg, bu fekkee ni sax amoon nañu lu baax, loolu la liggéeykatu bànk bu xam dëkk boobu gaaral.	ويشير أحد المصرفيين الذين يعرفون المنطقة جيدا إلى أنه إذا حدثت أزمة في نيجيريا على سبيل المثال بسبب انخفاض سعر النفط، يمكن لجميع الدول أن تنجرف إلى الأسفل، حتى وإن كانت لديهم أشياء جيدة.	Qu’une crise survienne au Nigeria, par exemple à cause d’une baisse des revenus du pétrole, et c’est l’ensemble des pays membres qui seront entraînés par le fond, même s’ils ont été parfaitement vertueux…, relève un banquier qui connaît bien la région.	mafand	Senegalese News (MAFAND)
wo-ar-0744	Ca Guinée Bissau ak ca Niger daanaka yeksi nañu ci.	في غينيا بيساو وفي النيجر أوشكنا على الوصول إلى هناك.	En Guinée Bissau comme au Niger, nous y sommes presque…Nous espérons que ce vent de changement gagnera le Sénégal en 2024.	mafand	Senegalese News (MAFAND)
wo-ar-1047	Nañu rëy bët tey laaj ay njiit yu réew mi yelloo.	لنكن طموحين ونطالب برؤساء يليق بالدولة.	Soyons ambitieux et exigeons des représentants à la hauteur de notre Nation.	mafand	Senegalese News (MAFAND)
wo-ar-0016	MD : kan moo xamb lile nammteef ngir faral Pastef ?	م.د من الذي أثار هذه الرغبة للنضال من أجل باستيف؟	MD : Qu’est ce qui a déclenché cette envie de militer pour Pastef ?	mafand	Senegalese News (MAFAND)
wo-ar-0124	Ismayla Saar dafa war a des ci wetu ndeyjoor gi, niki ca fa muy futbale ngir mu dundal taxawaayam.	يجب أن يبقى إسماعيل سار على الجانب الأيمن كما هو الحال في النادي لأن يتألق.	Ismael sarr doit rester à droite comme en club pour garder ses réflexes.	mafand	Senegalese News (MAFAND)
wo-ar-1005	Sa doom ji dafa bëgg a sukkandiku ci yaw ngir nekk Njiit.	يريد ابنك أن يعتمد عليك ليكون رئيسا.	Ton fil ne veut pas s'émanciper et il veut compter sur toi pour etre président.	mafand	Senegalese News (MAFAND)
wo-ar-0475	Moo nekkoon bu njëkk may gis samay maam ak samay doomi nijaay ak bàjjen,	كانت هذه هي المرة الأولى التي أرى فيها أجدادي وأبناء خالي وعمي،	C’était la première fois que je voyais mes grands-parents et mes cousins et c’était un choc de voir comment les gens vivaient là-bas.	mafand	Senegalese News (MAFAND)
wo-ar-1171	Soxlawuñu lu dul nit ku bëgg a jàppale aw askanam.	لا نحتاج إلا لشخص يريد أن يدعم شعبه.	Un homme qui veut soutenir sa population on n'en demande pas plus.	mafand	Senegalese News (MAFAND)
wo-ar-0602	Te jaadug jigéen ñi di am ay cër ci kuréli pólótig yi dina mën a doon ab laajte bu taxaw.	وقد تكون مسألة شرعية تولي المرأة مناصب في الأحزاب السياسية موضع تساؤل.	Les détracteurs de cette cause me diront que c’est contre-productif et que la question de la légitimité des femmes à occuper des postes dans les partis politiques pourra alors se poser.	mafand	Senegalese News (MAFAND)
wo-ar-0353	Su ñu sukkandikoo ci kàdduy Maki Sàll, ngir yolamal ndànk-ndànk dogal yi ñu jëloon ca njëlbeen, dañu mujj jàng di dund ak doomu jàngoro ji, fexe ba kenn ku ne sa doxalin méngook ni mbas mi tëddee.	من خلال التخفيف التدريجي للتدابير المتخذة في البداية، على حد تعبير ماكي سال، تعلمنا التعايش مع الفيروس، من خلال تكييف سلوكنا الفردي مع تقدم المرض.	Il a fallu alors, par un assouplissement progressif des mesures prises au départ, apprendre à vivre en présence du virus selon les propres termes du président Macky SALL en adaptant nos comportements individuels et collectifs en fonction de l’évolution de la maladie.	mafand	Senegalese News (MAFAND)
wo-ar-0936	néewaayu koom gi yées ñett ci téeméer boo jël ci li réew mi am ci at mi yépp (PIB) bi (3%),	عجز الميزانية أقل من ثلاثة بالمائة (3%) من الناتج المحلي الإجمالي (PIB)،	Une condition sine qua none fixée aux pays souhaitant faire partie de la future zone monétaire est la satisfaction des critères dits de convergence :– Dette publique inférieure à 70% du PIB ;– Déficit budgétaire inférieur à 3% du PIB ;– Taux d’inflation inférieur à 10% ;– Réserves de change couvrant au moins 3 mois d’importation ;– Etc.	mafand	Senegalese News (MAFAND)
wo-ar-0740	Beesal gi am ci pólótig bi dana tax, ci lu wér, ñu dellu ci suñuy xar-baax.	إن التجديد الذي يحدث في السياسة سيقودنا حتما نحو استعادة ممارستنا التقليدية.	Ce renouveau politique, véritable alternative, nous conduira immanquablement vers une reconquête des valeurs républicaines et démocratiques.	mafand	Senegalese News (MAFAND)
wo-ar-0107	ab fajkat dund na ag wàññikug téeméer ak fukk ak juróom-ñaari junni ak téeméer (117. 100) ci Seefaa ci payoor gu waroon a nekk juróom-benn téeméer ak juróom-ñaar-fukk ak ñetti junni (673 000) ci Seefaa ;	وتعرض طبيب لخصم مبلغ مائة وسبعة عشر ألفا ومائة (117.100) سِيفا من راتبه المقدر بستمائة وثلاثة وسبعين ألف (673.000) فرنك،	Un docteur médecin subit une retenue de 117 100 francs sur un salaire imposable de 673 000 francs ;	mafand	Senegalese News (MAFAND)
wo-ar-0613	Ñaar ñi ñu tuumaal dinañu jàkkaarloo, tay, ak njiital àttekat yi.	سيواجه المتهمان عميد القضاة اليوم.	Les deux mis en cause feront face, aujourd'hui, au Doyen des juges.	mafand	Senegalese News (MAFAND)
wo-ar-0160	Ci feneen fi, amoon na Zamalek mi kenn mënul a daane, noon meneen mbooloo mi, waa Angola yi bawoo ci Petro bu Luanda ci mujjantalu joŋante bi.	على الجانب الآخر، كان هناك الزمالك الذي لم يستطع أحد هزيمته، والند اللدود في المجموعة الأخرى، بترو دي لواندا الأنجولي، في المباراة النهائية.	De l'autre, il y avait Zamalek, également invaincu et tombeur de l'autre gros morceau continental, les Angolais de Petro de Luanda, dans le dernier carré.	mafand	Senegalese News (MAFAND)
wo-ar-0467	Dëkkandoom yu ubbeeku, ay xarit yu mu dogool néeg, yu mu bokkal am taax wala ab bérébu jàngukaay ñooy xiifal ni ku nekk ci kasog nguur gu sonn, mu leen di toroxal ni ay defkatu ñaawteef yu mag.	جيران منفتحون، وأصدقاء في الممرات، وزملاء في الجناح أو في الجامعة هم من يضربون عن الطعام في هذه اللحظة كالأشخاص الموجودين في سجن حكومة مريع تهينهم مثل المجرمين الخطيرين.	Ce sont de joyeux voisins de chambrée, de amis couloirs, des camarades pavillon ou de faculté qui se retrouvent en grève de la faim dans les geôles d’un pouvoir aux abois, qui leur réserve le traitement dû aux grands criminels.	mafand	Senegalese News (MAFAND)
wo-ar-0487	Lu dul fukki junniy doomi Senegaal yi dul fay kuraŋ ndax dañu doon ay kilifa yu kawe yu réew mi yor.	باستثناء عشرة آلاف سنغالي لا يدفعون ثمن الكهرباء لأنهم من كبار المسؤولين الذين تتكفل الحكومة برعايتهم.	Sauf pour les 10 000 senegalais qui ne paient pas le courant car etant des hauts fonctionnaires pris en charge.	mafand	Senegalese News (MAFAND)
wo-ar-0526	Doktëer Abduraxmaan Juuf dem na ca boppu Mbootaayu ñiy dugal seeni koppar ci koom-koom bu Senegaal.	تولى الدكتور عبد الرحمن ديوف منصب مدير نادي المستثمرين في السنغال.	Dr Abdourahmane Diouf prend la direction du Club des Investisseurs du Sénégal	mafand	Senegalese News (MAFAND)
wo-ar-0072	Xibaar bi juge Seneweb wone na : ndeysaan, joŋante bi du mën a am suba.	الرسالة الواردة في Seneweb تقول: لسوء الحظ، لا يمكن إقامة المباراة غدا.	Le message reçu à Seneweb indique : Malheureusement, le match ne pourra pas se tenir demain.	mafand	Senegalese News (MAFAND)
wo-ar-0934	Lenn lu mënul ñàkk ci réew yiy namm a bokk ci dénd bi ñu jagleel xaalis bi mooy, ñu matale màndargaay tànnéef yi ñu bokk:	من الأمور الضرورية للبلدان الراغبة في الانضمام إلى منطقة العملة هو استيفاء معايير التقارب:	Une condition sine qua none fixée aux pays souhaitant faire partie de la future zone monétaire est la satisfaction des critères dits de convergence :– Dette publique inférieure à 70% du PIB ;– Déficit budgétaire inférieur à 3% du PIB ;– Taux d’inflation inférieur à 10% ;– Réserves de change couvrant au moins 3 mois d’importation ;– Etc.	mafand	Senegalese News (MAFAND)
wo-ar-0064	Looloo tax S. Yakuba, ñu gëm léen, te ñoo ngi gëm képp ku nekk ci béréb bile niki ay gan ndax doxalin wii am na solo.	لهذا السبب، نؤمن بكم يا سيد يعقوب ونؤمن بكل من هم في هذه القاعة كضيوف لأن هذه الديناميكية مهمة.		MasakhaNER	Senegalese News (MasakhaNER)
wo-ar-1050	Senegaal mënul woon a tàmbali joŋanteb àdduna bi bu xale yi amagul ñaar-fukki at (U-20) bu FIFA, Poloñ 2019, nu gën a baax anam yi mu ko defe woon.	لم يكن من الممكن أن تبدأ السنغال بطولة كأس العالم فيفا للشباب تحت عشرين سنة (U-20)، بولندا 2019، بأفضل مما فعلت.	Le Sénégal n’aurait pas pu mieux débuter sa Coupe du Monde U-20 de la FIFA, Pologne 2019.	mafand	Senegalese News (MAFAND)
wo-ar-0904	Ahã kay, kenn ku nekk ak bayaalu suufam, di def li mu mën.	بالطبع، كل واحد ومساحته من الأرض يفعلون ما في وسعهم.	Bien sûr, chacun avec sa parcelle de puissance fait comme il peut.	mafand	Senegalese News (MAFAND)
wo-ar-1029	waaye gépp yokkuteg njëg tekkiwul ne yokkute googu, dafa war sax.	ولكن ليست كل زيادة في الأسعار تعني أن هذه الزيادة ستستمر.	C’est le résultat de phénomènes complexes affectant l’économie, mais toute hausse de prix n’est pas synonyme d’inflation.	mafand	Senegalese News (MAFAND)
wo-ar-0320	Taala Silla dañu ko génne fi kuréelam ki tudd Fal Askan wi nekkoon.	أُخْرج تَالَ سِلاّ من المكان الذي كان يتواجد فيه تحالفه المسماة بفَلْ أَسْكَنْ وِ.	Talla Sylla a été expulsé des locaux qui abrite son mouvement Fal Askan Wi.	mafand	Senegalese News (MAFAND)
wo-ar-0969	Mën-mën yi aju ci xam-xamu lënd gi war nañu leen a yokk.	يجب تطوير المهارات الرقمية.	Les compétences numériques doivent être développées.,	mafand	Senegalese News (MAFAND)
wo-ar-1188	Mu ngi jotale njaalam Gurub Leeral ci tiis bi dal ci kowam.	يتقدم بتعازيه إلى مجموعة ليرال في هذه المناسبة الحزينة.	En cette douloureuse circonstance, il présente ses sincères condoléances au groupe Leral.	mafand	Senegalese News (MAFAND)
wo-ar-1265	Li ñu ñu bëgg a gëmloo mooy, dekere bi ñu jox liggéeykati njiiteef gi du bu baax bi,	ما يريدون منا أن نصدقه هو أن المرسوم الممنوح لعملاء الإدارة مزيف؛	En effet, si, comme ??? il veut le faire croire, le décret remis aux agents de l’administration est un faux, cela voudrait dire que l’autorité de l’Etat et par ricochet celle du Président de la République s’est tellement affaissée que des individus s’autorisent allègrement sous son régime à mettre à la disposition des agents de l’Etat une fausse base de travail (décrets et probablement lois).	mafand	Senegalese News (MAFAND)
wo-ar-0958	Ŋàññ yi askanu Senegaal di def gannaaw bépp nërméel gu desee leer ci ñoom, tax na ba góor ñi ci melo wu ñuul wi, jomu joxe këlëb yi, ak sunu mbooloom tàggatu gi ci réew mi di ci loru ci anamu nattu.	إن الانتقدات التي يقوم بها الشعب السنغالي بعد كل هزيمة مشبوهة، دفعت الرجال باللون الأسود إلى التحلي بالشجاعة للتضحية بالأندية ومنتخبنا الوطني وهم يعانون في الشدة.	La résignation des sénégalais après chaque défaite louche donne aux hommes en noir le courage de sacrifier nos clubs et notre équipe nationale en victimes expiatoires.	mafand	Senegalese News (MAFAND)
wo-ar-1228	Ay tiraayëeri Senegaal ci Caaroy, ci sëg yi!	رماة سنغاليون في ثياروي، إلى المقابر!	Des Tirailleurs sénégalais A Thiaroye, aux cimetières ! Aujourd’hui, 02 décembre.	mafand	Senegalese News (MAFAND)
wo-ar-0568	Bu ñu sukkandikoo ci yéenekaay bii, tënku luwaas bi ak Cmc bu BMW bi wérul.	ووفقا لهذه الصحيفة، فإن عقد الإيجار وCmc لسيارة BMW كانا مزيفين.	Il faudrait aussi jouer la carte de la transparence pour des médecins payés par l’Etat et qui auraient d’autres sources de revenus qui pourraient impacter leur métier.	mafand	Senegalese News (MAFAND)
wo-ar-0524	Waxtaan wi dina dajale ñaari téeméeri nit te téeméer ak juróom-fukk yi jóge ci màkkaani jàngu yi nekk ci diwaan yi.	ستضم المحاضرة مائتي شخص، من بينهم مائة وخمسون شخصا أتوا من مدارس الأقاليم.	Le forum va regrouper au moins 200 personnes dont 150 seront constituées des délégations qui viendront des diocèses.	mafand	Senegalese News (MAFAND)
wo-ar-0125	Doxalinu Machiavel wiy nguur gi waaj a taxawal ci jëfandikoo doole, seetaan ak nootaange ci tëralinu yoon guy gàll way-kujje gi, nar naa indi ay wu kenn dul xaar, rawatina di natt ay yàq-yàqoom.	إن الخطط المكيافيلية التي يعدها هذا النظام في استخدام القوة والتعسف واستغلال العدالة ضد المعارضين، تهدد بخلق مصيبة لا يمكن لأحد التنبؤ بعواقبها، ناهيك عن قياسها.	Les plans machiavéliques en cours de préparation par ce régime spécialisé dans l’usage de la force, l’arbitraire et l’instrumentalisation de la justice contre ses opposants, risquent de créer un brasier dont nul ne peut prévoir, encore moins mesurer les conséquences.	mafand	Senegalese News (MAFAND)
wo-ar-0681	boroom xam-xam bu am njàng mooy ki xam nit ci jamono ak béréb, ci taarixam ak dundinam te yég googu jox ko yég-yégu li gàllu ci ndoddam.	المثقف هو الشخص الواعي بالإنسان في الزمان والمكان، في تاريخة واجتماعياته، ويملي عليه هذا الوعي إحساسا بالمسؤولية.	Le Franz Fanon de son époque, Ali Shariati, éminent sociologue, fait une clarification intéressante du concept intellectuel dans son livre intitulé civilisation et modernisation : Est intellectuel, celui qui est conscient de sa situation humaine dans le temps et l’espace historique et sociologique qui est le sien, et à qui cette conscience dicte un sentiment de responsabilité.	mafand	Senegalese News (MAFAND)
wo-ar-1195	Ñëw bi ci samay mbokk, mooy yoon wu jëkk ci doxi nemmeeku yi ma war a def laata wotey meer yi.	زيارة أقاربي هي الأولى من بين العديد من الزيارات المتوقعة قبل الانتخابات المحلية.	Cette descente en terre PATRIOTES est la première d’une longue série à prévoir avant les locales.	mafand	Senegalese News (MAFAND)
wo-ar-0527	Waxtaan, sottente xalaat ak yeneeni ndaje lañuy amal ca jotaayu waxtaanu àdduna bi yépp te ñu jagleel ko taxawaayu liggéeykati biir réew mi ak bitim réew yi bokkul ci nguur gi.	ستعقد ندوات ومناقشات واجتماعات أخرى في جلسة المنتدى الدولي المخصصة لدور العاملين في القطاع الوطني وعمال الدول الأجنبية غير المنضمة للحكومة.	Une plénière, des échanges et autres rencontres seront au menu de ce forum international destiné à mieux positionner les acteurs du secteur privé national et ceux des pays étrangers participants.,	mafand	Senegalese News (MAFAND)
wo-ar-1149	Du wax lu dul ay daan yu amul benn njariñ.	لا يتحدث سوى عن العقوبات التي لا فائدة منها.	Il ne parle que de sanctions qui ne servent à rien.	mafand	Senegalese News (MAFAND)
wo-ar-0073	Nitu nguur xalaatul di jéem a des ci xeli askan am lu dul ñoom ñu mën koo muñ tey réccu ci li mu jot a amal.	لا يفكر رجل الدولة في أن يبقى خالدا في ذاكرة مواطنيه إلا عندما يستطيعون تحمله بينما يأسفون على سجله.	Un homme d’État ne saurait aspirer à rester intemporel dans la mémoire de ses concitoyens que lorsque ceux-ci peuvent se passer de lui tout en le regrettant pour son bilan.	mafand	Senegalese News (MAFAND)
wo-ar-0797	Ginnaaw gi muy xoqatal këri tas-xibaar yi nga xam ne féetuwuñu ak moom, ba noppi salfaañe lépp lu tënku ci wàllu wote.	ثم كان يقوم بترهيب الصحافة التي لم تدعمه، ثم انتهك كل القوانين الانتخابية.	Il a d’abord muselé une partie de la société civile par des offrandes de privilèges ou encore par contraintes;Puis intimidé la presse libre et indépendante après avoir domestiqué une partie ;Ensuite, il a violé toutes les lois électorales qui organisent la désignation des élus; Et enfin, il a encastré les libertés individuelles.	mafand	Senegalese News (MAFAND)
wo-ar-0123	Doo leen seetaan ñuy xool di bànneexu.	لن تمنحهم متعة الرؤية!	Dans le coeurs des Africains véritables!Tu ne lacheras jamais prise !Tu ne leur feras pas le plaisir de voir.	mafand	Senegalese News (MAFAND)
wo-ar-1105	ay weer rekk ginnaaw gi, bi mu fa defee ay jéyya, Réewum Siin ci boppam, mooy ñëw di dimbale réew yi nekk jamono jii di jël seen wàll ci koronaa bi.	وبعد أشهر من المآسي التي أحدثها، هبت الصين نفسها لمساعدة الدول التي تأخذ نصيبها من كورونا حاليا.	Le virus y a vu le jour et quelques mois, après y avoir fait un ravage, c’est la Chine à son tour qui vient en aide aux pays qui subissent en ce moment les foudres du coronavirus.	mafand	Senegalese News (MAFAND)
wo-ar-0805	Njiital raay bu gaaw biy lëkkale gox yi, Abdu Ndeene Sàll, moo nekkoon ganu RFM ci aljuma ji.	حل المدير العام للقطار الإقليمي السريع ، عبد انديني سال، ضيفا على RFM هذه الجمعة.	Le directeur général du Train Express Régional (Ter) Abdou Ndéné Sall était l'invité de Rfm matin de ce vendredi.	mafand	Senegalese News (MAFAND)
wo-ar-1093	Buleen jaawale cër-ci-téeméeru lempo bi ak wuute bi am ci li maas gu nekk di joxe ci lempo.	لا تخلط بين معدل الضريبة ومعدل الضغط الضريبي.	Ne pas confondre le taux d’imposition et celui de la pression fiscale.	mafand	Senegalese News (MAFAND)
wo-ar-0047	(Bul jaaxle ci ki la bañ te defuloo ko dara, ndax am na ku la bëgg te moom defaloo ko dara) !	(لا تقلق على من يكرهك ولم تفعل له شيئا؛ لأن هناك شخصا يحبك ولم تفعل شيئا من أجله).	( Ne te soucis pas de celui qui te déteste et à qui tu n’as rien fait parce qu’il y a quelqu’un qui t’aime et pour qui tu n’as rien fait)!Il y a de ces soirs où tes ennemis.	mafand	Senegalese News (MAFAND)
wo-ar-1019	Saapoloñ bile di Lewandowski, ci juróom-ñeenti fani joŋante yi la raw ki fi rawoon.	تفوق البولندي ليفاندوفسكي في اليوم التاسع من البطولة على من كان في الصدارة.	Le polonais Lewandowski a marqué lors des 9 journées de championnat, un record.	mafand	Senegalese News (MAFAND)
wo-ar-0335	Ndakaaru laa juddoo waaye maa ngi fekk baax ca Luga fa sama baay juddoo.	ولدتُ في داكار ولكن أصولي تعود إلى لوغا، حيث ولد والدي.	Je suis Sokhna Diop, je suis née à Dakar mais mes origines sont à Louga, ville de naissance de mon père.	mafand	Senegalese News (MAFAND)
wo-ar-0334	Maa ngi tudd Soxna Jóob,	اسمي سُخْن ديوب،	Je suis Sokhna Diop, je suis née à Dakar mais mes origines sont à Louga, ville de naissance de mon père.	mafand	Senegalese News (MAFAND)
wo-ar-1123	te it jox ngeen dëgg ñi doon wax waxi ndaw ñu ñàkk yar.	وأثبتم الحقيقة لمن كانوا يتحدثون عن الشباب اليائسين.	Vous faites la honte de ce pays et donnez raison à celui qui parlait de jeunesse malsaine.	mafand	Senegalese News (MAFAND)
wo-ar-0682	Ci noonu, fayoon na paasu ñibbisi, loolu la ndongo li nekk ci xaaju at bu jëkk bi wax.	قال التلميذ في الصف الرابع الابتدائي: ”وهكذا، دفع ثمن تذكرة العودة“.	Ainsi, il m'avait payé le billet du retour, déclare l'élève en classe de Cm1.	mafand	Senegalese News (MAFAND)
wo-ar-0582	Xool leen sunu koom-koom bi ñu donn, ndax pólótigu nguur gi gënu koo jëmale biti réew?	انظروا إلى الإقتصاد الذي ورثناه، أليست سياسة الحكومة قد وجهته أكثر إلى الخارج؟	09 FCFA en oignons et pommes de terre par ménage, voyez-vous) si la structure économique dont vous avez hérité n’avait pas été davantage extravertie par vos politiques publiques.	mafand	Senegalese News (MAFAND)
wo-ar-1135	Aana Dãfaa Jémme : Maa ngi tàmbalee sama liggéey ak liggéeyu dimbalikatu fajkat yi ginnaaw ab tàggatu bu ma def ci wàllu paj.	آنا دانفا ديمي: بدأت مسيرتي المهنية كمساعدة للأطباء بعد التدريب الذي تلقيته في المجال الصحي.	Anna Danfa Diémé : J’ai débuté ma carrière en tant qu’aide-soignante, après une formation dans le domaine de la santé.	mafand	Senegalese News (MAFAND)
wo-ar-1015	Gëm-gëm bu xóot boobu moo ma tax dugg ci pólotig.	هذه القناعة العميقة هو السبب وراء انخراطي في السياسة.	Forte de ces convictions, j’ai alors décidé de m’engager en politique.	mafand	Senegalese News (MAFAND)
wo-ar-0307	MD : ban gis-gis nga am ci xew-xewi pólótig fii ci Senegaal ?	م.د: ما هو رأيك في الأحداث السياسية في السنغال؟	MD : Quel regard portes-tu sur l’actualité politique sénégalaise ?	mafand	Senegalese News (MAFAND)
wo-ar-0735	Ñu ngi ñaan booloo ak jàmm ci Senegaal boo xam ne naataange ak dundin bu mucc-ayib di na fi saawaan ci ñépp, bañ a yem ci ñenn ñi rekk.	إننا نصلي من أجل الوحدة والسلام في السنغال حيث سيكون الازدهار والرفاهية في متناول الجميع وليس لأقلية.	Nous prions pour l’unité, la paix et la concorde dans un Sénégal où la prospérité et le bien-être seront accessibles à tous et non plus à une minorité.	mafand	Senegalese News (MAFAND)
wo-ar-0570	Njàngat li joxe na digle yu bari yu doon pexe yu ñu mën a jëfe ngir jàpple leen.	قدمت الدراسة عددا من التوصيات الاستراتيجية التي يمكن استغلالها لدعمهم.	Zidane et le Real en difficulté avant ont finalement signé leur première victoire de la LD et les Galatasaray dos au mur.	mafand	Senegalese News (MAFAND)
wo-ar-1022	Nguur gi dafa war a taxaw temm ci séddaleb alali askan wi bu jaar yoon te yemale ñépp.	يجب على الحكومة أن تقف بحزم على التوزيع السليم والعادل لأموال الشعب.	Le gouvernement doit ainsi veiller à une répartition rationnelle et équitable des ressources publiques.	mafand	Senegalese News (MAFAND)
wo-ar-0600	Xoolal rekk cawarte gi nit ñi àndaloon ca jàkkaarloo ak askan wi bu njëkk bi Léwópól Sedaar Seŋoor defoon bi mu faloo, juróom-benni fan ci weeru sàttumbar ca atum 1960, wala nga fàttaliku bès bi ñu falee Wàdd ca atum 2007.	يكفي أن تنظر إلى حماسة الناس في المقابلة الأولى التي أجراها ليوبولد سيدار سنغور مع الشعب بعد انتخابه في السادس من سبتمبر 1960، أو تذكر يوم انتخاب واد في عام 2007.	Il suffit de revoir la ferveur populaire lors du premier discours de Léopold Sédar Senghor en tant que président de la République, le 6 septembre 1960, ou se remémorer la cérémonie de prestation de Wade en 2007.	mafand	Senegalese News (MAFAND)
wo-ar-0963	Dafa mel ne mbër mu Yaawu jaal dóor mu daanu, ba noppi mu jóg, jànnaxe, di sóoru Bàlla Gay 2.	إنه مثل المصارع الذي طرحه ياو جال أرضا بضربة، ثم ينهض مترنحا ويتحدى بالا غايي 2.	C'est comme un lutteur mis ko par yawou dial ,qui se reléve groggy et defie balla gaye 2	mafand	Senegalese News (MAFAND)
wo-ar-1180	Wànte jàngu bi dafa war a gën a bokk tamit ci pólotig bi ci réew mi,	لكن على الكنيسة أيضا أن تصبح أكثر انخراطا في سياسة الدولة،	Mais l'église devrait aussi s'immiscer davantage dans la vie politique sénégalaise, oser prendre des positions à l'image de l'église congolaise, sud-africaine, centre africaine.	mafand	Senegalese News (MAFAND)
wo-ar-1128	nga ne ko sama yaay nee na, teen bi gënoon na fee déey, mu root rootaaleel la.	ثم أخبريها أن أمي قالت: لقد مر وقت كانت البئر ضحلة، ومع ذلك استقتْ من البئر واستقت لك.	Profondément blessée, Ndaté-la-vertueuse fit dire par sa jeune fille à Khanju-la-libertine cette réplique dont vous vous rappelez surement Interpelle-la à trois reprises, puis dis-lui ma mère dit que teen bi gueun’oon’a fee deek mu root rootaleella (Il fut une période où l’eau du puits était bien plus rare, et pourtant elle a tiré de l’eau, et en a tiré pour toi).	mafand	Senegalese News (MAFAND)
wo-ar-0232	Pàcc bu gën a mag ci jigéen ñi léegi liggéeyatuñu.	لم تعد غالبية النساء تعمل.	Une plus grande proportion de femmes est également sortie du marché du travail, devenant inactives.	mafand	Senegalese News (MAFAND)
wo-ar-0341	Ñu ngi leen di xaar ci tëj bi ngeen ko naral.	ننتظر منكم أن تخبرونا عن الإدانة التي تحضرونها،.	Nous vous attendons sur la condamnation et sa teneur ;Nous vous attendons sur la fameuse grâce distribuée comme un bonbon ;Tout en vous rappelant que c’est un deputé qui a été appréhendé et non un citoyen simple.	mafand	Senegalese News (MAFAND)
wo-ar-0903	Du def lu dul xool yaatuwaayu bérébu dalukaayi daamaari nguur gi, ndax mu xam, ñenn ci kilifaay réew mi jox nañu leen ñaar, ñett ba sax lu ëpp yooyu ciy daamar yu bakkane ci tolluwaay, niki 4X4.	ما عليه إلا أن ينظر إلى حجم أسطول سيارات الدولة ليدرك أن بعض سلطات الدولة قد مُنحت سيارتين أو ثلاث أو حتى أكثر من السيارات الفاخرة بحجم 4X4.	Il n’est qu’à voir le volume du parc automobile de l’État pour s’en rendre compte, certaines autorités sont dotées de deux, trois voire plus de véhicules allant des berlines de luxes aux grosses cylindrées 4X4.	mafand	Senegalese News (MAFAND)
wo-ar-0399	Waaye dañoo làbbali at mi ci topp jël Ligg dee Nasiyoŋ ci kanam futbalkati Pays-Bas yi.	لكنهم انتعشوا في العام التالي بالفوز بدوري الأمم ضد اللاعبين الهولنديين.	Mais ils ont très vite rebondi l’année suivante en remportant la première Ligue des nations face à une belle équipe des Pays-Bas.	mafand	Senegalese News (MAFAND)
wo-ar-1052	Ci ay mbindam yi daw yaramu ñu bare, dafa koy ñaan mu sargal Sëybatu Juuf,	من خلال كتاباتها التي أثرت في الكثيرين، تطلب منه أن يشيد بِسَيْبَت ديوف،	À travers ses écrits qui ont ému plus d'un, elle lui demande de rendre hommage à Seynabou Diouf, femme policière de l'année 2019 pour toutes les missions onusiennes.	mafand	Senegalese News (MAFAND)
wo-ar-0245	Askan wi lañuy xeexal ba keroog Yàlla di teg réew mi ci sunuy loxo.	وسنقاتل من أجل الشعب حتى تكون الرئاسة لنا.	Askan wee nu tax a jóg, moom lanuy xeexal ba keroog Yàlla di teg réew mi ci sunuy loxo, nu daldi koy defar bu soobee Boroom Bi.	mafand	Senegalese News (MAFAND)
wo-ar-0961	Ñu dugal leen ca fukk ak benneelu simili ba,	وسُجلوا هدفا في الدقيقة الحادية عشرة،	Mené depuis la 11e mn, c’est à la 90+2 mn que le phénomène Diatta ramène son équipe à la hauteur de l’adversaire du soir.	mafand	Senegalese News (MAFAND)
wo-ar-0801	Ngir loolu, fokk ñu tabax ay kaso yu yees yu méngook ni ko àdduna yépp di defe.	وللقيام بذلك، لا بد أن نبني سجونا جديدة تفي بالمعايير الدولية.	Pour cela, il faut construire de nouvelles prisons qui respectent les standards internationaux.	mafand	Senegalese News (MAFAND)
wo-ar-1247	loolu rekk moo ñuy mën a musal ci deret ju tuuru.	هذا هو الحل الوحيد الذي سينقذنا من إراقة الدماء.	Avec vos cartes d'électeurs dégagez-le c'est la seule solution pour éviter les bains de sang.	mafand	Senegalese News (MAFAND)
wo-ar-0067	Ngir yokk cere dolli ñeex jëm ci moomeelu kenn, këru liggéeyukaay gi Akilee, joxekatu kurãŋu nosal bi ci Senelec, la mbëru Farãas mi ci kurãŋ EDF sàkku mu bokk ci kopparam.	لتضيف المزيد من الإثارة على هذا المزيج السحري نحو التخصيص، طلبت شركة الكهرباء الفرنسية العملاقة EDF من شركة Akilee الناشئة، وهي موردة عدادات الذكية للكهرباء التابعة لSenelec، أن تنضم إلى حصتها.	Pour corser ce brouet de sorcière vers la privatisation, la start-up sénégalaise Akilee, le fournisseur de compteurs électriques intelligents à Senelec, est convoitée par le Géant français de l’électricité EDF qui veut rentrer dans son capital.	mafand	Senegalese News (MAFAND)
wo-ar-0003	Manchester City waroon naa denc benn poñ ngir bokk ci ñi raw.	احتاج مانشستر سيتي نقطة 1 ليكون من المتأهلين.	Manchester City devait juste engranger 1 point pour se qualifier.	mafand	Senegalese News (MAFAND)
wo-ar-0242	Fi Maki Sàll wonee mën-mënam mooy fexe ba néewal kàttan pàrti yi nga xam ne ñoom ñoo fi jëkk ci wàllu pólótig fii ci Senegaal, bokk na ci PS, AFP, ak PDS.	تكمن قدرات ماكي سال في نجاحه في إضعاف الأحزاب السياسية الأولى تاريخيا في السنغال، ومن بينها: PS، وAFP، وPDS.	Macky Sall, c’est d’avoir réussi à fragiliser profondément les partis politiques mythiques, le PS, l’AFP et le PDS qui ont longtemps occupé la scène politique sénégalaise.	mafand	Senegalese News (MAFAND)
wo-ar-0952	Ak Pastef, mbind yi ci lim yu baaxul yi ñu duufal, jëme ko ci doxalinu nguur gi, dinañu leen ci seppi,	ستتم إزالة الكتابات المتضخمة غير الصالحة في إدارة الدولة مع باستيف،	Avec le pastef les ecritures en chiffres faux gonflées dans la gestion de l'etat vont etre éradiquer meme pas honte tristesse et désolation .	mafand	Senegalese News (MAFAND)
wo-ar-0717	Coppite yiy xew ci diwaanu Afirig yépp yu mel noonu la, waaye dina jaadu ñépp àndandoo ci ay leeral yoo xam ne seen jubluwaay mooy jàngale ak fësal yenn mbir yoo xam ne naqari naa xam.	إن الإصلاحات الجارية في أفريقيا كلها متشابهة، ولكن من الجدارة أن يقرنها الجميع بحملات توعية تهدف إلى التثقيف وإظهار بعض الأشياء التي يصعب معرفتها.	Les différentes réformes règlementaires ayant court sur le continent vont dans ce sens, mais il sera nécessaire de les coupler à de vastes campagnes – menées idéalement de manière conjointe entre assureurs et superviseurs – de sensibilisation visant à éduquer et vulgariser des concepts parfois assez abstraits.,	mafand	Senegalese News (MAFAND)
wo-ar-0967	Fi mu nekk nii, Sónkoo ngi gën di siiw, ba ca Asie.	في الوقت الحالي، أصبح سونكو أكثر شهرة حتى في آسيا.	Actuellement, SONKO fait parler de lui jusqu’en Asie.	mafand	Senegalese News (MAFAND)
wo-ar-1067	Beneen yoon, waxuñu fi xaalis bu takku lool bu dem ci kurãa bi ginnaaw sax waxtuy liggéey yi wala esãas bi.	لم نتحدث مرة أخرى عن المبلغ الهائل من الأموال التي تنفق على الكهرباء خارج ساعات العمل أو الوقود.	Et encore, on ne parle pas ici des énormes budgets engloutis par les consommations d’électricité au-delà même des heures de travail ni de carburant.	mafand	Senegalese News (MAFAND)
wo-ar-0286	Yooyu yépp, dafay tax ma xalaat ne Sónko mooy tànneef bu baax li.	كل هذا يجعلني أعتقد أن سونكو هو الخيار الصحيح.	Tout cela me fait penser que Sonko est le BON CHOIX.	mafand	Senegalese News (MAFAND)
wo-ar-0729	Xam ngeen ne waxtu wi jotagul ngir njënd moomu.	تعلمون أن الوقت لم يحن بعد لعملية الشراء تلك.	Vous savez que le moment n est pas opportun pour cet achat.	mafand	Senegalese News (MAFAND)
wo-ar-0652	Watara kanam gu ñàng la génne Elise.	خرج واتارا من الإليزيه بوجه متجهم.	Pas de dessert pour Ouattara, c’est la mine renfrognée qu’il a claqué la porte de l’Élysée.	mafand	Senegalese News (MAFAND)
wo-ar-0604	Ñaari xale yu ndaw, kenn ki am fukki at ak benn, keneen ki fukki at ak ñaar, ñoo réer daanaka lu tollu ci fukki fan ak juróom.	فُقد طفلان صغيران أحدهما بلغ من العمر أحد عشر عاما والآخر اثني عشرَ عاما منذ ما يقرب من خمسة عشر يوما.	Deux frères mineurs, âgés respectivement de 11 et 12 ans, sont portés disparus depuis bientôt 15 jours.	mafand	Senegalese News (MAFAND)
wo-ar-0373	Bu ñu gisee Cebio Soukou duut Kalidu Kulibali mi nga xam ne dafa dëgër këcc, wala Saajo Maane mi ngi xam ne Olivier Verdon dafa ko tëj lu yàgg, ki leen di tàggat, Aliw Siise xelam demoon na ci joŋante bi doon dox ci diggante Maroc ak Bénin te waa Bénin mujje yóbbu ndam li.	عند رؤية سيبيو سوكو يراوغ كاليدو كوليبالي القوي للغاية، أو يوقف أوليفيه فيردون ساديو ماني لمدة طويلة فإن مدربهم علِي سيسه قد فكر في مباراة المغرب وبنين والتي فاز بها بنين.	A voir Kalidou Koulibaly, si solide, prendre un grand pont de Cebio Soukou, ou la star Sadio Mané longtemps bousculée par Olivier Verdon, le coach Cissé a dû penser au scénario de Maroc-Bénin qui a été fatal aux Lions de l’Atlas.	mafand	Senegalese News (MAFAND)
wo-ar-0556	Bul soppeeku Saajo mukk!	لا تتغير أبدا يا ساديو!	La chance de le prouver!Reste-toi Sadio !Tu es un lion !Un Africain authentique.	mafand	Senegalese News (MAFAND)
wo-ar-1108	Ni ñu ko waxee ci suñu mbind mu mujj mi, takk-der yi dañu xam bu baax mbégtey askan wi ba seenug bëgg nguur tax ñu taqalikoo ak njiitu réew ma, gunge ko ba mu dem.	كما قلنا في مقالنا الأخير، فقد فهمت الشرطة جيدا فرحة الشعب لدرجة أن حبهم للحكومة دفعهم للانفصال عن الرئيس، ومرافقته حتى رحيله.	Comme on le disait dans notre dernier post, les mutins ont tellement bien compris ce délire populaire que, dans un élan d’opportunisme et d’aubaine inattendue, ils se sont débarrassés intelligemment du président en le poussant à une démission militairement assistée.	mafand	Senegalese News (MAFAND)
wo-ar-0699	Njiit yi war nañoo gën a fexe ba yokk man-manu askan wi ci wàllu xarala yu yees yi ngir ñu bokk ci ñiy dooleel yokkute ci wàllu koom guy doxe ci xarala yu yees yi te muy nekk lu sax dàkk te boole ñépp.	يجب على الحكومات بذل الجهود لتحسين المهارات الرقمية للمواطنين حتى يتمكنوا من تعزيز النمو في اقتصاد رقمي مستدام وشامل.	Parallèlement, les gouvernements se doivent d’améliorer les compétences numériques des citoyens et leur permettre ainsi de prendre pleinement part à l’éclosion d’une économie digitale qui soit à la fois durable et inclusive.,	mafand	Senegalese News (MAFAND)
wo-ar-0546	Ab tàkk-der lañu yónni woon kese ngir mu nanguji këyit yi ñuy bindoo ngir jàppale sa farandoo ca Sigicoor.	تم تكليف ضابط شرطة خصيصا بمصادرة استمارات الرعاية في زيغينشور.	Un policier a été spécialement missionné pour confisquer les fiches de parrainage à Ziguinchor.	mafand	Senegalese News (MAFAND)
wo-ar-1234	Musaa ak Ibraayima Ba, cosaanoo Welingara dañu fàqee woon ca seen daara ja nekk Kawlag ngir ñibbi seen kër.	هرب موسى وإبراهيم با اللذان ينحدران من وِلِانغَارَا من كُتابهما في كاولاك ليعودا إلى ديارهما.	Originaires de Vélingara, Moussa et Ibrahima Bâ avaient fugué de leur daara sis à Kaolack pour retourner à leur domicile familial.	mafand	Senegalese News (MAFAND)
wo-ar-0230	Loolu, ci jëmmal yoonu yokkuteb Senegaal, ci fexe ba dem ak dikk ci gox yi gën a yéwén ak ci fexe ba yamale askan wi ci seen wàllu dundin.	وذلك في إطار تنفيذ خطة السنغال الناشئة، في محاولة جعل الذهاب والإياب بين الأقاليم أيسر، وفي محاولة تقليص الفوارق الاجتماعية.	Ce, dans le cadre de l'exécution du plan Sénégal Émergent, du désenclavement des régions et la réduction des inégalités sociales pour le bien-être des populations.	mafand	Senegalese News (MAFAND)
wo-ar-0337	Nañu nangu te xam ne mënatuñoo amal ndawalin wu set wecc fii ci diwaanu Afirig.	لنعترف ونَعْرف أنه لم يعد من الممكن ممارسة القيادة الرشيدة في القارة الأفريقية.	Nous devons nous rendre à l’évidence qu’il n’est plus possible en Afrique de faire du pilotage à vue.	mafand	Senegalese News (MAFAND)
wo-ar-0901	Mawdo, ni ko baayam daan woowe, gaawtu na ci mile at mos njàngum koom-koom.	سارع مودو، كما كان يناديه والده، هذه السنة إلى تذوق دراسة الاقتصاد.	Maodo, comme l’appelait son père, profita de cette année pour embrasser des études économiques.	mafand	Senegalese News (MAFAND)
wo-ar-0702	mu yee ma ci mbir yu bari, rawatina li jëm ci làmmiñi réew mi ak sunuy aadaak cosaan.	ونبهني إلى أشياء كثيرة خاصة عن لغات البلاد وعاداتنا وأصولنا.	Quand j'ai lu ses livres, j'ai beaucoup réfléchi, ça m'a fait prendre conscience de beaucoup de choses, surtout ce qui touche notre langue nationale ainsi que notre culture et nos valeurs.	mafand	Senegalese News (MAFAND)
wo-ar-0322	Loolu la jëwrin ji yore wàllu koom gi fësal.	وهذا ما كشفه وزير المالية.	Il est destiné à l’accélération de la création d’emploi des jeunes, à travers notamment la promotion des technologies, l’amélioration de la productivité, la promotion des exportations, lesquels, constituent des axes forts qui permettront d’atteindre les objectifs que nous nous sommes fixés, a indiqué le ministre des Finances.	mafand	Senegalese News (MAFAND)
wo-ar-1194	ndaxte ginnaaw ñaari at ak genn wàll yu may ay ndam, dama yégoon ne ekib bi soxla woon na leneen ngir nekk ci kow te des fa.	لأنه بعد عامين ونصف من الانتصارات، شعرت أن الفريق بحاجة إلى شيء آخر للبقاء في القمة.	En mai 2018, je suis parti car après deux ans et demi avec tant de victoires et tant de trophées, j’ai senti que l’équipe avait besoin d’un nouveau discours pour rester au top.	mafand	Senegalese News (MAFAND)
wo-ar-1146	Xalaat nañu ci mbir mi ak ci njàngum bataaxalu sàmmkat yi.	لقد فكروا في الأمر وفي قراءة رسالة الرعاة.	Elles ont réfléchi sur la question et sur la relecture de la lettre pastorale.	mafand	Senegalese News (MAFAND)
wo-ar-0948	Ndamu maye deret ji, moo bees ba léegi ci xeli waa Senegaal yi.	لا يزال نجاح التبرع بالدم حاضرا في أذهان السنغاليين.		MasakhaNER	Senegalese News (MasakhaNER)
wo-ar-0880	Yokk liggéeykati kaaraange gi ci biir dëkkuwaayu ndongo yi, sasoo wàñni lim bu ëpp bi nekk ci néeg yi ak seen dàkkantal wu siiw woowu di clandotage :	تعزيز عناصر الأمن في الحرم الجامعي، والأخذ بزمام المبادرة في التقليل من عدد المتجاوز الحد في الغرف ولقبهم الشهير clandototage.	Exiger le passage au thermoflash devant les amphithéâtres et les salles de T. D;Renforcer le service de sécurité dans les campus sociaux chargé de limiter le surpeuplement dans les chambres avec le fameux système de clandotage;Mettre l’accent sur l’information et la sensibilisation par le biais des affiches, flyers, panneaux publicitaires à propos des mesures barrières;Revoir le découpage du calendrier universitaire pour le reste de l’année et adapter le quantum horaire aux réalités de la pandémie;Penser à un programme minimal en mettant l’accent sur les chapitres essentiels majeurs selon le quantum horaire à couvrir, comme c’est le cas avec les classes de Terminales dans le cycle secondaire;Combiner le présentiel avec l’enseignement à distance: privilégier les enseignements à distance pour les cours magistraux et maintenir les TD et TP en présentiel;Multiplier les groupes de TD et de TP pour éviter les classes pléthoriques, surtout au niveau des L1, L2 et L3, dans les établissements où les infrastructures pédagogiques le permettent.	mafand	Senegalese News (MAFAND)
wo-ar-1055	Ndaxte, am na ñu fi jiitu, gën ñoo jàmbaare, gën ñoo xam, gën ñoo mën te raw ñu ci fànn yu baree bare te amuñu li ñu am.	لـأن هناك أناسا قبلنا، وكانوا أكثر منا اجتهادا، وأعلم منا، وأقوى منا، وكانوا أكثر منا تقدما في كثير من العلوم، ولم ينالوا ما نلنا.	Ndaxte, am na ñu fi jiitu, gën noo jàmbaare, gën noo xam, gënnoo mën te raw nu ci fànn yu baree bare te amuñu li nu am.	mafand	Senegalese News (MAFAND)
wo-ar-0331	Ci atum 1789, ginnaaw bi askanu Farãas amalee ak fippu, jeexal nguuru buur yi, wax nañu ci fukk ak juroomeelu ponk ci Tënku àq ak yélleefu doom-aadama yi ne ñépp am nañu sañ-sañu gisal seen bopp, wala sax ñi leen teewal, yittey indi seen xam-xam wala mën-mën ci liy doxal léppi-ñépp ci ni mu leen soobee ak ci waxtu wu mu leen neexee.	في عام 1789، في أعقاب الثورة الفرنسية التي أنهت النظام الملكي، أعلنوا في المادة الخامسة عشرة من حقوق الإنسان والمواطن أن جميع المواطنين لهم الحق في أن يراقبوا بأنفسهم أو من خلال ممثليهم؛ ولهم الحق في المساهمة بمعارفهم أو قدراتهم التي تساهم في المصلحة العامة كيفما يريدون وووقتما يريدون.	En 1789, le peuple français à la suite de la Révolution, mettant fin au régime monarchique, déclara solennellement à l’article 15 de la Déclaration des droits de l’homme et du citoyen que tous les citoyens ont le droit de constater, par eux-mêmes ou par leurs représentants, la nécessité de la contribution publique, de la consentir librement d’en suivre l’emploi, d’en déterminer la quotité, l’assiette, le recouvrement et la durée.	mafand	Senegalese News (MAFAND)
wo-ar-0885	Gënal njàngale mu soree mi, ngir dàrsu yi ëmb lépp, te bàyyi njàngum jiite (TD) meek jëfe (TP) ciy teewaay.	إعطاء الأولوية للتعلم عن بُعد، لمحاضرات شاملة وإلغاء الدروس التوجيهية (TD) والتطبيقية (TP) حضوريا.	Exiger le passage au thermoflash devant les amphithéâtres et les salles de T. D;Renforcer le service de sécurité dans les campus sociaux chargé de limiter le surpeuplement dans les chambres avec le fameux système de clandotage;Mettre l’accent sur l’information et la sensibilisation par le biais des affiches, flyers, panneaux publicitaires à propos des mesures barrières;Revoir le découpage du calendrier universitaire pour le reste de l’année et adapter le quantum horaire aux réalités de la pandémie;Penser à un programme minimal en mettant l’accent sur les chapitres essentiels majeurs selon le quantum horaire à couvrir, comme c’est le cas avec les classes de Terminales dans le cycle secondaire;Combiner le présentiel avec l’enseignement à distance: privilégier les enseignements à distance pour les cours magistraux et maintenir les TD et TP en présentiel;Multiplier les groupes de TD et de TP pour éviter les classes pléthoriques, surtout au niveau des L1, L2 et L3, dans les établissements où les infrastructures pédagogiques le permettent.	mafand	Senegalese News (MAFAND)
wo-ar-0666	Waa Atletikoo Madirit ñoo daan benn bal waaye loolu mën a leen a téyendi ca bopp ba.	فاز أتلتيكو مدريد بهدف واحد لكنه كان كافيا لإبقائه في الصدارة مؤقتا.	Les Colcheneros de l’Atletico de Madrid s’imposent sur la plus petite des marques mais suffisant pour sauver la tête de El Cholo, du moins pour le moment.	mafand	Senegalese News (MAFAND)
wo-ar-0283	Lan la Mãasuur Fay def ba mën a nekk njiitu njëwriñ joo xam ne am na ci gafag réew mi lu tollook ñaari téeméeri milyaar ak juróom-fukk ak ñett yu toftal juróomi-téeméeri miliyoŋ ak juróom-ñeent fukk ak téeméeri junni ak ñeen-fukk ak juróom-ñett-fukk ak téeméer bu mànke ñetti fiftin.	ماذا عمل منصور فَيْ حتى يستطيع أن يكون وزيرا لديه في الدولة مائتان وثلاثة وخمسون تريليونا وخمسمائة وتسعون مليارا وسبعمائة وخمسة ملايين وسبعمائة وخمسة آلاف وأربعمائة وسبعة وتسعون.	Quel est le mérite de Mansour FAYE pour occuper un Ministère qui gère 253 590 705 497 FCFA du budget national, si ce n’est le fait d’être le beau-frère du président de la République.	mafand	Senegalese News (MAFAND)
wo-ar-0780	dafa ñor, day njuuj-njaaj, day nëbbu, topp ci di la ko wax ak a waxaat.	فهو ناضج، ويخدع، ويخفى، ثم يقوله لك مرارا واتكرار.	Dañ nu doon faral di waxkàddu gii: mooytuleen contribuable bi (ki war a fey lempo) ; dafa ñor, day njuuj-njaaj, day nëbbutoppdi la ko waxak a waxaat.	mafand	Senegalese News (MAFAND)
wo-ar-0590	Boo weesoo sax seen bariwaay, way-pólótig yi dañoo war di wax wax ju toppe.	بغض النظر عن كثرتهم، يجب على السياسيين أن يقولوا أقوالا متماسكة.	Au-delà de l’adversité, les acteurs politiques doivent pouvoir imprimer une certaine cohérence dans leur argumentaire.	mafand	Senegalese News (MAFAND)
wo-ar-0288	Yenn njiiti Afirig yi te Maki Sàll gën cee fës, ñu ngi ñaan ñu baal leen bor yi ñu ameel yenn réew yi.	يطالب بعض الرؤساء الأفارقة، وأبرزهم ماكي سال، بإعفائهم من الديون التي يجب سدادها لبعض الدول.	–Yenn njiiti Afrig yi te Maki Sàll gën cee fës ñu ngi ñaan ñu baal leen bor yi ñu ameel yenn réew yi.	mafand	Senegalese News (MAFAND)
wo-ar-0754	Waa Liverpool jël nañu seen juróom-benneelu Ligg dee sàmpiyoŋ.	فاز ليفربول بدوري أبطال أوروبا للمرة السادسة.	Le Liverpool FC remporte la sixième Ligue des des Champions de l’UEFA (ou Coupe des Clubs Champions européens) de son histoire.	mafand	Senegalese News (MAFAND)
wo-ar-0999	Li réewi Afirig yi noppeegul a booloo, warul tax ñu nekk ci diggante tànn benn xaalis ak gëmm seeni bët tànn lu mel ni euro.	لا ينبغي أن تكون البلدان الأفريقية غير المستعدة بعد للوحدة سببا لتبني عملة ما أو اختيار اليورو بشكل أعمى.	Le fait que les pays africains ne soient pas encore prêts pour l’unité politique ne les condamne pas pour autant à choisir entre le statu quo monétaire et l’adoption d’une grossière copie de l’euro.	mafand	Senegalese News (MAFAND)
wo-ar-0786	Ngir mën a egsi ci lolu Maam Mbay yaakaar na ne fokk ñu am tëggin yu yees ci suñu wàllu askan.	ولتحقيق ذلك، يعتقد مام امباي أنه يجب أن يكون لدينا إصلاحات اجتماعية جديدة.	Pour y arriver Mame MBAYE demeure convaincu que la réalisation effective du projet de société, à l’image du président Ousmane SONKO, passe par la haute conscience de la défense des principes dans la vérité et sans compromission aucune.	mafand	Senegalese News (MAFAND)
wo-ar-0054	Fan la fitna gi féete ci jëmm ji wala ci kàddug Njiit li Usmaan Sonko ci sa gis-gis ?	أين العنف في سلوك أو خطاب الرئيس عثمان سونكو حسب رأيك ؟	Où se trouve la violence dans le comportement ou le discours du Président Ousmane SONKO selon vous?	mafand	Senegalese News (MAFAND)
wo-ar-0839	Ci boobu, la soppeey Liverpool yu am gannaaw yi ñaax leen.	منذ ذلك الحين، كان مشجعوا ليفربول المذهلون يهتفون لهم.	Dès lors, Liverpool était poussé par son incroyable public, et malgré son expérience, les Barcelonais craquaient comme des poussins.	mafand	Senegalese News (MAFAND)
wo-ar-1068	Xaalis bi ci taxawaay lañu ko fay xobbet xobbet, ci ab biro (bu yéenekaay bi nangul a fésal) waaye nekkul ci kayitu payooru deppite yi.	تم دفع الأموال نقدا في الحال في أحد المكاتب (التي تمنع الصحيفة من الكشف عن اسمه) لكنها لم تسجل في كشوف رواتب النواب.	L'argent est non seulement payé sur place en espèces dans un bureau (tenu secret par le journal), mais ne figure pas sur le bulletin de salaire des députés.	mafand	Senegalese News (MAFAND)
wo-ar-0621	Moom dee, nee na coppite yi yëngal nit ñi, yi ci ëpp dañuy delloo ginnaaw, di xeex demokaraasi te mënul a jàll,	وقال هو إن هذه الإصلاحات التي تحرك الناس أغلبها إصلاحات متخلفة، ومعادية للديمقراطية، ولن تنجح،	Selon lui, cette réforme qu’agite la majorité est rétrograde, antidémocratique et inopérante et qu’il y a nécessité pour tous des démocrates de se dresser contre.	mafand	Senegalese News (MAFAND)
wo-ar-0316	Xanaa ku jinne jàpp xelam rekk moo dul seetlu ne yeneen njëgi Orange yi dañuy wujjeek Tigo mi nga xam ne dafa soppi turam ba noppi yombal ay njëgam lool.	يجب أن يكون ممسوسا بالجن حتى لا يرى أن عروض أورانج الجديدة تنافس تيغو التي أعادت تسمية علامتها التجارية وسهلت عروضها.	Il faut avoir l’intelligence souillée par le diable pour ne pas voir derrière ce lancement des nouvelles offres de l'opérateur Orange une contre-attaque de ce dernier, après la campagne intense de rebranding qui a fait changer de nom Tigo avec une offre commerciale très agressive.	mafand	Senegalese News (MAFAND)
wo-ar-1017	Su nguur googule jëlee dogalu yokk lempo yi (li këri liggéeyukaay yi di am), loolu dafay wàññi soxla yi (borom kër yi duñu am xaalis bu doy).	إذا قررت الحكومة رفع الضرائب (على دخل الشركات)، فسيؤدي ذلك إلى خفض الطلب (لن يكون لدى الأسر يكفي من المال).	Si ce même gouvernement décide au contraire d’augmenter les impôts (revenus et entreprises), cela servira par exemple à ralentir la demande (les ménages n’auront suffisamment de revenus) et les coûts de production vont intégrer cette augmentation des charges fiscales pour les entreprises.	mafand	Senegalese News (MAFAND)
wo-ar-0184	Bi ma léen di taxawu, gis naa ay waxambaane yoo xam ne ba ñuy ndaw lanu leen yar.	في الفترة التي أدعمهم، رأيت شبابا تم تربيتهم منذ طفولتهم المبكرة.	Au cours de mon accompagnement, j’ai vu des jeunes qui ont bénéficié d’une bonne éducation depuis leur tendre enfance, puis au fil du temps, ils ont intégré des groupes qui ont eu un impact majeur sur leur vécu quotidien.	mafand	Senegalese News (MAFAND)
wo-ar-0052	Yokk ci laaju këru doktoor gi, jëwrin ji yor mbiri biir réew mi yëgle na toppug nguur gi ci bépp liggéey bu jëm ci Tiwaawan, maanaam luy jëm ci set-setal ak yokk ndox mi.	بالإضافة إلى قضية المستشفى، أعلن وزير الداخلية عن مراقبة الحكومة لجميع الأعمال التي ستتم في تيواون، ولا سيما فيما يتعلق بالصرف الصحي وإمدادات المياه.	Outre la question de l’hôpital, le ministre de l’Intérieur a annoncé la poursuite par le gouvernement de tous les travaux engagés à Tivaouane, notamment en matière d’assainissement et d’adduction d’eau.	mafand	Senegalese News (MAFAND)
wo-ar-0510	Tay jii, yégg-yégg bi ñu am moo tax mënuñu róññale ñi jóge Ndar ak waa Ndakaaru, Tambaa, wala Fatig ak waa Kaasamaas ak waa Bawol ak waa Jolof.	الشعور الذي ينتابنا اليوم هو السبب في أننا لا نستطيع التمييز بين أولئك الذين يأتون من سانت لويس أو ساكني داكار، وتامبا، أو فاتيك وساكني كازامانس أو باول أو جولوف.	Aujourd’hui, le ressenti qui nous habite est qu’on ne distingue pas ceux qui viennent de Saint-Louis des Dakarois et tambacoundois, ni les fatickois des casamançais et des habitants du Baol et du Djolof.	mafand	Senegalese News (MAFAND)
wo-ar-1271	Fileek digaaleb Senac SA ak Nguuru Senegaal di jeex, Nguur gi dina defar ñetti téeméeri kilomet ci otorut ak xaalisu boppam.	وبحلول نهاية شراكة Senac SA والحكومة السنغالية، ستكون الدولة قد شيدت 300 كيلومتر من الطريق السريع بأموالها الخاصة.	Et d’ici la fin de la concession de Senac SA, l’État aura réalisé 300 km d’autoroute sur fond propre.	mafand	Senegalese News (MAFAND)
wo-ar-0928	Njuréef lu mujj li ñaari bal ci benn,	النتيجة النهائية هي هدفان مقابل هدف،	Score final 2 buts à 1 et Messi devient le seul joueur à avoir inscrit au moins 1 but lors des 15 dernières ligues de champions.	mafand	Senegalese News (MAFAND)
wo-ar-0767	Ci li Joseh Ki-Zerbo wax, neenal bor bi, nekkul saafara suy sax dàkk ndax ba tay li koy jur jógu fi.	ووفقا لجوزيف كي زيربو، فإن إلغاء الدين ليس حلا طويل المدى لأن أسبابه لا تزال قائمة.	Selon Joseph Ki-Zerbo, l’annulation de la dette n’est pas viable à long terme car on ne s’attaque pas à la cause, au système.	mafand	Senegalese News (MAFAND)
wo-ar-1167	Liggéey bi nguur gi yorewul dafay rëcc ci fay lempo te loolu bokk na ci liy wàññi xemmemteefu koom gi.	يفلت العمل الذي لا تسيطر عليه الحكومة من دفع الضرائب، وهو مما يقلل من جاذبية الاقتصاد.	Le secteur informel échappe totalement au fisc et réduit ainsi l’attractivité de notre économie.	mafand	Senegalese News (MAFAND)
wo-ar-0788	Ci noonu la nas bi amee benn pàcc bu ñu jagleel ab xeetu mbay bu mucc-ayib boo xam ne dafa yomb a jëmmal te saytu ko tamit seerul lool.	وبالتالي، فإن المشروع يتضمن مكونا خاصا لنوع خاص من الزراعة لا تشوبه شائبة يسهل تنفيذه وصيانته غير مكلف جدا.	C’est ainsi que le programme comporte également une ambitieuse composante apiculture très facile à mettre en œuvre avec peu de barrières à l’entrée et un faible coût de maintenance.	mafand	Senegalese News (MAFAND)
wo-ar-0393	Noppalu leen léegi, teg ngeen jeego yi njëkk ; bàyyileen xale yi ñu def li des.	يمكنكم أن ترتاحوا الآن بعد أن قمتم بتحديد المعالم، دعوا الشباب يقومون بالباقي.	Reposez-vous maintenant vous avez posé les Jalons; laissez les enfants faire le reste.	mafand	Senegalese News (MAFAND)
wo-ar-0142	Senegaal dina daje ëllëg ak réewum Kolombi, te Tahiti war na siggil réew miy dalal.	سيواجه السنغال كولومبيا يوم غد، بينما سيتعين على تاهيتي رفع رأسه أمام أصحاب الأرض.	Le Sénégal a rendez-vous dimanche contre la Colombie, tandis que Tahiti devra relever la tête face au pays hôte.	mafand	Senegalese News (MAFAND)
wo-ar-0175	Lan moo tax amuñu ñaar fukk ak juroomi bérébi fajukaay yu yees?	لماذا لا يوجد لدينا خمسة وعشرون مستشفى جديد؟	Pourquoi nous n'avons pas 25 hôpitaux neufs : parce que Macky Sall a mangé ces 500 milliards et laisse l'impérialisme manger ce qui aurait du servir à doter le Sénégal et l'Afrique de structures de santé, d'éducation, de sécurité.	mafand	Senegalese News (MAFAND)
wo-ar-0964	Pastef, moo ëpp wërsëg, niki bu sampoon ndëndam ci wotey njiitu réew yi ci réew yu booloo yi!	باستيف لديه فرصة أفضل مما لو ترشح لرئاسة الولايات المتحدة!	Pastef a plus de chance que s'il se presentait aux presidentiels des etats unis ,donc de la folie !	mafand	Senegalese News (MAFAND)
wo-ar-1043	Ndam li kenn waru cee tëb ak a dal,	لا يجب لأحد أن يققز فرحا بهذا الفوز،	Car si le score ne peut être considéré comme flatteur, tant les Sénégalais se sont montrés supérieurs aux Kényans, il ne reflète pas les difficultés rencontrées par les Lions de la Téranga qui encore une fois ont connu toutes les peines du monde pour concrétiser leurs occasions.	mafand	Senegalese News (MAFAND)
wo-ar-0490	Waa ju amee xaalis ni moom te yor beneen liggéey, di ñëw fii, di am benn poñ joŋante bu nekk ñu koy tàccu, loolu ñàkk a jox gëdd po mi la ak ñépp ñi ko jox seen dund gépp.	أن يأتي شخص لديه الكثير من المال ولديه مهنة أخرى إلى هنا، ويحرز نقطة في كل مباراة ثم يتم التصفيق له، فهذا قلة احترام للعبة ولكل من ضحى بحياته من أجلها.	Pour un gars qui a tant d’argent et qui a une autre carrière, venir ici, mettre un point par match et être quand même adulé, c’est un manque de respect pour le jeu et pour tous ceux qui ont sacrifié leur vie pour ça.	mafand	Senegalese News (MAFAND)
wo-ar-0693	Waaye dafa mel ni nguur gi nga xam ne moo ëmb lépp yégalu ko yaramam.	ولكن يبدو أن الحكومة التي تتحكم في كل شيء لم تلق له بالا.	Quant au débat libre et délibéré sur les réseaux sociaux, il a glissé allègrement du viol au mariage précoce avec là aussi, chez certains, une indignation communautaire qui peine à prendre l’ascenseur pour l’étage de la Nation, situé un cran au dessus, et chez d’autres, de sombres tentatives de donner raison à la jeune animatrice par des statistiques fétides qui, à défaut de renforcer la vérité des faits, établit la preuve de la haine de l’autre.	mafand	Senegalese News (MAFAND)
wo-ar-1241	ngir am ci xéewal yiy tukke ci màrse bi ñépp bokk.	لاغتنام الفرص القادمة من هذه السوق المشتركة.	Le nouvel entrant usera de ses dotations factorielles (pétrole qui représente 40% du PIB et de son capital humain riche de 196 millions d’habitants) pour saisir les opportunités qu’offre ce marché commun.	mafand	Senegalese News (MAFAND)
wo-ar-0478	Tolluwaayu baatin mën a doon jàlluwaay bu am solo ngir dëgëral li lëkkale wàll wii ak wàll wee.	قد تكون الحالة الميتافيزيقية مرحلة انتقالية مهمة لتعزيز الرابط بين هذا الجانب وذاك.	Et l’état métaphysique serait juste une phase de transition nécessaire pour assurer le pont de l’une à l’autre.	mafand	Senegalese News (MAFAND)
wo-ar-0984	Loolu gaañ na ma, ba àgg ci képp ku nekk ci mbooloo mi,	وقد أضر ذلك بي وصولا إلى جميع أعضاء الفريق؛	Cela m’a blessé, ainsi que toute l’équipe, car ces messages ont été intentionnellement divulgués aux médias, créant des interférences négatives avec le personnel, créant des doutes et des malentendus.	mafand	Senegalese News (MAFAND)
wo-ar-0224	Li tax ñu gën a jàppal tànk Senegaal, donte sax ci jamonoy mbas lañu nekk, dafay wone kóolute gu kuréeli koomi àdduna bi am ci liggéey bu njiitu réew mi Maki Sàll ci njàmbaarte gu mu def ci yokkute gi, ci pas-pas bi mu wone ci jëfandiku gi ñeel gafa réew mi, ak taxawaay bi mu am ci mbir bi.	فما جعلهم يساعدون السنغال، بغض النظر عن الأزمة الصحية، يدل على الثقة الكبيرة للسوق المالية الدولية في العمل والمجهود الذي يبذله الرئيس ماكي سال في التنمية، وفي إصراره لطريقة إنفاق مال الدولة، وموقفه تجاه الأمر.	Habib NDAO: Oser prendre plus de risques pour une survie des opérateurs financiersL’attraction pour les titres du Sénégal, dans un contexte de crise sanitaire, dénote une grande confiance du marché financier international dans les politiques publiques menées par Son Excellence Monsieur le Président de la République, au regard des performances économiques du Sénégal, en matière de croissance, de maîtrise du déficit budgétaire et de gestion proactive de la dette.,	mafand	Senegalese News (MAFAND)
wo-ar-0966	te loolu wuute naak Romains yiy doxal.	ويختلف هذا عن الروميين الذين يديرون.	Le Naples continue sa trajectoire négative et c’est le contraire pour les Romains qui enchaînent.	mafand	Senegalese News (MAFAND)
wo-ar-0734	Ci lim bi, gis nañu ci turu njool mii di Tàkko Faal ak Yusufa Faal mi nga xam ne bëgg-bëggam moo nekkoon réewum Farãas woo ko.	رأينا في القائمة اسمَ تاكو فال الطويل القامة ويوسوف فال الذي كانت نيته هي أن يتم دعوته من قبل فرنسا.	Dans cette liste on note la présence du longiligne joueur des celtics en (Nba) Tacko Fall, et la présence Youssoupha Fall, qui avait opté dans un premier temps de jouer pour la France.	mafand	Senegalese News (MAFAND)
wo-ar-0595	Gisuma ci lenn lu ñaaw, ëllëg, bu Senegaal awee yoon wu bokkul ak wu Móoritani wala Marog, wala yeneen.	لا أرى أي ضرر في المستقبل إذا اتبعت السنغال نهجا مغايرا عن موريتانيا أو المغرب أو غيرهما.	Je ne vois aucun mal, demain, si le Sénégal emprunte la même démarche à l’encontre de la Mauritanie ou du Maroc pour ne citer que ceux-là.	mafand	Senegalese News (MAFAND)
wo-ar-0855	dégg nañu ko, teg ci jàllale nañu ko, di xaar àttekat bi altine jii.	سمعناها وأبلغنا عنها وننتظر القاضي يوم الاثنين.	La malheureuse animatrice qui s’est, entre temps, et dés le lendemain, fendue de plates excuses, les larmes aux yeux, mettant en avant son expérience de dix ans comme une médaille de guerre et sa poularitude comme si cela constituait une circonstance atténuante, a été entendue puis placée en garde à vue en attendant de rencontrer le juge ce lundi.	mafand	Senegalese News (MAFAND)
wo-ar-0198	Njariñal PASTEEF mooy ñu gën di def ay ŋàññ yu amee solo nii te muy méngook seen gëm-gëm ak seen taxawaay.	تكمن أهمية PASTEF في تقديم المزيد من مثل هذه الانتقادات الهامة ذات الصلة بمبادئها السياسية والأيديولوجية.	PASTEF gagnerait toujours à susciter ce genre de critiques pertinentes de sa ligne politique et idéologique.	mafand	Senegalese News (MAFAND)
wo-ar-1213	Lile dafay firndeelaat ag ñàkk a xelu gu am ci anam wi ñu séddale dundu bi,	ويثبت هذا مرة أخرى عدم منطقية الظروف التي تم فيها توزيع الطعام،	Cette situation prouve encore l’impertinence du choix de la distribution de denrées à la place d’un transfert d’argent, qui aurait permis d’éviter des charges supplémentaires.	mafand	Senegalese News (MAFAND)
wo-ar-0512	Ndax dafa def xarit Sëriñ Mbàkke Njaay mi koy jañ ci def njuumte yu ki mu fi wuutu, mu di ko déey ay xalaat yu bon ?	هل يتخذ من سرين امباكي انجاي الذي يدفعه إلى تكرار أخطاء سلفه صديقا ليزرع في عقله أفكارا خبيثه؟	Prend-il pour ami Serigne Mbacke Ndiaye qui le pousse à répéter les erreurs de son prédécesseur en lui chuchotant des propositions aussi périlleuses ?	mafand	Senegalese News (MAFAND)
wo-ar-0218	ci misaal mën nañu koo delloo li mu def ci wàllu wér-gu-yaram, am na sañ-sañu fayeeku bés bu àllateretee. Lii nag bokkul yeneen xeeti dagg lempo yi nga xam ne dara dellusi ci moom.	فمثلا يمكن أن يُرد إليه ما يمكن إنفاقه لسداد النفقات الصحية، أو يحق له في الحصول على معاش تقاعدي، بخلاف الضرائب بكافة أنواعها التي تفرض دون تعويض.	Par cela, ils se distinguent des impositions de toutes natures en ce sens que celui qui a payé les cotisations dispose d'une contrepartie directe et individuelle, il a droit à une prestation d'assurance en retour, par exemple, le remboursement des dépenses de santé, le droit à une pension de retraite, à l'inverse des impositions de toute nature qui sont prélevées sans contrepartie.	mafand	Senegalese News (MAFAND)
wo-ar-0523	Ku am mbooloo la ci ñi ko sopp.	ويحظى بشعبية كبيرة لدى محبيه.	Populiste pour les moins réceptifs et les détracteurs, on dira populaire pour ceux qui sont tombés sous son charme.	mafand	Senegalese News (MAFAND)
wo-ar-0977	Noo ngi rafetlu jëfi jàppoo gi ñu nemmeeku fépp,	إننا نشيد بأعمال التضامن التي نشهدها في كل مكان،	Nous magnifions les actes de solidarités qui sont enregistrés un peu partout et appelons ainsi chaque Sénégalais à prêter main forte aux sinistrés dans la mesure de ses moyens et capacités.	mafand	Senegalese News (MAFAND)
wo-ar-1248	Ngan gi nga xam ne, seetlukat yi, ag defaruwaat ba jekk lañu ko jàppe, ñëw na ci jamono joo xam ne, xayma bi Këru xayma gii di (ANSD) def ci weer wi, wone na ne li réewum Siin di dugal ci xaalis ci réew mi moo ëpp fuuf li réewum Farãas di dugal ndax ci benn diggante bi, tus ba ñeen-fukk ak juróom,	تأتي هذه الزيارة التي يراها المراقبون بمثابة إعادة تشكيل الأمور في وقت تظهر لنا الإحصاءات التي قامت بها وكالة (ANSD) هذا الشهر أن حصة الصين من الاستثمارات في بلادنا أعلى بكثير من حصة فرنسا على مقياس من صفر إلى خمس وأربعين،	Cette visite, perçue par un bon nombre d’observateurs comme une mise au point, intervient dans un contexte où le dernier bulletin mensuel des statistiques économiques de l’Agence nationale de la statistique et de la démographique (ANSD) nous informe que la part chinoise dans les investissements productifs agréés dans notre pays est de loin à 44,6% sur une échelle de 0 à 45 par rapport à celle de la France qui se situe à 5,3% sur la même échelle.	mafand	Senegalese News (MAFAND)
wo-ar-0435	Ñu ngi fàttaliku ne njiitu PASTEF jógul woon ci di woo kilifay aada yi ak yu diine yi ñu dugal seen loxo ci càmmug jàmm ji ak déggoo bi ci réew mi, jaare ko ci seeni sañ-sañ ngir xirtal njiitu réew mi Maki Sàll mu dakkal sëqëtoo ak xeex ay wujj pólótigam.	نتذكر أن زعيم حزب باستيف لم يتوقف يوما عن دعوة السلطات العرفية والدينية للتدخل من أجل الحفاظ على السلام والوئام في البلاد، وذلك من خلال استغلال نفوذهم لحمل الرئيس ماكي سال على وضع حد للهجوم على خصومه السياسيين ومحاربتهم.	Nous nous souvenons que le leader du PASTEF n’avait cessé d’appeler les autorités coutumières et religieuses à intervenir pour la préservation de la paix et de la concorde dans le pays, en usant de leur influence pour amener le Président Macky Sall à mettre fin à cet acharnement systématisé contre ses adversaires politiques.	mafand	Senegalese News (MAFAND)
wo-ar-1001	Ñun ñépp, nanu àndandoo wote ngir génne fi jalgati yoon,	لنصوت جميعا معا للتخلص من الظلم،	A tous votez massivement pour faire partir l'injustice, les complots, la dynastie faye sall dont aucune consideration pour le peuple	mafand	Senegalese News (MAFAND)
wo-ar-0672	Sañ ngeen a wax tay jii ne xaalis bi ngeen dugal ci ndimbalu dund gi tollu na ci juróom-benn-fukk???	أيجدر بكم اليوم أن تقولوا أن المبلغ الذي أنفقتموه على المساعدات الغذائية بلغ ستين ؟؟؟	Par ailleurs, vous osez dire qu’à ce jour le montant global de toutes les dépenses effectuées dans le cadre de l’aide alimentaire s’élève à 60.	mafand	Senegalese News (MAFAND)
wo-ar-0741	Njiitu bokk-moomeel bu Cees mu ngi ci jiixa-jaaxa.	رئيس بلدية تياس في حالة اضطراب.	Le maire de la ville de Thiès est dans la tourmente.	mafand	Senegalese News (MAFAND)
wo-ar-0211	looloo tax jot na léegi léegi ñu sumb waxtaan.	ولهذا السبب حان الوقت وبسرعة لعقد المؤتمر.	Ce chantier nécessite une politique préventive, curative et répressive efficace, d’où l’urgence de tenir des assises.	mafand	Senegalese News (MAFAND)
wo-ar-0477	Joxe sag jot ak sa doole ngir indi, saa bu ware, lu ñu xalaat ne moo gën ci askan wi.	امنح وقتك وطاقتك من أجل تقديم شيء يعتقدون أنه الأفضل للمجتمع عند الحاجة.	Donner de son temps et de son énergie afin d’apporter quand il faut quelque chose qu’on pense meilleur pour la communauté.	mafand	Senegalese News (MAFAND)
wo-ar-1141	Li am mooy, ab jaay-doole la bu ñu jëfandikoo dooley nguur ba pare def ko	ما حدث كان بالقوة وتم تنفيذه باستغلال سلطة الدولة	Il s’agissait, en fait, d’un coup de force conduit avec les moyens et les institutions de l’Etat, en totale violation des lois de notre République.	mafand	Senegalese News (MAFAND)
wo-ar-1200	Soxna si, xaaral mu jël say kayit.	سيدتي، عليك الانتظار حتى يأخذ ملفك.	Madame il faut attendre qu’ils récupèrent votre dossier.	mafand	Senegalese News (MAFAND)
wo-ar-0745	Yaakaar nañu ne itam coppitee yooyu dina eksi Senegaal ci atum 2024.	ونأمل أن تصل هذه التغييرات إلى السنغال في عام 2024.	En Guinée Bissau comme au Niger, nous y sommes presque…Nous espérons que ce vent de changement gagnera le Sénégal en 2024.	mafand	Senegalese News (MAFAND)
wo-ar-0444	Ay laaj yu gàtt jëmale ci jëwriñ ji : Ndax man ngaa miim amug bérébi denc xaalis yooyu ?	بعض الأسئلة القصيرة للسيد: هل تستطيع إنكار وجود هذه الحسابات؟	Alors, quelques questions simples à monsieur le ministre : Pouvez-vous (oserez-vous) nier l’existence de ces comptes ?	mafand	Senegalese News (MAFAND)
wo-ar-1252	Tey, Sinwaa bi dafa gëm ni Siin moo war a jiite àddina si te dog-dog dafa ko daloon ci diggante bi, Àngalteer ak Sàppoŋ raw ko.	يؤمن الصيني اليوم أن الصين يجب أن تقود العالم، لكنها شهدت توقفا وتجاوزتها إنجلترا واليابان.	Tey, Sinwaa bi dafa gëm ni Siin moo war jiite àddina si te ndog-ndog da ko daloon ci diggante bi, Àngalteer ak Sàppoŋ raw ko.	mafand	Senegalese News (MAFAND)
wo-ar-0957	Ci luy ñëw, dina baax ba mbooloom araftukat yi ci wàllu wér-gi-yaram gi, ñu temm ci tëralin yeek xaajaloo gi ci xam-xami settantal yi ñu teg.	من الجيد أن يمتثل فريق المحذرين في المجال الطبي للمعايير والمواصفات الفنية المنصوص عليها في المواعيد القادمة.	Par conséquent, il est important que les équipements de mesure dans le domaine médical soient conformes aux normes et spécifications techniques établies.,	mafand	Senegalese News (MAFAND)
wo-ar-0553	Dëgg la ñàkk par-parloo ci benn boor mooy li gën.	صحيح أن الحياد القيمي هو الأفضل.	Il est vrai que la neutralité axiologique est un idéal et qu’il n’existe pas de travail scientifique “neutre“ au sens vrai du terme.	mafand	Senegalese News (MAFAND)
wo-ar-0266	MD : dañu la fal bees njiitu kuréel gu Mojib Farãas, lan nga nas ?	م.د: لقد تم انتخابك حديثا منسقا لجماعة موجيب-فرنسا، ماهي مشاريعك؟	MD : Tu a été nouvellement élue en tant que coordinnatrice du Mojip France, quels sont tes projets ?	mafand	Senegalese News (MAFAND)
wo-ar-0201	Bokk na ci ñoom, ñiy nasaxal pexey sàmbaa-bóoy yi ak ñi seen xam-xam màcc ci wàllu yoon ngir yor kaaraange gàmmu gi	ومن بينهم قسم التحقيق الجنائي والشرطة القضائية، في إطارأمن عيد المولد النبوي،	Selon lui, la Police nationale a déployé à Tivaouane près de 2000 éléments notamment de la brigade de recherches et de la police judiciaire, dans le cadre de la sécurisation du Gamou, une manifestation religieuse qui draine des centaines de milliers de personnes dans ce chef-lieu de département dans la région de Thiès.	mafand	Senegalese News (MAFAND)
wo-ar-0462	Kurélu lëñbët gu Péncu ndawi réew mi, bi mu seetloo bu baax jëf yi ñuy tuumaal Maamur Jàllo, tënk na ne, lu yéeme, Maamur Jàllo sàccul alali réew mi te amul lu ñu ko mën a toppe tamit.	خلصت لجنة التحقيق التابعة للجمعية الوطنية بعد فحص دقيق للحقائق التي تدين مامور ديالو إلى استنتاج محير مفاده أن مامور ديالو لم يختلس أموال الدولة وليس هناك أي شيء لمتابعته.	La commission d’enquête parlementaire, après avoir détaillé des faits qui incriminent Mamour DIALLO tout au long de l’exposé du rapport, aboutit à la conclusion ahurissante de l’absence de détournement de deniers publics et inexistence d’un quelconque comportement répréhensible de Monsieur Mamadou Mamour DIALLO.	mafand	Senegalese News (MAFAND)
wo-ar-0843	Sumbkatu làmb bi, Paab Caalis Fay taxawal na làmbi Tafaa Tin ak Booy Ñaŋ 2, jàpp nanu ko ci juróom-ñetti fan ca aareen nasiyonaal ba.	قام مروّج المصارعة باب جاليس فَيْ بتنظيم مباراة المصارعة بين تَفَا تن وبوي انيانغ 2 المقرر إقامتها في الثامن في الحلبة الوطنية.	Le promoteur de lutte Pape Thialis Faye a monté l’affiche Tapha Tine-Boy Niang 2, prévu le 8 août à l’arène nationale.	mafand	Senegalese News (MAFAND)
wo-ar-1070	Ca ginnaaw ga tuuti, sàndarma yi, ci ndigalu Ja, ga deppite yi ñu génn béreb ba,	وبعد ذلك بقليل، أجبرت قوات الدرك النواب على الإجلاء بأمر من جَهْ،	Un peu, plus tard, la gendarmerie, sous l’ordre de Dia, forcèrent les députés à évacuer les lieux, quatre d’entre eux refusèrent et furent prise en otage, ils furent finalement libérés par parachutiste sous l’ordre de Senghor.	mafand	Senegalese News (MAFAND)
wo-ar-1129	Takku taxaw temm boo xam ne la, dangay fàtte sa bopp, jëf ngir ñépp.	إنه التزام راسخ تنسى فيه نفسك لتعمل من أجل صالح العام.	Il s’agit d’un engagement, qui taise le soi au détriment du commun.	mafand	Senegalese News (MAFAND)
wo-ar-1056	Saajo Maane moo dugalaat waaye bitu temboo bu Wilfried,	سجل ساديو ماني مرة أخرى لكن هدف التعادل لويلفريد،	Sadio Mané buteur encore une fois, mais l’égalisation de Wilfried Zaha allait tout compromettre si Firmino n’avait pas inscrit le 2e but de son équipe, synonyme de victoire.	mafand	Senegalese News (MAFAND)
wo-ar-1235	Kilifag Senegaal bile di Amadu Galo Faal, njiitu BAL, moo jox kub bi nga xam ne nataalu ag guy la.	قدم الزعيم السنغالي ورئيس BAL، أمدو غَال فالْ، الكأس التي تمثل شجرة الباوباب.	Le dirigeant sénégalais Amadou Gallo Fall, président de la BAL, a remis au champion le trophée représentant un baobab.	mafand	Senegalese News (MAFAND)
wo-ar-0924	nga ne déjj déjjaaral ci sab saal, di lido ak say doom, naan ñakk bi nii, ñakk bi naa ak di saraxu ñu baal la ab bor.	وتلعب النرد مع أطفالك قائلا إن الحقن: هذا وذاك، وتتسول ليعفوك من الديون.	Jamono joo xam ne, njiiti réew yi am fulla te fonk seen i askanñoo ngi xool nu ñuy leen iy dooleele,di wër loppitaan yi ak ndefar yiy liggéey mask yi, nga ne déjj déjjaaral ci sab saal, di lido’’ ak say doom, naan ñakk bi nii, ñakk bi naa ak di saraxu ñubaal lab bor…Xéy bés rekk ne, damay faral àntarpiriis yi 200i milyaar ci seen lempo.	mafand	Senegalese News (MAFAND)
wo-ar-1145	buy def paj mu mucc-ayib.	يوفر علاجا لا تشوبه شائبة.	Le représentant des retraités, celui du Sames Djiby Sow, celui de l’intersyndicale et de la commission médicale d’établissement…ont salué les actes de gestion posés par Dr Seck et qui ont vivement contribué au rayonnement et à la performance de l’Hôpital Abas Ndao.	mafand	Senegalese News (MAFAND)
wo-ar-0044	te dafa ma niru ne yooyu joxuñu leen seen gëdd, te xamul ne doxinu kurél gu mag noonu lay deme.	ويبدو لي أن هذه الأشياء لم يتم تقديرها كما يجب، وأنه لم يتم فهم أن حركة ناد كبير تعمل بهذه الشاكلة.	Je suis né gagnant et j’étais ici pour conquérir des trophées, mais au-delà de cela, il y a les êtres humains, les émotions, la vie et j’ai le sentiment que ces choses n’ont pas été valorisées, et qu’il n’a pas été compris que la dynamique d’un grand club se maintient comme ça.	mafand	Senegalese News (MAFAND)
wo-ar-0391	Sónko ñaajal, say biddéew feq na ngir nga eggale say naal!	انطلق يا سونكو، فإشارات النجاح تتلألأ أمامك، والقدر يساند خطواتك لتحقيق أهدافك!	Après tout cette attitude d’attentisme et d’inaction de l’opposition lui sert! Président Sonko, foncez,les planètes sont bien alignées pour arriver à votre dessein! Opposants du Sénégal, de grâce jouissez sans limite de vos droits! Abib Diop.	mafand	Senegalese News (MAFAND)
wo-ar-0642	Wàllikati làmb yaa ngi waajal xaat bëreb Bàlla Gay 2 ak Bombaarjée, fan-eeri fan ak benn ci weeru sulet.	يستعد المشجعون بالفعل لنزال بالا غاي 2 وبومبارجييه في 31 يوليو.	Les amateurs se préparent déjà au combat Balla Gaye 2-Bombardier, le 31 juillet.	mafand	Senegalese News (MAFAND)
wo-ar-1238	Te ñu koy gën di jëfandikoo ci mbay mi, maanaam, li ëpp ci li ñuy jariñal ci Senegaal.	والتي تُستخدم بشكل رئيسي في الزراعة؛ أي الغالبية العظمى مما نستفيد منها في السنغال.	), qui ??? est principalement utilisé au niveau de l'agriculture familiale, c'est-à-dire l'écrasante majorité des exploitations au Sénégal.	mafand	Senegalese News (MAFAND)
wo-ar-0596	Ci seetlu boobu, kilifay Mbootaayu réewi Afirig sowu jànt ngir koom-koom bi war nañu gën a liggéey seen tëralin wi ñu dëppoo (nafarug ponk yi, dëgëralug nguur yi)	وفي هذا الصدد، ينبغي على سلطات الجماعة الاقتصادية لدول غرب أفريقيا بذل المزيد من الجهود بشأن القوانين التي وافقت عليها (مراجعة المعايير، والتعزيز المؤسسي).	Face à ce constat, les autorités de la CEDEAO doivent mettre l’accent sur leur programme de convergence (révision des critères, renforcement institutionnel).	mafand	Senegalese News (MAFAND)
wo-ar-0593	Beresil ak Senegaal dañoo témboo ku ne am benn bal.	تعادل البرازيل والسنغال بهدف لكل منهما.	Le Brésil et le Sénégal se sont quittés sur un score nul (1-1).	mafand	Senegalese News (MAFAND)
wo-ar-0171	Dëgg la, ndax ay sàndarma mës na ñoo dem sama kër yaay ca Sigicoor ngir nangufay kayiti parenaas.	هذه حقيقة؛ لأن الشرطة سبق وأن ذهبت إلى منزل والدتي في سِيغِيسور لمصادرة استمارات الرعاية.	–Dëgg la ndaxay sàndarma mës na ñoo demsama kër yaay ca Sigicoor ngir nangufay kayiti parenaas.	mafand	Senegalese News (MAFAND)
wo-ar-0929	te Messi moo doon, moom doŋŋ, tàggatu gi dugal benn bal ci fukk ak juróomi joŋante yu mujj yi mu def ci Ligg dee sàmpiyoŋ bi.	وأصبح ميسي اللاعب الوحيد الذي سجل هدفا واحدا في آخر خمس عشرة مبارة في دوري أبطال أوروبا.	Score final 2 buts à 1 et Messi devient le seul joueur à avoir inscrit au moins 1 but lors des 15 dernières ligues de champions.	mafand	Senegalese News (MAFAND)
wo-ar-0243	Samp naa laaj boobu ci atum 2016 te booba nekkaguma sax ab ndawal askan.	طرحت هذا السؤال في عام 2016 ولم أكن نائبا بعد.	1- J’ai soulevé cette question, pour la première fois, en 2016 alors que je n’étais pas encore député.	mafand	Senegalese News (MAFAND)
wo-ar-0847	Pólisu Farãas taxaw na ci siifeb liggéey bu am xaalis ak bérébu liggéeyukaayu Farãas bi, Tactical Steel, bu sampu ci Var bi, jàpp Seyne-sur-Mer.	"أبدت الشرطة الفرنسية اهتمامها بعقد مربح مع شركة ""تاكتيكال ستيل"" الفرنسية التي يقع مقرها في فار إلى سين سير مير."	La police française s’intéresse à un juteux contrat signé avec l’entreprise française Tactical Steel, basée dans le Var, à La Seyne-sur-Mer.	mafand	Senegalese News (MAFAND)
wo-ar-0404	ndëgërlaayu koom-koom li, juróom-ñaari téeméeri milyaar ak juróom-fukk ak juróom ci xaalisu Seefaa, doyalug dund gi, juróom ñaar-fukki milyaar ak juróom-ñaar ak juróom-benn-téeméeri milyoŋ.	استقرار الاقتصاد الكلي سبعمائة وخمسة وخمسون مليار سيفا، وضمان الامدادات سبعة وسبعون مليارا وستمائة مليون سيفا.	Les ressources mobilisées sont de 1002 000 000 000 F CFA (contributions volontaires 20 000 000 000 FCFA, recadrage budgétaire 119 000 000 000 FCFA, prêts programmes 623 000 000 000 FCFA, dons budgétaire 240 000 000 000 FCFA) et les dépenses pour la résilience sont de 1014 300 000 000 FCFA (santé 78 700 000 000 FCFA, social et diaspora 103 000 000 000 FCFA, stabilité macroéconomique 755 000 000 000 FCFA, sécurisation de l’approvisionnement 77 600 000 000 FCFA).	mafand	Senegalese News (MAFAND)
wo-ar-0545	Mbir mii dina wane, ak lu mu tuuti tuuti, dëgg-dëggi melokaanu xeetu toppinu yoon cig gënële ca Farãas, ci nga bokk ci yenn askan yi wala yeneen ya.	ستكون لهذه القضية مهما كانت ضئالتها الكشف عن الطبيعة الحقيقية للمعاملة التفاضلية للعدالة في فرنسا اعتمادا على انتمائك إلى مجتمعات معينة أو غيرها.	A quelque chose malheur est bon nous dit l’adage : cette affaire aura au moins l’utilité de révéler la vraie nature du traitement différencié des justiciables en France selon qu’ils appartiennent à certaines communautés ou d’autres.	mafand	Senegalese News (MAFAND)
wo-ar-0347	Ki ñuy jàngal ne: ayca tijji leen seeni téere.	قال معلمنا: هيا، افتحوا كتبكم.	Notre Maître nous a dit : Allez, ouvrez vos livres.	mafand	Senegalese News (MAFAND)
wo-ar-0974	Ab oto bu ràññeeku, bu nekkoon ci dëkku diine bu sell bi, Tiwaawan, moo mbëkkante ak beneen bu jóge ci beneen boor bi.	اصطدمت سيارة متميزة كانت في المدينة تيواون المقدسة بأخرى كانت قادمة من الاتجاه المعاكس.	Un véhicule particulier, qui était à destination de la ville sainte de Tivaouane, est entré en collision avec un autre qui prenait le sens inverse.	mafand	Senegalese News (MAFAND)
wo-ar-1142	ci jalgati bépp yoonu réew mi.	في انتهاك تام لقوانين الجمهورية.	Il s’agissait, en fait, d’un coup de force conduit avec les moyens et les institutions de l’Etat, en totale violation des lois de notre République.	mafand	Senegalese News (MAFAND)
wo-ar-0382	Metti na waaye nanu booloo, te dajaloo ci benn naal bu ñu bokk : suuxat Senegaal ci soppi tëralinam.	إنه صعب، ولكن دعونا نجتمع ونركز على المشروع الوحيد المشترك بيننا: وهو تطوير السنغال من خلال تغيير نظامها.	C’est difficile mais restons mobilisés et concentrés sur le seul projet que nous avons en commun : transformer le Sénégal en changeant son système.	mafand	Senegalese News (MAFAND)
wo-ar-0668	Bu ñu jëlee misaal, Jomaay waxu fi dara lu bees.	وبأخذ هذا المثال، لم يتحدث جُوماي عن أي شيء جديد.	En prenant cet exemple, Diomaye n’a fait aucune révélation, dans la mesure où c’est une affaire que l’opinion publique connaît parfaitement.	mafand	Senegalese News (MAFAND)
wo-ar-0285	Séville def na li mënul ñàkk ci digganteem ak Léganes.	فعل إشبيلية ما هو الضروري ضد ليجانيس.	Le minimum service pour le FC Séville contre Leganes.	mafand	Senegalese News (MAFAND)
wo-ar-1266	loolu dafay tekki ne, kilifteefu nguur gi wala sax gu Njiitu réew mi dafa nërméelu ba ay nit di mën a am sañ-sañu jox liggéeykati njiiteefam gi ay kayit yu bon ngir ñu sukaandiku ci,	هذا يعني أن سلطة الدولة، أو سلطة رئيس الجمهورية قد انهارت إلى حد أن هناك أفراد لهم الحق في إعطاء موظفي إدارته أوراقا مزورة ليعتمدوا عليها	En effet, si, comme ??? il veut le faire croire, le décret remis aux agents de l’administration est un faux, cela voudrait dire que l’autorité de l’Etat et par ricochet celle du Président de la République s’est tellement affaissée que des individus s’autorisent allègrement sous son régime à mettre à la disposition des agents de l’Etat une fausse base de travail (décrets et probablement lois).	mafand	Senegalese News (MAFAND)
wo-ar-0305	Ngir wone ne jigéen la, njiital FMI mi ngi wax ci njàmbaarteg Senegaal.	للتباهي كامرأة، تتحدث رئيسة FMI عن أداء السنغال.		MasakhaNER	Senegalese News (MasakhaNER)
wo-ar-0965	Naples a ngi wéyal yoonam wu bon wi,	يواصل نابولي مسارها السلبي،	Le Naples continue sa trajectoire négative et c’est le contraire pour les Romains qui enchaînent.	mafand	Senegalese News (MAFAND)
wo-ar-0032	Kii nekk nii ñu tabb ko Njiital këru yéglekaay gi, Soleil moo ngi ciy demeek yabaateem gu mu tàmm.	يتصرف هذا الكائن الذي تم انتخابه مديرا عاما لإذاعة Soleil في الأمر بغطرسته المعهودة.	le ci-devant nommé, par ailleurs Directeur général du Soleil y est allé de son arrogance habituelle.	mafand	Senegalese News (MAFAND)
wo-ar-0344	Mbokki réew mi!	أيها المواطنون!	Chers compatriotes, l’exercice de concertation avec des segments jugés significatifs de la nation auquel le Chef de l’État s’est livré depuis quelques jours en ces moments où son temps précieux aurait pu être consacré entièrement à monter au front de la lutte en bon timonier, ne doit surtout pas se résumer à une mise en scène théâtrale.	mafand	Senegalese News (MAFAND)
wo-ar-1210	Mu joxe juróom-fukk ak juróom-ñaari milyaar yu teg ñaar-téeméer ak juróom-ñett-fukki milyoŋ ak juróom-ñeent yu teg ñaar-téeméer ak juróom-ñett-fukki junne ak juróom-ñeent yu teg juróom-fukk ak juróom-ñett yu teg ñaari fiftin ngir jënd dundu bu ñu jagleel benn milyoŋu borom kër bu teg téeméeri junne	قدّم سبعة وخمسين مليارا ومائتين وتسعة وثمانين مليونا ومائتئن وتسعة وثمانين ألفا ومائتين واثنتين وتسعين لشراء مواد غذائية مخصصة لمليون ومائة ألف أسرة	Ils donnent un montant de 57 289 289 292 FCFA payé pour l’achat des denrées alimentaires pour 1 100 000 ménages (588 045 RNU, 411 955 ciblages communautaires et 100 000 pour les groupes spécifiques) à raison 66 000 FCFA le kit par ménage.	mafand	Senegalese News (MAFAND)
wo-ar-0010	Te loolu mooy tekki, ci tënk, wooteb waxtaan ci réew mi, ca ëllëgu sa, ñuy siiwalee njuréefi wote ba.	وهذا يفسر عموما الدعوة إلى الحوار الوطني في اليوم التالي لإعلان النتائج.	Et c’est cela qui explique, pour l’essentiel, l’appel au dialogue national le lendemain même de la proclamation des résultats.	mafand	Senegalese News (MAFAND)
wo-ar-0181	Ginnaaw ba ñu amee ak tële ci won askanu Senegaal ni ñoo bokk lépp.	بعد فشلنا في أن نثبت للسنغاليين أننا نشترك كل شيء.	Après avoir échoué à démontrer aux sénégalais que nous sommes pareils et semblables à eux, les RA.	mafand	Senegalese News (MAFAND)
wo-ar-0518	Ginnaaw pàcc boobu, liggéeykati kër doktoor yi waruñoo des ginnaaw.	بعد تلك المرحلة، يجب ألا يتخلف العاملون في المجال الصحي عن الركب.	Après cette phase, le personnel de la santé ne doit pas être en reste.	mafand	Senegalese News (MAFAND)
wo-ar-0605	Ci mbir moomu, wax na ne xaalisu Seefaa doomu Afirig moomuñu ko.	وفي هذا الصدد، قال إن الفرنك الأفريقي ليس ملكا للأفارقة.	Dans ce cas, il affirme que le FCFA n’appartient pas aux africains.	mafand	Senegalese News (MAFAND)
wo-ar-1201	Waaye nettali bii dafay joxe yenn digle, bu dee sax ndoortelu saafaray li ñu gis ne doxul la.	إلا أن التقرير يقدم بعض التوصيات حتى ولو وإن كانت بداية الحل لهذه المشاكل تعتبر غير ناجحة.	Néanmoins, ce rapport propose à travers un certain nombre de recommandations, ne serait-ce qu’un début de solution aux dysfonctionnements constatés.	mafand	Senegalese News (MAFAND)
wo-ar-0403	Wér-gu-yaram, juróom-ñaar-fukk ak juróom-ñetti milyaar ak juróom ñaari téeméeri milyoŋ ci xaalisu Seefaa, ndimbalu askan wi ak doomi réew mi yi nekk bitim réew, téeméer ak ñetti milyaar ci xaalisu Seefaa,	الصحة ثمانية وسبعون مليارا وسبعمائة مليون سيفا، مساعدة الشعب والمغتربين مائة وثلاثة مليارات سيفا،	Les ressources mobilisées sont de 1002 000 000 000 F CFA (contributions volontaires 20 000 000 000 FCFA, recadrage budgétaire 119 000 000 000 FCFA, prêts programmes 623 000 000 000 FCFA, dons budgétaire 240 000 000 000 FCFA) et les dépenses pour la résilience sont de 1014 300 000 000 FCFA (santé 78 700 000 000 FCFA, social et diaspora 103 000 000 000 FCFA, stabilité macroéconomique 755 000 000 000 FCFA, sécurisation de l’approvisionnement 77 600 000 000 FCFA).	mafand	Senegalese News (MAFAND)
wo-ar-1014	te dafa mel ni, dañoo dem ba di ko jàppe ni mbër mu yem doole ak njiitu réew mi Maki Sàll.	ويبدو أنه يُنظر إليه على أنه نظير في القوة للرئيس ماكي سال.	Et les évènements de mars dernier auxquels son nom restera à jamais attaché, semble-t-il, ont fini de le positionner en challenger du chef de l'État Macky Sall.	mafand	Senegalese News (MAFAND)
wo-ar-0931	Mel na ne ci biir réew mi yépp, ndawi bëgg sa réew yi, dañuy bay.	يبدو أنه في جميع أنحاء البلاد يزرع الشباب الوطنيون.	Il se trouve que dans tout le pays les jeunes Patriotes cultivent.	mafand	Senegalese News (MAFAND)
wo-ar-1094	Jëlukaayu tàngaayu yaram, nattukaayu taasiyoŋ, niitukaayu biir bër ngir faj bët bi, màndargay kuurãa biy dox ci xol ak ñoom seen.	مقياس الحرارة، مقياس ضغط الدم، منظار العين لعلاجها، مخطط كهربية القلب وما إلى ذلك.	Il s’agit du thermomètre, du tensiomètre, de l’ophtalmoscope, de l’électrocardiogramme etc.,	mafand	Senegalese News (MAFAND)
wo-ar-0314	Ñii nekk ci kujje gi amuñu benn gis-gis.	يفتقر من هم في المعارضة إلى الرؤية.	Ces opposants manquent de vision	mafand	Senegalese News (MAFAND)
wo-ar-0215	Ab woto bu joge woon Binjoona dafa këppu ci yoonu Gàmbul Coog nekk ci diwaanu Kawlax.	انقلبت حافلة قادمة من بنجونا على طريق جامبول جوك في منطقة كاولاك.	Un bus en provenance de Bignona vient de se renverser sur la route de Gamboul Thiock dans le département de Kaolack.	mafand	Senegalese News (MAFAND)
wo-ar-0584	Sunu askan wi dafa tënku ci ay defin, aada ak ngëm yu bari yu jëmmal suñuy yég-yég.	مجتمعنا محكوم بمجموعة من الأعراف والعادات والمعتقدات التي تشكل مشاعرنا.	Notre société est régie par un ensemble de codes sociaux, de règles, de normes et de croyances qui forment nos sentiments les plus intimes.	mafand	Senegalese News (MAFAND)
wo-ar-0238	Dëgg la, ñaari waxambaanee doon jàppante ca céet ga.	وبالفعل حدثت مشاجرة بين شابين في حفل الزفاف.	En effet, deux jeunes ont eu une altercation lors du mariage.	mafand	Senegalese News (MAFAND)
wo-ar-0804	te ñoom Koronaa wiris bi ñoom lay gën a faat.	وهم أكثر الأشخاص الذين يقتلهم فيروس كورونا.	Ceux qui seraient infectés, une fois chez eux, sont susceptibles de contaminer les personnes âgées et autres vivant avec des comorbidités, des catégories d’individus qui succombent très vite à la COVID-19.	mafand	Senegalese News (MAFAND)
wo-ar-0561	Mesi dafay dóor ak di paas ba ñu far yemoo.	كان ميسي يسديد ويمرر حتى حققوا التعادل.	Li mu defalul daarayi, nag, moo tax amul màqaama wax ci ñoom.	mafand	Senegalese News (MAFAND)
wo-ar-0488	Li teguwul ci yoon war na xiir njiitu réew mi Maki Sàll mu xalaataat bu baax ci diggante njub ak pólótig.	يجب أن تدفع هذه المخالفات الرئيس ماكي سال إلى إعادة التفكير في العلاقة بين النزاهة والسياسة.	Ces irrégularités doivent pousser le président Macky Sall à repenser de manière imminente la relation entre morale et politique.	mafand	Senegalese News (MAFAND)
wo-ar-0968	Bàyyileen di ñu reeloo ak sang bi nga xam ne, lenn rekk moo taxoon muy pólótig, mooy takk nombo tànku njiit.	توقفوا عن إضحاكنا بالسيد الذي كان سببه الوحيد في السياسة هو أن يتولى منصب المدير.	Arretez de nous divertir avec un monsieur dont sa seule condition d'existence en politique était le poste d'un DG.	mafand	Senegalese News (MAFAND)
wo-ar-1027	bokkuñu ci xeet yiy waaf wala ñuy daw bu leen ki ñuy xeexal jekkoo.	لسنا من النوع الذي يختبئ أو يهرب إذا كان الخصم الذي نقاتله ينتصر.	Nous avons un défaut presque congénital avouons-le : nous ne sommes pas de la race de ceux qui font profil bas quand l’adversaire semble disposer plus d’armes qu’eux.	mafand	Senegalese News (MAFAND)
wo-ar-0983	du yoon ñu ciy loru.	لا يجوز لنا أن نتعرض للأذى.	Évidemment, dans un pays où le voleur de nettetou est emprisonné, dans l’attente d’un jugement, alors que ceux qui sont protégés par leur immunité diplomatique ou parlementaire s’arrogent le droit de nous spolier, il n’est pas normal de s’en offusquer.	mafand	Senegalese News (MAFAND)
wo-ar-0494	Nguur yi tontu nañu Koronaa bi, ci lu gaaw te am solo, génn seen biro yi, di joqlante xibaar yi ci aju.	لقد نجحت الحكومات في الاستجابة السريعة والحاسمة لكورونا؛ خارجين من مكتباتهم وينقلون الأخبار المتعلقة بها لبعضهم البعض.	Les gouvernements ont déjà réussi à réagir de manière décisive et rapide face à la crise de la Covid-19, en mettant de côté la bureaucratie et en s’ouvrant davantage à une culture de partage des données et de coordination.,	mafand	Senegalese News (MAFAND)
wo-ar-0730	Ay nit yu foqale, ci njàppaleg meer yi, ñoo ngi dagg suuf si ci lu tegewul fenn te xooluñu sax jafe-jafey dëkkuwaay yi mu mën a jur.	يقوم أشخاص جشعون بمساعدة المحافظين بقطع الأراضي بشكل غير قانوني دون أي اعتبار لقضايا السكن التي يمكن إنتاجها.	Des personnages véreux ont pu, avec la complicité de ceux qui nous gouvernent, procéder au morcellement sauvage du sol, sans aucun égard pour les règles d’urbanisation les plus rudimentaires.	mafand	Senegalese News (MAFAND)
wo-ar-0610	Moo tax muy liggéey ngir yokkuteg dëkku cosaanam, Bàmbaali, ca diggante bëj-saalum ak sowu réew mi.	ولهذا يعمل على تنمية قريته الأصلية، بامبالي، في جنوب غرب البلاد.	Et c’est toujours sans rechercher la lumière -surtout pas- qu’il oeuvre pour le développement de son village d’origine, Bambali, au sud-ouest du pays.	mafand	Senegalese News (MAFAND)
wo-ar-0894	Mujjantal gi ñu ñàkk, dafa ñuy fàttali bépp dayo.	يذكّرنا النهائي الذي خسرناه بكل المحدودية.	Cette finale perdue est venue nous rappeler TOUTES ses limites.	mafand	Senegalese News (MAFAND)
wo-ar-0037	Mel na ne dafa yàq nelewu màggatu pólotig mu jigéen mi tàmm a ger mbooloo mi.	يبدو أنه أزعج نوم عناصر السياسيين المحافظين المعتادين على رشوة الجماهير.	Il semble qu’elle a perturbé le sommeil de la vieille garde politique habituée à corrompre les masses.	mafand	Senegalese News (MAFAND)
wo-ar-1253	Maa ngi digal képp ku yore sànkaru xëtër, jàngoroy xol, jàngoroy res, sàkkara bu tolluwaayam jéggi dayo, tenqo bu bañ, doomu jàngoroy erpes, jafe-jafey koddal, sànkaru xelliwaanu sàkkara, ñàkk a mën a am doom ak jiwu góor wu néew, mu dem seeti Doktoor Nelson.	أنصح أي شخص يعاني من سرطان الرئة، وأمراض القلب، والتهاب الكبد، وتضخم القضيب، والتهاب المفاصل، وفيروس الهربس، وضعف الانتصاب، وسرطان البروستاتا، والعقم، وانخفاض عدد الحيوانات المنوية، بزيارة الدكتور نيلسون.	Je recommande le Dr Nelson à toute personne souffrant de cancer du poumon, de maladie cardiaque, d'hépatite, d'agrandissement du pénis, d'arthrite, de virus de l'herpès, de problèmes d'érection, de cancer de la prostate, d'infertilité, de faible nombre de spermatozoïdes et de cancer du poumon.	mafand	Senegalese News (MAFAND)
wo-ar-0306	Waaye bu dee dëgg rekk, ndaw su waane si ci kàdduy ISPE gii lay waxee.	ولكن في الحقيقة هذه المرأة البارعة تتحدث نيابة عن ISPE.	Pour faire bon genre Madame la présidente du FMI parle des performances du Sénégal mais en réalité la cocotte boue sous le contrôle de cet ISPE.	mafand	Senegalese News (MAFAND)
wo-ar-1053	jigéenu alkaati ju atum 2019 ndax yónnentam yépp ya mu doxi ca Mbootaayu xeet ya.	وهي أفضل ضابطة الشرطة لعام 2019 بسبب جميع بعثات التي قامت بها في الأمم المتحدة.	À travers ses écrits qui ont ému plus d'un, elle lui demande de rendre hommage à Seynabou Diouf, femme policière de l'année 2019 pour toutes les missions onusiennes.	mafand	Senegalese News (MAFAND)
wo-ar-1012	Dakaar, fukki fan ak ñett ci weeru nowàmbar 2019.	دكار، الثالث عشر من نوفمبر 2019.	Merci d’essayer de mériter votre salaire afin de pouvoir revenir nous regarder en face et nous parler de vraies réalisations !Dakar, le 13 Novembre 2019.	mafand	Senegalese News (MAFAND)
wo-ar-0987	Noo ngi koy wax te dunu ci dellusi:	نقولها ولن نتراجع عنها:	Nous le disons sans détour : nous restons vigilants et analyserons méticuleusement au peigne fin toutes les étapes de cette affaire avec sérénité mais aussi avec lucidité, réalisme et exigence.	mafand	Senegalese News (MAFAND)
wo-ar-0264	Ci at mi weesu wone na njàmbaarte gu rëy ca Dortmund.	لقد قام بعمل جبار في دورتموند الموسم الماضي.	La dernière saison à Dortmund, il a fait un boulot incroyable.	mafand	Senegalese News (MAFAND)
wo-ar-0481	Àttekati mbootaayug futbal gu déndu Afirig jël na ay dogal.	أخذت لجنة الانضباط التابعة للاتحاد الأفريقي لكرة القدم قرارات.	Les décisions du Jury Disciplinaire de la Confédération africaine de football (CAF) viennent d’être prononcées.	mafand	Senegalese News (MAFAND)
wo-ar-0333	Ci atum 2017 dafa defar ab téereb wote boo xam ne moom kott moo xam lim bi ak li nekk ci biir.	في عام 2017، أصدر سجلا انتخابيا لا يعرف محتواه وعدده إلا هو.	En 2017, il fabrique un fichier électoral dont il est le seul à savoir le contenu et le nombre.	mafand	Senegalese News (MAFAND)
wo-ar-0581	Dërëm ak ñeenti fiftin ci xaalisu Seefa ci soble ak pombiteer njël lu nekk!	تسعة سيفا على البصل والبطاطس للغذاء اليومي!	09 FCFA en oignons et pommes de terre par ménage, voyez-vous) si la structure économique dont vous avez hérité n’avait pas été davantage extravertie par vos politiques publiques.	mafand	Senegalese News (MAFAND)
wo-ar-0838	Dunu yëkëti ay àrtu, waaye dinañu taxaw ci def ab yéglu bu jaar yoon.	لا نوجه تهديدات ولكننا سنقف ونصدر إعلانا قانونيا.	Nous ne proférons pas de menaces mais nous tenons à faire une sérieuse mise en garde.	mafand	Senegalese News (MAFAND)
wo-ar-1021	Mu ngi doon soog a teg jeegoy fippu bi amoon ca ñaar-fukki fan ak ñett ci weeru suyee atum 2011.	وكان قد وضع للتو خطوات الثورة التي اندلعت في الثالث والعشرين من يونيو 2011.	Il venait de poser les jalons de la révolte populaire qui a eu lieu le 23 Juin 2011.	mafand	Senegalese News (MAFAND)
wo-ar-0636	Dafa mel ni yemoo gu góor ak jigéen ci jot ci bor dañu ko war a farataal ngir dooleel jëfandikoo bànk yi ak wàññi jafe-jafey bànk yi.	يبدو أنه يجب فرض المساواة بين الجنسين في الحصول على الائتمان لتعزيز استخدام البنوك والحد من المشاكل المصرفية.	Il semble donc que l’égalité des genres dans l’accès au crédit devrait être favorisée pour promouvoir des systèmes bancaires plus stables et réduire ainsi l’émergence de crises bancaires.,	mafand	Senegalese News (MAFAND)
wo-ar-0424	Ñu ngi laaj Yoon wi tax ñu doon xeex.	نطالب بالعدالة التي كنا نناضل من أجلها.	Nous réclamons la Justice pour laquelle nous nous battrons.	mafand	Senegalese News (MAFAND)
wo-ar-0091	Sant bu baax, senegale yi xàmmee nañu leen ci lu gaaw, ndax seen nootaange gi ñu feeñal gannaaw gi, ci doxu jamono.	لحسن الحظ، سرعان ما كشف السنغاليون عنهم بسبب اضطهادهم الذي مارسوه عليهم لاحقا أمام تجارب الزمن.	Fort heureusement, les Sénégalais les ont vite démasqués du fait de leur tortuosité qui s’est révélée plus tard à l’épreuve du temps.	mafand	Senegalese News (MAFAND)
wo-ar-0793	Korent – ci faranse mooy Première épître aux Corinthiens.	كورنث - بالفرنسية هي الرسالة الأولى إلى أهل كورنثوس.		MasakhaNER	Senegalese News (MasakhaNER)
wo-ar-1243	Luy dakkal mbirum turu Usmaan Sónko/Peresidãa ci kayiti joŋantey néegi njàng yu sekond, lile lañu dégge ci rajo Sud Fm.	وهو ما يضع حدا لذكر سونكو/الرئيس في أوراق امتحانات الصف الثاني الثانوي، حسب ما سمعناه من Sud Fm.	Une situation qui vient mettre fin à cette histoire de mention Sonko/Président’ sur des copies de composition des classes de seconde, apprend-t-on sur les ondes de la radio Sud Fm.	mafand	Senegalese News (MAFAND)
wo-ar-1158	Bi joŋante bi amee juróom-ñaar-fukki simili ak juróom la J. Reine Adelaïde dugal bit bi yóbbu waa Lyon ci kanam.	سجل ج. ريني اديلايد الهدف الذي منح ليون التقدم في الدقيقة الخامسة والسبعين.	À la 75e mn, J. Reine Adelaïde donne l’avantage aux Lyonnais.	mafand	Senegalese News (MAFAND)
wo-ar-0140	Lu weesu loolu, péncum ndawi réew mi béréb la bu dul càmbar koppar ak alal juy doon kumpa,	علاوة على ذلك، فإن الجمعية الوطنية السنغالية هي منطقة لا تُرَاقِب الأموال المجهولة المصدر؛	Au delà, l’Assemblée nationale du Sénégal est une zone de non droit budgétaire avec des fondsdiscrétionnaires de plus de huit milliards, votés chaque année sans débat par la majorité mécanique, et non soumis à quelque contrôle (ni IGE, ni Cour des comptes, …).	mafand	Senegalese News (MAFAND)
wo-ar-0080	Waaye lépp mel na ne sungufu jaan ci bëti dëgg-dëggi senegaale yi.	لكن اتضح أن كل شيء مجرد زيت ثعبان في عيني السنغالي العادي.	Mais toutes s’avèrent être de la poudre de perlimpinpin aux yeux du Sénégalais lambda.	mafand	Senegalese News (MAFAND)
wo-ar-1221	Li mu nekk ku mën a samp ndëndam ngir jël Balu oor bi rekk, def na ko ku matal nattukaay boobule.	إن مجرد قدرته على الترشح للفوز بالكرة الذهبية، جعله يستوفي هذا المعيار.	Le seul fait qu’il soit un candidat crédible au Ballon d’or, le fait remplir ce critère.	mafand	Senegalese News (MAFAND)
wo-ar-1189	Wànte ni jëf ji amee wane na ne jëmu bi ñu fésal aw lay la woon rekk,	لكن الطريقة التي تمت بها العملية كشفت أن الهدف المعلن كان مجرد ذريعة،	Cependant, la manière dont l’opération a été menée a révélé que l’objectif ainsi déclaré n’était qu’un prétexte et que le soubassement véritable était un projet planifié d’enrichissement de particuliers.	mafand	Senegalese News (MAFAND)
wo-ar-0628	gëm-gëm yi soppeeku na,	فالمبادئ الأيديولوجية تغيرت،	Le socioculturel Sénégalais n’est plus le même, les principes idéologiques évoluent, les sources doctrinales et les grandes problématiques deviennent des thématiques et des cas d’écoles.	mafand	Senegalese News (MAFAND)
wo-ar-0638	Dañu soxla nit ñu ñu tàggat ci fànn yépp.	نحن بحاجة إلى أشخاص لتدريبنا على جميع المستويات.	Le football s’organise partout en Afrique, il y a un besoin de cadres bien formés à tous les niveaux.	mafand	Senegalese News (MAFAND)
wo-ar-1133	ngir dooleel dugal xaalis gi ci Afirig Sowu Jant, ci ni ko lislaam santaane.	لدعم إدخال المال إلى غرب إفريقيا كما أمر الإسلام.	Il y a une volonté politique avec l’appui du président de la République, du gouvernement, pour accompagner le développement et la promotion de la Finance islamique en Afrique de l’Ouest, a-t-il souligné.	mafand	Senegalese News (MAFAND)
wo-ar-1225	Naal bi dina tax tamit ñu mën a yemale, beesalaat ak yokk kuurãa bi ba mu tollu ci junney kilomet ak juróom-ñaar-téeméer ak ñaar-fukk	كما سيمكن المشروع من تسوية وتحديث وتوسيع الكهرباء بطول ألف وسبعمائة وعشرين	Le projet permettra également la mise à niveau, la réhabilitation et l’extension de réseaux à basse tension d’une longueur totale de 1720 kilomètres ainsi que l’installation de transformateurs dans des villes secondaires à charge élevée.	mafand	Senegalese News (MAFAND)
wo-ar-0841	Ay daan, su fekkee ne way-tàggatu yi bañ nañoo séq waxtaan ak ñoom.	غرامات في حال رفض المدربين إجراء مقابلة معهم.	Des amendes si les joueurs refusent une interview.	mafand	Senegalese News (MAFAND)
wo-ar-0118	Gànnaaw ga, gis nañu ne dañoo bégoon lool, ba ci waajur yu waa Turquie yeek Farãas yi dañu doon tàmbalee fecc ak ñoom.	وبعد ذلك، رأينا أنهم كانوا جميعا سعداء للغاية، حتى والدي الأتراك والفرنسيين كانوا يبدؤون بالرقص معهم.	Et puis, vu qu’ils étaient tous si contents, même les parents des turcs et français ont commencé à danser avec eux.	mafand	Senegalese News (MAFAND)
wo-ar-0312	Ñaari kuréel yaa ngi doog a wax ci booloo gise bi am ci diggante Maki ak Idi.	وتحدثت الحركتان لأول مرة عن لم الشمل بين ماكي وإِدِ.	Les deux structures viennent de se prononcer officiellement sur les retrouvailles Macky/Idy.	mafand	Senegalese News (MAFAND)
wo-ar-1032	bis ni ki tey, boole seen doole, di xàccandoo di dóorandoo, ngir mën a taxaw ci soxlay seen way-bokk yi, rawatina lu aju ci soxla yi ñu bokk ñoom ñépp;	أن يوحدوا جهودهم وآراءهم من الآن فصاعدا من أجل الدفاع عن مصالح أعضائهم، خاصة في القضايا الشاملة،	Au terme des échanges, les membres des bureaux du SAID et du SUTT ont décidé de :– De conjuguer, désormais, leurs efforts afin de mieux prendre en charge la défense des intérêts matériels et moraux de leurs membres, notamment sur les questions transversales ;– Et de travailler à la mise sur pied d’un cadre d’action unitaire des syndicats du Ministère des Finances et du Budget et, de façon plus globale, à travailler à l’efficacité de luttes syndicales pour de nouvelles conquêtes au profit des travailleurs dans la fonction publique.	mafand	Senegalese News (MAFAND)
wo-ar-0185	Àdduna di dox ba ñu bokk ci kurél yoo xam ne am na ñu njuréef yu am solo ci seenug dund.	ثم بمرور الوقت انضموا إلى مجموعات كان لها تأثير كبير على حياتهم اليومية.	Au cours de mon accompagnement, j’ai vu des jeunes qui ont bénéficié d’une bonne éducation depuis leur tendre enfance, puis au fil du temps, ils ont intégré des groupes qui ont eu un impact majeur sur leur vécu quotidien.	mafand	Senegalese News (MAFAND)
wo-ar-0056	Mu ngi dellusi ak ay wax yuy tuutal xew-xew bi ci dëkk beek bokk-jokkoo yi.	يعود بخطاب يقلل من الوضع على البلاد والشبكات الاجتماعية.	Il revient à la charge par des discours haineux minimisant la situation sur le terrain et les réseaux sociaux.	mafand	Senegalese News (MAFAND)
wo-ar-0960	te seen xalaat war nañu leen na jël boole leen ci tëralin yu kuréli pólótig yiy sàkkoo jiite.	ويجب أن تؤخذ أفكارهن وتضمينها في برامج الأحزاب السياسية التي تسعى إلى الحكم.	Elle doivent participer à la prise de décision, à la réflexion, et leurs idées doivent être prises en compte dans les programmes des partis politiques qui souhaitent gouverner.	mafand	Senegalese News (MAFAND)
wo-ar-0365	Ci njiit yi ñu war a sàkku seenug nangu bokk na ci : Muhàmmadu Buhaari bu Niseriyaa, Nana Akufo Addo bu Ganna ak Alfa Konde bu Ginne.	من بين القادة الذين يجب إقناعهم محمد بخاري من نيجيريا ونانا أكوفو أدو من غانا وألفا كوندي من غينيا.	Parmi les dirigeants à convaincre : Muhammadu Buhari du Nigeria, Nana Akufo Addo du Ghana ainsi que Alpha Condé de la Guinée.,	mafand	Senegalese News (MAFAND)
wo-ar-0775	Am na aw dig wu nekk ci diggante ñi jiite ak ñi ñu jiite.	هناك حاجز بين الحكام ومن يترأسونهم.	Il existe une barrière tangible entre les administrés et la classe politique.	mafand	Senegalese News (MAFAND)
wo-ar-0540	Ca Kódiwaar, njëg yi këru telefon yi joxe dañoo kawe lool.	التكاليف التي تقدمها شركات الهاتف في ساحل العاج مرتفعة جدا.	En Côte d’Ivoire, les coûts proposés par les compagnies de téléphonie demeurent encore élevés.,	mafand	Senegalese News (MAFAND)
wo-ar-0989	waaye itam ak xel mu dal, dëggook sañ-sañ.	ولكن أيضا ببال مطمئن، وواقعية، وجرأة.	Nous le disons sans détour : nous restons vigilants et analyserons méticuleusement au peigne fin toutes les étapes de cette affaire avec sérénité mais aussi avec lucidité, réalisme et exigence.	mafand	Senegalese News (MAFAND)
wo-ar-1251	bu loolu amee rekk, mën na nekk luy gën a taral ñàkkug jàngalekat yi am tey ci njàng mu kowe.	وإذا حدث ذلك، قد يؤدي إلى النقص الحاد في عدد المعلمين في التعليم العالي.	Avec ce corps professoral vieillissant, dont nombreux traînent des comorbidités la reprise au mois de septembre risque de mettre en péril leur vie, une situation qui, le cas échéant, aggraverait le manque criard d’enseignants dans les Établissements d’enseignement supérieur.	mafand	Senegalese News (MAFAND)
wo-ar-0812	Dara wuutalewul Aysata ak Raasin Si.	لا يوجد فرق بين Aysata و Raasin Si.	Il n y a pas de différence entre AISSATA et Racine Sy .	mafand	Senegalese News (MAFAND)
wo-ar-0874	Te jaar-jaarau Zidane romb na li mu mës a nekk tàggatkat ak way-tàggatu ci sunu këlëb bi.	وأن إرث زيدان تجاوز ما كان عليه كمدرب ولاعب في نادينا.	Indiquant respecter sa décision, le club merengue souligne que Zidane est l'un des grands mythes du Real Madrid et sa légence va au-delà de ce qu'il a été comme entraîneur et joueur de notre club.	mafand	Senegalese News (MAFAND)
wo-ar-0876	Paab Maalig Si, jàpp na ne Aali Nguy Njaay a waroon a waxtaane Gàmmu gi, ndax waxam ju matale te leer,	يرى باب مالك سه أن آل انغوي انجاي كان ينبغي أن يكون هو المحدث في عيد المولد النبوي نظرا لعمق كلامه ووضوحه،	Pour Pape Malick Sy, Aly Ngouille Ndiaye devrait bien animer le Gamou, tant son discours a été fouillé et illustratif, a-t-il commenté sous un ton hilarant qui a fait éclater le public de rires…	mafand	Senegalese News (MAFAND)
wo-ar-0378	Yaakaar nañu ne xaatim yile daañu leen jëmmal ba mu kowe njort.	يأملون أن يتم تطبيق هذه المراسيم لتتجاوز التوقعات.	Ils espèrent que ces décrets soient appliqués comme par magie.	mafand	Senegalese News (MAFAND)
wo-ar-0674	Buy wéy di jël ay dogal nii rekk, boo moytuwul du liggéey dara ngir ndongo yi, ñi ñu fal ci gox-goxaat yi.	إذا استمر في إصدار مراسيم على هذا النحو، أخشى أنه لن يقوم بأي عمل من أجل التلاميذ والمنتخبِين المحليين.	Si on continue comme ça à faire des décrets, on risque de ne pas avoir le temps de faire les travaux pour les élèves, les élus locaux… , s’inquiétait-elle en 2019, lors d’un hommage qui lui a été rendu.	mafand	Senegalese News (MAFAND)
wo-ar-0826	Gisin boobu sax gën naa xóot loolu ndax wote moo raw sax yelleef ba ci tëgginu campeefi réew mi, foog naa ni amul kenn ku mën a génne boppam, ci tayeef liy doxal réew mi.	وهذه الرؤية أعمق مما هي لأن التصويت أكثر من مجرد حق لدرجة أن دستور الدولة في رأيي ينص على أنه لا أحد يستطيع إبعاد نفسه طواعية من شؤون البلاد.	Voter, pour ne citer qu’un exemple, est un devoir, dans la conception que je me fais de la démocratie, beaucoup plus qu’un droit, à tel point que l’esprit de la Constitution sénégalaise me semble exclure la possibilité, pour un citoyen, de faire acte de renonciation volontaire à la qualité de citoyen participant aux préoccupations de la politique de la Cité… Et Ousmane Sonko, qui fit de Mamadou Dia un de ses pères idéologiques en politique (D’ailleurs le siège de son parti porte son nom), l’étaye par ces mots : Et d’ailleurs, qu’est-ce le pouvoir si ce n’est simplement un sacerdoce, le serment de s’oublier et de se sacrifier pour sa patrie… Ce qui est indispensable à un leadership étatique de qualité, c’est d’avoir un bon background intellectuel et socioprofessionnel, une vision claire, une détermination à servir sa nation sur la base de l’intégrité, du désintéressement, du patriotisme, un cran indéfectible et une bonne équipe…… Ces définitions, loin d’être des idéaux seulement, sont omniprésentes dans les discours et les actes politiques de ces deux leaders.	mafand	Senegalese News (MAFAND)
wo-ar-0059	Nanu waxtaan ci dal!	دعونا نتناقش بهدوء!	Débattons sereinement ! Cellule Communication de la Jeunesse Patriotique du Sénégal-JP.	mafand	Senegalese News (MAFAND)
wo-ar-0281	Kawasi Maki Sàll yu nëb sax a gën a am solo waa M2D yépp.	حتى جوارب ماكي سال المتعفنة أكثر قيمة من M2D مجتمعين.	Même les chaussettes pourries de Monsieur Macky Sall ont plus de valeur que vous tous réunis de M2D.	mafand	Senegalese News (MAFAND)
wo-ar-0085	Àgg finaal atum 2002 - waxtu mbégteem- kaaru finaal am na ñaari at, Senegaal mooy réewum Afirig mu jiitu ci toftalu Fifa (22eelu), bëgg naa jël ndam li bile yoon.	وتعتزم السنغال، التي بلغت نهائي بطولة 2002 - ساعة مجدها -، ووصلت إلى ربع النهائي قبل عامين، وهو أول منتخب إفريقي في تصنيف الفيفا (ال22)، الفوزَ باللقب هذه المرة.	Finaliste en 2002 – son heure de gloire -, quart de finaliste il y a deux ans, le Sénégal, meilleure nation africaine au classement Fifa (22e), compte décrocher le trophée cette fois.	mafand	Senegalese News (MAFAND)
wo-ar-0714	Nas bii dafay may njiitu réew mi muy buur ak a bummi, ci nu mu ko neexee.	ويمنح المشروع رئيس الدولة سلطة التشريع كما يشاء.	Ce projet est de manière flagrante anticonstitutionnel en ce qu’il procède d’une rédaction très vague qui vise à doter le Président d’une habilitation à légiférer, en toutes matières, par ordonnances.	mafand	Senegalese News (MAFAND)
wo-ar-0278	ginnaaw ba mu bañee wax ak ab taskatu xibaar te sabab bi nekk ñàkk a takk mask.	بعد أن رفض التحدث مع أحد الصحفيين؛ والسبب هو عدم ارتداء الكمامة.	En pleine pandémie de Covid-19, le tennisman américain, Christian Harrison, avait dû débourser 3000 dollars après son refus de participer à une interview car il avait l'obligation de porter un masque.	mafand	Senegalese News (MAFAND)
wo-ar-1155	Ma waxaat ko, ñun ànduñu ak SUEZ, ànduñu ak SDE, ak ku fiy mën a nekk benn fan ci weeru sãawiyee,	سأكررها، نحن لسنا لا مع SUEZ أو SDE، بغض النظر عمن سيكون هنا في الأول من شهر يناير،	Encore une fois On n’est ni avec SUEZ, ni avec la SDE peu importe celui qui sera là au 1er janvier 2020, le plus important est que les intérêts des agents ne soient pas menacés.	mafand	Senegalese News (MAFAND)
wo-ar-0640	Daamaar gi yeboon taskati xibaar yi, te jiitu woon njiitu réew mi des na Tàmbaakunda, dafa mbëkkante ak ab kamiyoŋ.	اصطدمت السيارة التي أقلت الصحفيين وسبقت الموكب الرئاسي بشاحنة وبقيت في تامباكوندا.	La voiture de l’équipe de reportage, qui avait devancé le cortège présidentiel resté à Tambacounda, a eu un choc frontal avec un camion.	mafand	Senegalese News (MAFAND)
wo-ar-0247	Ab ndimbal mu mën a juge ci biir wala ci biti.	المساعدة التي يمكن أن تكون داخلية أوخارجية.	Une aide qui peut être aussi bieninterne qu'externe.	mafand	Senegalese News (MAFAND)
wo-ar-0809	Su fekkee palaas yi amul mbaar la, ñaari junni ak ñeen-fukk këyit lañu fay jaay, ci juróom-benn téeméeri dërëm.	سيتم بيع ألفين وأربعمائة تذكرة بسعر 3000 درهم في المدرج المكشوف.	Du côté de la tribune couvertes, 1400 billets seront mis en vente à 5000 F Cfa, 2400 en découverte à 3000 F Cfa et au virage 2000 places à 2000 F Cfa seront réservées.	mafand	Senegalese News (MAFAND)
wo-ar-0533	Abu Si (taskatu xibaar), Yoro Mamadu Jàllo (kameraamaan) ak Usmaan Njaay (dawalkat) ñoo nàkk seen bàkkan ci laksidaŋ bu metti boobu.	لقي كل من أبو سي (صحفي) ويُورُ مَمَدُ ديالو (مصور) وعثمان انجاي (سائق) حتفهم في هذا الحادث المروع.	Abou Mamadou Sy (Journaliste), Yoro Mamadou Diallo (Cameraman) et Ousmane Ndiaye (chauffeur) ont péri certes dans ce terrible accident.	mafand	Senegalese News (MAFAND)
wo-ar-0944	Ci ñàkk kóolute gi am ci biir at mile.	في ظل انعدام الثقة الذي حدث هذا العام.	par le manque de confiance ressenti au cours de cette année.	mafand	Senegalese News (MAFAND)
wo-ar-0203	Ci noonu wax nañu ci fukk ak juróomeelu paasub tënkub liggéey bi ne ndawal askan wii di Usmaan Sónko mi nga xam ne daf doon jàppal tànk kenn ci way-ndono yi, dafa jàdd yoon ndax turu jàmbur la jëfandikoo.	هكذا قالوا في الصفحة الخامسة عشرة من التقرير إن: عثمان سونكو الذي تصرف كوسيط نيابة عن بعض الورثة انتهك القانون لأنه استخدام اسم شخص آخر.	Ainsi diront-ils à la page 15 du rapport: violation de la loi par le Député Ousmane SONKO qui a joué un rôle d’intermédiaire pour le compte de certains des héritiers, en utilisant des prête-noms (…) mais quand il s’est agi de signer des conventions de représentation dûment établies avec ses clients, Ousmane SONKO a préféré mettre en avant le sieur Ismaela BA qui est très clairement un prête-nom, gérant les cabinets de conseil ATLAS et MERCALEX qui, de fait, appartiennent et sont contrôlés par Ousmane SONKO.	mafand	Senegalese News (MAFAND)
wo-ar-0633	Xawma fu doomu Senegaal bu mel nii jóge di rusloo réew mi yépp.	لا أعرف من أين يأتي هذا النوع من السنغاليين الذي يجلب العار للبلد بأكمله.	Je ne sais pas d'ou sort ce genre de sénegalais qui font honte à toute une nation.	mafand	Senegalese News (MAFAND)
wo-ar-1124	Réew yile di làkk àngale di Niseriyaa, Ganaa ak Gàmbi dañuy des ak seen xaalis,	ستحتفظ الدول الناطقة باللغة الإنجليزية مثل نيجيريا وغانا وغامبيا بعملاتها؛	Les États anglophones tels que le Nigeria, le Ghana, la Gambie conserveront leur propre monnaie car ils souhaitent observer le mécanisme de ce nouvel instrument de finance africain, avant de s’engager à leurs côtés.	mafand	Senegalese News (MAFAND)
wo-ar-1090	dafa leen a ndimbale bu baax.	وهو ما ساعدهم كثيرا.	Bien aidé par une expulsion en début de match, les Bleus ont déroulé.	mafand	Senegalese News (MAFAND)
wo-ar-1212	te lépp di jar fukki junne ak ñett ak ñaar-téeméer ngir borom kër gu nekk.	وكل شيء بسعر ستة وستين ألف لكل أسرة.	Ils donnent un montant de 57 289 289 292 FCFA payé pour l’achat des denrées alimentaires pour 1 100 000 ménages (588 045 RNU, 411 955 ciblages communautaires et 100 000 pour les groupes spécifiques) à raison 66 000 FCFA le kit par ménage.	mafand	Senegalese News (MAFAND)
wo-ar-0514	te day teg lu tax liggéeykat yiy liggéeyal seen bopp doxal njëg yi mu dogal mu neex leen, wala mu naqari leen.	وهو ما من شأنه أن يخلق سببا يدفع مشغلي القطاع الخاص إلى تطبيق الأسعار التي تفرضها الحكومة شاءوا أم أبوا.	PS: ceux qui pensent que cette privatisation pourrait avoir des effets bénéfiques, en réalité, cela permettra à l’État de se délester de sa subvention et donc d’imposer aux opérateurs privés l’application de la vérité des prix.	mafand	Senegalese News (MAFAND)
wo-ar-0345	ﻵooloo gi ngir xeex Koronaa wiris bi dafa jaadu.	إن التضامن في الحرب ضد فيروس كورونا ضروري.	Chers compatriotes !La solidarité dans la lutte contre le COVID-19 est nécessaire.	mafand	Senegalese News (MAFAND)
wo-ar-0420	Ca geneen wàllu Ërop ga, ca estaat bi di Groupama, OL waroon na fa dakkal joŋante yi mu fay defe te du ca am ndam.	على الجانب الآخر من أوروبا، على ملعب غروباما، كان على فريق OL أن يضع حدا للمباريات التي يلعبها هناك دون تحقيق أي فوز.	De l’autre côté d’Europe, au Groupama Stadium, l’OL devait mettre fin à une incroyable série de matches sans victoire au Groupama Stadium.	mafand	Senegalese News (MAFAND)
wo-ar-1168	Ci ay xibaar yu Afrique Confidentielle yore,	وفقا للأخبار المتاحة لدى Afrique Confidentielle،	Selon les données dont dispose Afrique Confidentielle, le FSD a pu réaliser une rentabilité des capitaux propres (ROE) de 33% pour son premier exercice et continue d’avancer sur plusieurs chantiers.	mafand	Senegalese News (MAFAND)
wo-ar-0050	Ndeysaan, niti Gardiola yi mujjee nañoo defar seen desug benn balu ndam li.	لسوء الحظ، عوض رجال غارديولا بتقليص الفارق والفوز بهدف واحد.	Malheureusement, les hommes de Guardiola finissent par refaire leur retard d’un but.	mafand	Senegalese News (MAFAND)
wo-ar-0919	Ak PASTEF, defee neneen pólótig, doon na dëgg gu yemul rekk ci ab bàkk.	أصبحت ممارسة السياسة بشكل مختلف مع باستيف واقعا وليست مجرد شعار.	Avec PASTEF la politique autrement est devenue une réalité et non un simple slogan.	mafand	Senegalese News (MAFAND)
wo-ar-0048	Su naree, ci coobare boppam, bañatee dóorati penaati, loolu moo ci am solo.	إذا قرر من نفسه عدم تنفيذ المزيد من ركلات الجزاء، فهذا هو المهم.	S’il décide de lui-même de ne plus tirer de penalty, c’est le plus important.	mafand	Senegalese News (MAFAND)
wo-ar-0943	Ban tànneef, ngir Maki mu jànnaxe mi, mu réere ci coobare boppam ?	ما هو الخيار لماكي المصاب بفقدان الذاكرة والجاهل عمدا؟	Quel choix pour un Macky amnésique, volontairement inconscient ?	mafand	Senegalese News (MAFAND)
wo-ar-0144	ci jamonoy ñaar-fukki fan ak ñett ci weeru mee atum 2016, cib xaalis bu toll ci juróom-benni milyaar ak juróomi téeméer ak juróom-ñett-fukk ak juróom-ñeenti milyoŋ ak juróom-ñaar téeméer ak juróom-ñetti junni ak juróom-ñeenti téeméer ak juróom-ñaar-fukk ak ñeent (6 589 708 974) ci xaalisu Seefaa yu ñu xaaje nii : cosaan juuti bi / lim yi.	والتي بلغت، اعتبارا من الثالث والعشرين مايو 2016، ستة مليارات وخمسمائة وتسعة وتسعين مليونًا وسبعمائة وثمانية آلاف وتسعمائة وأربعة وسبعين (6,589,708,974) سيفا موزعة على النحو التالي: نوع الضريبة/المبالغ.	Ces infractions répétitives avaient occasionné des redressements fiscaux des services compétents qui, à la date du 23 mai 2016, s’élevaient à un montant de six milliards cinq cent quatre vingt neuf millions sept cent huit mille neuf cent soixante quatorze (6 589 708 974) francs CFA décomposé ainsi :Nature d’impôt / Montants.	mafand	Senegalese News (MAFAND)
wo-ar-0385	Waaye yoon yooyu duñu baax fi leek naal bi koy yoonal yóbbuwuñu ko ca pencum ndawi réew ma, njëkk waxtu wi ñu ko tënkoon.	ولكن المراسيم ستكون ملغية إذا لم يُعرض مشروع قانون التصديق على الجمعية الوطنية قبل التاريخ الذي حددته.	Dans les limites de temps et de compétence fixées par la loi d’habilitation, le Président de la République prend des ordonnances qui entrent en vigueur dès leur publication mais deviennent caduques si le projet de loi de ratification n’est pas déposé sur le bureau de l’Assemblée nationale avant la date fixée par la loi d’habilitation.	mafand	Senegalese News (MAFAND)
wo-ar-0538	Baay Móodu Faal, soo moytuwul mu tëdd ñaar ba ci ñeenti ati kaso ndax dawam bi.	يتعرض باي مود فال لخطر السجن لمدة تتراوح بين سنتين وأربع سنوات بسبب هروبه.	Baye Modou Fall risque, entre deux et cinq ans de prison ferme, pour évasion.	mafand	Senegalese News (MAFAND)
wo-ar-0891	Ci leeraayu mbind mii, dina jafee gëm wóoraayu nguur gu nekk ci tànki jëmmal yoon ci koppar yi muy jubbanti, gannaaw ba mu ko amalee njëkk ñetti weer (3).	في ضوء هذه الكتابة، سيكون من الصعب الاعتقاد بمصداقية أي حكومة في عملية إقرار مشروع قانون المالية المعدّل، بعد أن قامت بذلك قبل ثلاثة أشهر (3).	À la lumière de cette prescription il est difficile de croire en la sincérité d’un gouvernement en phase de faire adopter une nouvelle loi de finance rectificative, juste après l’avoir fait 3 mois avant.	mafand	Senegalese News (MAFAND)
wo-ar-1003	Amul benn borom xel, bu dul takku ngir askanam wala pólótig, te du am jàmmaarloo ak ñiy jalgati yoon.	لا يوجد مثقف لا يناضل من أجل شعبه أو السياسة دون مواجهة المخالفين للقانون.	Il n’existe pas d’intellectuel sans engagement social ou politique, sans combat contre l’injustice.	mafand	Senegalese News (MAFAND)
wo-ar-0747	dina des itam ci xolu képp ku bëggoon réew mi,	كما ستبقى في قلوب جميع من أحب الدولة،	Ton joli sourir, signe d’une passion sans anicroche de la vérité et de la dignité restera à jamais gravé dans nos coeurs ainsi que celui de tous les autres patriotes qui ont perdu la vie sur le chemin de l’édification de la nouvelle société sénégalaise, paisible, souveraine, prospère et plurielle.	mafand	Senegalese News (MAFAND)
wo-ar-0811	Soo taseek Booy Jinne du la mës a xool ci bët.	إذا التقيت ببوي جن فلن ينظر في عينيك أبدا.	Si vous rencontrez Boy Djinné, il nevous regardera jamais dans les yeux.	mafand	Senegalese News (MAFAND)
wo-ar-0206	waaye bu desee lu dul xëcc nit ñi ci biir PASTEEF wala sax nekk ki yore kàddoom, seetlu bi mooy ñàkk loo wax dafay feeñ rawatina nag ci tóoxidóona bu mel nii nga xam ne askan wi loolu rekk lañuy jàpp.	ولكن عندما يتعلق الأمر بجذب الناس إلى باستيف أو القيام بدور الناطق الرسمي باسمه، فإن ما يلفت النظر هو الافتقار الواضح إلى ما يمكن قوله، وخاصة في فضيحة كهذه التي تبقى عالقة في ذاكرة الشعب.	Il est facile de hurler avec la meute mais quand il s'agit de faire la promotion d'un parti comme Pastef et d'en être le porte-parole on est vite à court d'arguments surtout dans une Affaire aussi scabreuse qui reste la trame et le seul élément marquant de ce parti dans la conscience populaire et collective	mafand	Senegalese News (MAFAND)
wo-ar-1153	Ekib yi war a joŋante ci joŋanteb futbal bu Afirig, atum 2019, xam nañu leen.	عرفنا الفرق التي ستتنافس في بطولة أفريقيا لكرة القدم عام 2019.	Le verdict du tirage au sort de la CAN-2019 est enfin tombé.	mafand	Senegalese News (MAFAND)
wo-ar-0216	Ñi dëkk ci ñaari gox yi dañu jékki jékki rekk gis ñaari woto yuy dàqante di daw seen xëlu bakkan.	رأى سكان هذين الحيين فجأة مركبتين تتسابقان بسرعة فائقة.	Les habitants de ces deux quartiers ont brusquement aperçu deux véhicules, dans une course folle, rouler à tombeau ouvert.	mafand	Senegalese News (MAFAND)
wo-ar-0864	Baax na ñuy jaaxlewu ngir teggin ak kersa, yi tax ba Usmaan Sónko bañ a jañ yombalug njabootu Njaga Ndóoy, fi ñeneen ñi meloon ni ñu ko xaarul woon benn yoon.	من الجيد أن نتعجب من الأدب والحياء اللذين دفعا عثمان سونكو إلى رفض الدفاع عن مصالح عائلة انجاغا اندوي، في حين بدا أن الآخرين لم يتوقعوا ذلك مرة واحدة.	C’est bien le souci de l’éthique et de la morale qui a conduit Ousmane Sonko à refuser de défendre les intérêts de la famille Ndiaga Ndoye, quand d’autres n’auraient pas hésité un seul instant.	mafand	Senegalese News (MAFAND)
wo-ar-1137	Ndam lu ci yem ci ndam rekk, waaye lu leen di tax a nekk ci boppu Série A bi.	إنه فوز بشق الأنفس، لكنه يسمح لهم بالحفاظ على صدارة ترتيب الدوري الإيطالي.	Une victoire étriquée mais qui leur permet de garder la tête du classement de la série A.	mafand	Senegalese News (MAFAND)
wo-ar-0464	Liggéeykati kër doktoor yi niki, yu nguur gi, rafetlu nañu liggéeyu kilifa gi ñu fa jële di Doktëer Alaaji Màggat Sekk, fàttewuñoo ñaanal ndam kilifa gi ko wuutu.	وقد أشاد كل من الطاقم الطبي والإداري بإنجازات المدير المنتهية ولايته، الدكتور الحاج ماغت سك، ولم ينسوا أن يتمنوا للمدير الجديد كل التوفيق والنجاح.	Le personnel médical comme celui administratif n’a pas manqué de magnifier les réalisations du directeur sortant Dr El Hadji Magatte Seck, non sans souhaiter plein de succès à celui entrant.	mafand	Senegalese News (MAFAND)
wo-ar-1078	loolu mooy xel yi nekkuñu fi te seen tàggatkat bi dafa lajj wala nga xam ne, dese na lu bare.	فهذا يعني أن أذهانهم شاردة وأن مدربهم قد فشل أو بقي لديه أشياء كثيرة للقيام بها.	Quand on prend l'exemple de Mbaye Niang qui tombe dans la surface de réparation et qui met 200 ans pour se relever, cela veut dire ce que cela veut dire, que l'état d'esprit n'est pas là, et que le coach a failli ou est limité.	mafand	Senegalese News (MAFAND)
wo-ar-0654	Ñetti yóbbal ñoo sos gis-gisu ki ñu tëjoon Rëbës : yemale, doxal yoon ak jàppalante, tànn njiitu kujje gi, te du am ay naxaate, ak tënk ko ci ndaje yi ñu doon waxtaane réew mi.	هناك ثلاثة مبادئ أسست لرؤية السجين السابق في رَبسْ: المساواة، والعدالة، والتضامن، واختيار زعيم المعارضة دون خداع وتقييده بنتائج الاجتماعات الوطنية.	Trois viatiques fondent en effet la vision de l’ex pensionnaire de Rebeuss:l’enracinement aux valeurs d’égalité, de justice et de solidarité, le choix d’une opposition responsable et sans compromission et l’attachement aux conclusions des assises nationales.	mafand	Senegalese News (MAFAND)
wo-ar-0616	Kurélug pólótig gii di APR ci xàll woowu la aw, dafay mujje sax yàqu ci atum 2024	ويسير حزب APR على نفس المسار، وسينتهي به الأمر أيضا إلى الاضمحلال في عام 2024.	L’APR est sur la même trajectoire, il terminera aussi sa putréfaction en 2024.	mafand	Senegalese News (MAFAND)
wo-ar-0799	Xaste ak ñaawal doŋŋ lañu am,	التشويه والشيطنة هما وسيلتهم الوحيدة،	Le dénigrement et la diabolisation constituent ainsi les seuls arguments dont ils disposent face aux interpellations d’Ousmane SONKO.	mafand	Senegalese News (MAFAND)
wo-ar-0686	Góor gu bari kersa la, ku yorul kanamu woyu.	إنه رجل خجول وبريئ.		MasakhaNER	Senegalese News (MasakhaNER)
wo-ar-0856	Wile nekkin, mujjee naa diis ci doomu Senegaal ji ma doon, moo mujjee doon aw sas ci man, ngir sama réew.	لقد أصبح هذا الوضع الذي لا يطاق كمواطن سنغالي مهمتي من أجل بلدي.	Cette situation devenue insoutenable pour la citoyenne sénégalaise que je suis a fini de forger un engagement citoyen chez moi.	mafand	Senegalese News (MAFAND)
wo-ar-0311	kenn dimbaliwu leen ci seen wàllu njàng.	ولم يدعمهم أحد في دراستهم.	Les niveaux intermédiaires, laissés à eux-mêmes, ont été sacrifiés sans accompagnement pédagogique efficace.	mafand	Senegalese News (MAFAND)
wo-ar-0163	Jëwriñ ji gàlloo koom-koom beek koppar yi, Abdulaay Daawuda Jàllo ak njiitu Bànkub Àdduna bi te mu yor doxalinu xew-xew yi ci aju, Nathan Belete jàll nañu, àjjuma, ci xaatimu ñaari déggoo yu toll ci (150) milyoŋi ci xaalisu Seefaa, ngir ñu mën a fay ñaari naal yu jëm ci xëyu ndaw ñi, ak ay xeex yu jëm ci mbënd mi.	وقّع وزير الاقتصاد و المالية، عبد الله داوود ديالو، ومدير عمليات البنك الدولي، ناثان بيليت، يوم الجمعة، اتفاقيتين بمبلغ إجمالي قدره (150) مليون سيفا لتمويل مشروعين مرتبطين بتوظيف الشباب ومكافحة الفيضانات.	Le ministre des Finances et du Budget, Abdoulaye Daouda Diallo, et le directeur des opérations de la Banque Mondiale (BM) au Sénégal, Nathan Belete, ont procédé, vendredi, à la signature de deux accords portant sur un montant de 150 millions de francs CFA destinés à financer deux projets liés à l’emploi des jeunes et à la lutte contre les inondations.	mafand	Senegalese News (MAFAND)
wo-ar-0846	Pep teg na ñaari juróom-ñeent (9) ak benn juróom-benn (6).	أدخل بيب شخصين من رقم 9 وواحد من رقم 6.	Pep est revenu à la raison après avoir encaissé le but, il a mis deux 9 et un 6.	mafand	Senegalese News (MAFAND)
wo-ar-0536	Loolu moo tax, ma topp ci say wax,	ولهذا السبب أخذت بكلمتك،	C’est pourquoi, vous prenant au mot, je vous interpelle sur la situation fiscale de l’Assemblée Nationale.	mafand	Senegalese News (MAFAND)
wo-ar-0670	Bi mu gisee doomam ju góor sonn ndax mar, dafa jubal ca tundu doj wa gën a jege Safaa, ginnaaw gi mu dem ba ca xur wa kenn dëkkul, mujje dëpp jëm Marwa.	لما رأت ابنها يعاني من العطش توجهت إلى أقرب جبل، وهو الصفا، ثم إلى الوادي المهجور، ثم عادت إلى المروة.	Quand elle vit son fils souffrir de soif, elle se dirigea vers la montagne la plus proche as-Safa puis jusqu’à la vallée où elle ne vit personne, puis retourna vers al Marwa.	mafand	Senegalese News (MAFAND)
wo-ar-0630	Saytoom bu bon bii dalul xelu saasenegaal yi jàpp ne, yorinu ndimbalu lu dundu gi jubul.	إن إدارته السيئة لا تطمئن بال السنغاليين الذين يعتقدون أن إدارة المساعدات الغذائية غير نزيهة.	Ce lugubre bilan ne fait que réconforter les sénégalais dans leurs suspicions sur la gestion peu orthodoxe de l’aide alimentaire.	mafand	Senegalese News (MAFAND)
wo-ar-0189	Kenn warul a yaakaar ne weesu na ci moom ngir mu def lu baax, mu soppeeku teguwaat ciw yoon.	لا ينبغي لأحد أن يقول إن الأوان قد فات لفعل الصواب، وإنه لم يعد بإمكانه العودة إلى المسار الصحيح.	Personne ne doit dire qu’il est tard pour bien faire, que vous ne pouvez plus reprendre le gouvernail et redresser la barre.	mafand	Senegalese News (MAFAND)
wo-ar-0820	Ginnaaw bi mu tëjee ay wujjam, salfaañe càmpeefi réew mi, njiitu réew mi xaarul woon yënguteg ñoñi Usmaan Sónko yi.	بعد أن اعتقل معارضيه، وانتهك دستور البلاد، لم يتوقع الرئيس هذه الخطوة من حلفاء عثمان سونكو.	Après avoir embastillé ses principaux adversaires, tripatouillé la Constitution, le président MACKY Sall ne s’attendait pas à cette vague rouge et verte.	mafand	Senegalese News (MAFAND)
wo-ar-0241	Xawma ndax ñun Taskati xibaar yi ak Maki Sàll kan moo ñu ci yab.	لا أعرف من لا يحترمنا، أهم الصحفيون أو ماكي سال.	Je sais pas, journalistes yi nioo niou yap wala maky sall moo niou yapp.	mafand	Senegalese News (MAFAND)
wo-ar-0240	Ci benn pàcc ba US Monastir wone nañu njàmbarte gu rëy ci joŋante yu jëkk yi, yi ci tegu ak ba ci yu mujj yi (juróomi joŋante lañu joŋante am ci juróomi ndam).	من ناحية، أظهر الاتحاد المنستيري شجاعة كبيرة في مرحلة المجموعات ثم في الدور ربع النهائي إلى النهائي (خمس مباريات، وخمسة انتصارات).	D'un côté, il y avait l'US Monastir, impériale en phase de groupes puis en quarts et en demi-finales (cinq matches, cinq victoires).	mafand	Senegalese News (MAFAND)
wo-ar-0239	Doxalin wi nga xam ne dafay fitnaal ñi nga xam ne lu leen neex def wala ñi bopp kese yitteel, dana rataxal diggante yi, te it dana tax lépp lu waay di def dana ko seet, seetaat ko.	هذا الالتزام الذي ينطوي على قمع الأشخاص الذين يتبعون غرائزهم أو أهواءهم، سيهدئ العلاقاتِ، وسيؤدي إلى سلوك عقلاني ومدروس من قبل أي شخص عند القيام بأي شيء.	Cet engagement, impliquant répression volontaire des tendances instinctives et des passions égoïstes, pacifie les rapports à autrui et fait émerger des conduites raisonnées, réfléchies, mesurées.	mafand	Senegalese News (MAFAND)
wo-ar-0423	Bo ci génne doomu Esypt ji di Muhamet Sala te mënul a bokk ci joŋante bi ngir téye raaya bi, ñett ñi ñu tànn te ñu bokk ci Mansesteer Siti (Esterliŋ, Bernardóo Silwaa ak Sersio Aguwero) ak ku Celsi (Eden Asaar)	ومع استبعاد المصري محمد صلاح الذي لن يستطيع من المشاركة والدفاع عن لقبه فإن المرشحين الثلاثة هم من مانشستر سيتي (سترلينج وبرناردو سيلفا وسيرجيو أجويرو) ومن تشيلسي (إيدن هازارد).	Exit donc l’Egyptien Mohamed Salah qui ne pourra pas défendre son titre face à ses deux coéquipiers, les trois nommés de Manchester City (Sterling, Bernardo Silva, et Sergio Aguero) et celui de Chelsea (Eden Hazard).	mafand	Senegalese News (MAFAND)
wo-ar-0427	Ñu ngi woo askan wi ci mu gën a dal ndax lawug Koronaawiris ci sunu réew, te mu wàccoo ak matuwaayi fegu yi kër doktoor yi digle.	ندعو الشعب إلى توخي المزيد من اليقظة في مواجهة انتشار فيروس كورونا على وطننا مع احترام الإجراءات الوقائية التي نصحها أطبائنا.	Nous appelons le peuple à plus de vigilance face à la propagation de la Covid19 sur notre sol et au respect des mesures barrières édictées par nos médecins.	mafand	Senegalese News (MAFAND)
wo-ar-0062	Ma-làmmiñ, xam-xamu làkk ak jokkoo.	اللسانيات؛ علوم اللغة والتواصل.		MasakhaNER	Senegalese News (MasakhaNER)
wo-ar-0020	Jot nanu neexalug lëf ci tabaski, korite, ubbite daara jàngu yi, ay tàndarma, ay kër ak njabootu norgard bu nsoa kon mën na nekk.	لقد حصلنا على جزء من مكافأة عيد الأضحى وعيد الفطر وافتتاح المدارس؛ تمرات، منازل مع عائلة norgard من nsoa لذا فهذا ممكن.	nous avons eu la prime de tabaski de korité de l'ouverture des classes des tandarmas des maisons avec la famille norgard de nsoa donc c'est possible	mafand	Senegalese News (MAFAND)
wo-ar-0831	Ci nii, kom li xewoon lu yàggul dara ci mbir yoo xam ne dafa laal ay njiiti pólótig, fexe ba askan wi ànd ak yaw dafay nekk lu mënul a ñàkk	بهذه الطريقة؛ وكما حدث مؤخرا في أمور تتعلق بشخصيات سياسية، فإن محاولة كسب الجمهور إلى جانبك تصبح أمرا لا مفر منه.	De ce point de vue, la bataille de l’opinion devient cruciale, primordiale, comme du reste ce fut le cas dans des affaires récentes impliquant des personnalités politiques du Sénégal.	mafand	Senegalese News (MAFAND)
wo-ar-0451	Soppi nguur gi ndax wane na fi mu mën a yem.	إعادة تشكيل الحكومة لأنها أظهرت محدوديتها.	Remanier l’équipe gouvernementale qui a montré ses limites.	mafand	Senegalese News (MAFAND)
wo-ar-0234	Moo tax ginnaaw ba nga tàmbaleey def ay doxantu yu ndaw ba léegi, ñoom ñépp a dugg ciy pax mel ni ay kaña.	لذلك منذ أن بدأتَ هذه الجولات القصيرة حتى الآن، اختفوا كلهم و كأنهم أشباح.	D’ailleurs depuis tu as commencé cette mini tournée, ils se sont tous enterrés dans des trous comme des rats !	mafand	Senegalese News (MAFAND)
wo-ar-0001	Ndekete, cëslaayu yokk gi dañu ko wàññi ba mu gën a tuuti, nguur gi sàkkuwu cee def dara ngir jubbanti juuti bi.	ومع ذلك، فقد تم تخفيض فائض القيمة إلى أدنى حد، دون أن تقوم الحكومة بأدنى إجراء لتصحيح الضرائب.	Or, la plus-value a été minorée, sans que l’administration ait mené la moindre action pour redresser les bases de taxation, de toute évidence fortement sous-évaluées, et sauvegarder les intérêts du Trésor public.	mafand	Senegalese News (MAFAND)
wo-ar-1007	Dañu nekk di seet daggit bi des : tàggatkat bu am jom.	نحن نبحث عن الحلقة المفقودة: مدرب شجاع.	On est à la recherche du chainon manquant : un entraineur courageux.	mafand	Senegalese News (MAFAND)
wo-ar-0235	Fi mu tollu tar-tar yi BEAC indi ci seen wàllu liggéey ak càkkuteefu ñiy liggéey ci wàllu koom dafa tax ñi bëgg a bokk gën a bari, ba noppi néewal njureef yi.	كشف مصدر طلب عدم الكشف عن هويته بسبب حالته أن التعقيد الحالي الذي جلبه BEAC في عملهم وطلبُ العمال من الوكلاء الاقتصاديين يخلقان حالة من الطلب المرتفع من أولئك الذين يرغبون في المشاركة، في مواجهة انخفاض الموارد.	Dans le même temps, la complexité des nouvelles procédures de la BEAC et le besoin urgent des agents économiques crée une situation de forte demande face à des ressources finalement plus faibles, et les commissions s’envolent , a expliqué une source qui a requis l’anonymat du fait de sa position contractuelle avec des officiels.	mafand	Senegalese News (MAFAND)
wo-ar-0835	Madagaskaar ak Móoritani ñoo jël ndam li.	مدغشقر وموريتانيا هما الفائزتان.	Madagascar et Mauritanie gagnantes.	mafand	Senegalese News (MAFAND)
wo-ar-0472	Ma ne leen, ndax xam ngeen miskin ak néew-di-doole yi nekk ci gox-goxaat yi?	قلت لهم، هل تعرفون المساكين والفقراء في البلدة؟	Je leur ai dit, …vous connaissez les mendiants et les pauvres qui se trouvent dans les contrées	mafand	Senegalese News (MAFAND)
wo-ar-0422	Taxawaayug coppiteg njëgu koppar bi nga xam ne réew yi duñu ko dogal te mu soxal EKO la njiiti réew et nguur yu Mbootaayu réewi Afirig sowu jànt ngir koom-koom bi xaatim bu ñu sukkandikoo ci Kërug tas-xibaar gii di France-Presse te mu jële ko ci yégle yi ñu siiwal bi seen waxtaan wa jeexee gaawu ca Abutsaa, ca Niseriyaa.	أفادت وكالة الأنباء الفرنسية نقلا عن بيان صدر في ختام اجتماعهم في أبوجا بنيجيريا، يوم السبت، أن نظام سعر الصرف المرن الذي لن تأذن به الدول، والمتعلق بإيكو تم الموافقة عليه من قبل رؤساء دول ومجموعة الاقتصادية لدول غرب إفريقيا	Le principe d’un régime de change flexible pour l’ECO a été formellement adopté par les chefs d’État et de gouvernement de la CEDEAO, rapporte l’Agence France-Presse, citant un communiqué publié à la fin de leur réunion, ce samedi, à Abuja, au Nigeria.	mafand	Senegalese News (MAFAND)
wo-ar-0310	Ñi nga xam ne dañu nekk ci diggante bi, kenn fullaalu leen,	أما من هم في المستويات المتوسطة فقد تُركوا لحالهم،	Les niveaux intermédiaires, laissés à eux-mêmes, ont été sacrifiés sans accompagnement pédagogique efficace.	mafand	Senegalese News (MAFAND)
wo-ar-1025	te jamono ju neegn dajee ci ëttub buur rekk, Ndawu réew mile di Usmaan Sónko, dóor na leen ba ngeen xalangu.	وفي كل مرة التقيتم في ساحة الحاكم، ضربكم النائب عثمان سونكو حتى تدحرجتم.	Le temps est juge mais pas vos sorties et à chaque fois qu’on s’est retrouvé devant sa cour, l’Honorable Député Ousmane SONKO vous a battu à plate couture.	mafand	Senegalese News (MAFAND)
wo-ar-0360	Jàpp nañu ko, daan ko,	تم القبض عليه وإدانته،	Il a été condamné mais son donneur d’ordre n’a pas été inquiété.	mafand	Senegalese News (MAFAND)
wo-ar-0415	Ndax doomu Alseeri la ni yaw.	لأنه جزائري مثلك.	Parce qu'il est algérien comme toi.	mafand	Senegalese News (MAFAND)
wo-ar-0465	Maki Sàll def na lu bari ci dëkku diine bii.	لقد قدم ماكي سال الكثير لهذه المدينة الدينية.	Macky Sall a beaucoup fait pour cette ville religieuse.	mafand	Senegalese News (MAFAND)
wo-ar-0370	Ni njàngum nasaraan mi amee kurél guy saytu lépp lu ci aju, noonu lees war a wutale daara yi tamit ag kurél guy wattu lépp lu ci aju.	فكما أن للدراسات الفرنسية هيئات تقوم بالتفتيش عليها، فلا بد من إنشاء مثل هذه الهيئات فيما يتعلق بالكتاتيب.	Ninjàngum tubaab bi amee kurél guy saytu lépp lu ci aju (inspection d’académie), noonu lees war a wutale daara yitamit ag kurél guy wattu lépp luci aju.	mafand	Senegalese News (MAFAND)
wo-ar-0743	1 – Jëfandikoog nafag réew : li jëm ci wàllu dàmpe ci loo xam ne dees koo foqatee ci nit ngir njariñal ñépp.	1 – استخدام ميزانية الدولة: ما يتعلق بالتعويض عن نزع الملكية للمصلحة العامة.	1 – Exécution budgétaire : le cas de certaines indemnisations d’expropriations pour cause d’utilité publique.	mafand	Senegalese News (MAFAND)
wo-ar-0176	Li ko waral mooy Maki Sàll lekk na téeméeri milyaar yi,	لأن ماكي سال أكل خمسمائة مليار،	Pourquoi nous n'avons pas 25 hôpitaux neufs : parce que Macky Sall a mangé ces 500 milliards et laisse l'impérialisme manger ce qui aurait du servir à doter le Sénégal et l'Afrique de structures de santé, d'éducation, de sécurité.	mafand	Senegalese News (MAFAND)
wo-ar-1172	Seet ci réew yi am ay pexe yu leen génne ci ndóol: Corée du Sud.	النظر إلى البلدان التي حصلت على استراتيجيات أخرجتها من الفقر: كوريا الجنوبية.	S’inspirer des stratégies qui ont porté leurs fruits: la Corée du Sud.	mafand	Senegalese News (MAFAND)
wo-ar-0870	muy lu war a mën a jàlle ci doole, walla lu ñu mën a teggi ag fayam.	ويمكن أن ينجح ذلك بالقوة أو ما هو معفى منه.	Sous ce rapport, il est évident qu’il n’appartient pas au Ministre des Finances et du Budget, ni même au Président de la République, de dire par un acte réglementaire ce qui est imposable ou ce qui est exonéré.	mafand	Senegalese News (MAFAND)
wo-ar-0709	Daray Ljunberg feeñu fi wala feeñagul ci ndoorteem.	لم يظهر تأثير ليونغبرغ على الإطلاق، أو على الأقل ليس في بدايته.	Il n’y a pas eu d’effet Ljungberg du moins pour sa première.	mafand	Senegalese News (MAFAND)
wo-ar-0917	Lile cofeelu bëgg sa réew, du naaxsaay!	ولن يخب هذا الشوق إلى الوطن أبدا!	Cette ferveur populaire et militante ne cessera jamais !Tant que SONKO ne devient pas président, cet enthousiasme citoyen ne s’estompera pas !C’est notre argent !	mafand	Senegalese News (MAFAND)
wo-ar-0684	Njiitu réew mi fas na yéene tamit guduroŋ raŋ-raŋ bi dox Kéedugu ak lopitaal Amat Dãasoxo.	كما يخطط الرئيس أيضا إلى تزفيت الممر الذي يربط بين كيدوغو ومستشفى أَمَتْ دانسوخو.	Le Président compte également procéder au bitumage de la piste qui relie Kédougou à l’hôpital Amath Dansokho.	mafand	Senegalese News (MAFAND)
wo-ar-0865	Futbalkatu digg bu Bruges bi, Kerepee Jaata dugal na balu ñaareel bi cib àndandoo bu rafet, lu tollook ñaar-fukki meetar (20),	سجل لاعب وسط بروج كريبين دياتا الهدف الثاني بتسديدة رائعة على بعد عشرين مترا (20)،	Le milieu de Bruges Krépin Diatta a marqué le deuxième but d’une magnifique reprise des 20 mètres, pour sanctionner une relance ratée des Tanzaniens sur un corner.	mafand	Senegalese News (MAFAND)
wo-ar-0461	ñuy jënd ropplaanu juróom-benn-fukki milyaar ngir kenn nit ak njabootam te waxtaanuñu ci ak askan wi wala sax Péncum Ndawi réew mi.	ثم نشتري طائرة من ستين مليارا لشخص واحد وعائلته دون إعلام الشعب أو الجمعية الوطنية.	des heures dans les arrets sans bus et on se permet d'acheter un avion de plus 60 milliards pour une seule personne et sa famille sans avertir le peuple ni l'assemblée nationale .	mafand	Senegalese News (MAFAND)
wo-ar-0295	Ab jàngalekat bu nekk ci daara ji ñu duppee Màbba Jaxu Ba ca Ñooro moo jam paaka benn ndongoom.	قام مدرس بمدرسة امابا جاخو با في انيورو بطعن أحد تلاميذه بسكين.	Un professeur du Lycée Maba Diakhou Bâ de Nioro a poignardé son élève avec un couteau.	mafand	Senegalese News (MAFAND)
wo-ar-0025	Ci kanamu àttekat bi, way-tuumaal bi wéddi na jëf ji, teg ko cig déggook wàll yi daje ci tabax beek luye béréb yi féete ci suufu béréb bi.	أمام القاضي، أنكر المدعى عليه التهم، مدعيا أن الطرفين اتفقا على تشييد وتأجير المخازن الموجودة في الطابق الأرضي من المبنى.	Devant le juge, le prévenu a nié les faits, prétextant que c’est d‘un commun accord que les parties se sont convenues de la construction et d’une mise en location des magasins se trouvant au rez-de-chaussée de l'immeuble.	mafand	Senegalese News (MAFAND)
wo-ar-0110	ab jàngalekat ci daara yu digg-dóomu yi, dund na wàññikug juróom-benn-fukki junni ak benn ak ñeenti téeméer ak ñaar-fukk (61 420) ci Seefaa payoor gu waroon a nekk ñeenti téeméer ak fanweer ak juróom-ñetti junni (438 000) ci Seefaa ….	وتعرض معلم في المرحلة الاعدادية لخصم مبلغ واحد وستين ألفا، وأربعامئة وعشرين (61.420) سيفا من راتبه المقدر بأربعامئة وثمانية وثلاثين ألف (438.000) سيفا ...	Un professeur d’enseignement moyen subit une retenue de 61 420 francs sur un salaire imposable de 438 000 francs …	mafand	Senegalese News (MAFAND)
wo-ar-1186	Ndam li, lu ànd ak yëg-yëg la.	إنه فوز مثير.	C’est sensationnel comme victoire, je ne pourrais pas être plus heureux.	mafand	Senegalese News (MAFAND)
wo-ar-0136	su ñu sukkandikoo ci mindum CAF ak kurélu réew mi yor futbal bi, dinañu fay lu toll ci téeméeri junniy dolaar (100 000).	إذا استندنا إلى نصوص CAF والاتحاد الوطني لكرة القدم سيدفعون ما يقدر بمائة ألف دولار (100,000).	La Guinée est également suspendue des éditions 2019 et 2021 de la CAN U17 en vertu des textes de la CAF et la fédération nationale de football sanctionnée d’une amende de 100 000 dollars.	mafand	Senegalese News (MAFAND)
wo-ar-0808	Su fekkee palaas yi am mbaar la, dinañu fa jaay junni ak ñeenti-téeméeri këyit yiy jàppandal dugg gi njëg li junni la.	سيتم بيع ألف وأربعامئة تذكرة بسعر 5000 في المدرج المغطى.	Du côté de la tribune couvertes, 1400 billets seront mis en vente à 5000 F Cfa, 2400 en découverte à 3000 F Cfa et au virage 2000 places à 2000 F Cfa seront réservées.	mafand	Senegalese News (MAFAND)
wo-ar-0143	Njombe yu teglantoo yii waraloon nañu ag jubbanti jëm ci koppar yiy dugg ci juuti yeek béréb yi ko yellool,	وقد أدت هذه المخالفات المتكررة إلى إعادة تقويم الضرائب والإدارات المعنية	Ces infractions répétitives avaient occasionné des redressements fiscaux des services compétents qui, à la date du 23 mai 2016, s’élevaient à un montant de six milliards cinq cent quatre vingt neuf millions sept cent huit mille neuf cent soixante quatorze (6 589 708 974) francs CFA décomposé ainsi :Nature d’impôt / Montants.	mafand	Senegalese News (MAFAND)
wo-ar-1009	Su ñu booloo takku ngir génne seen gaa yi léegi léegi, fekksi askan wu sonn ci ay ñaxtoom, boo moytuwul, dina nekk musiba ci Maki ak nguuram gi.	إذا احتشدوا جميعا من أجل الإفراج الفوري عن رفاقهم، وانضموا إلى الشعب المتعب في مظاهراته، فقد يؤدي ذلك إلى كارثة لماكي وحكومته.	S’ils sonnent la mobilisation en faveur de la libération immédiate de leurs Camarades, la jonction avec les revendications sociales de ce peuple endolori risque de devenir un coup de tonnerre politique pour Macky et son régime.	mafand	Senegalese News (MAFAND)
wo-ar-0631	Ci matuwaay boobu la jëwriñu koom-koom ji ak koppar yi sukkandiku jël dogal limat fukki junni ak ñaar ak juróom-ñeenti téeméer ak fukk ak ñeent (n°012914 MEF/DGID) bu fan-weeri fan ak benn ci weeru sulet ci atum 2013 te mu soxal lempo bi ñuy dagg ci payoor yi, te tënk ko ci sàrt bu njëkk ba, mu koy takk ci lu tollu ci fukk.	وبناء على هذا الحكم؛ أصدر وزير الاقتصاد والمالية قرار رقم اثني عشر ألفا وتسعمائة وأربعة عشر (n°012914 MEF/DGID) بتاريخ الواحد والثلاثين من شهر يوليو 2013 بشأن الضرائب المفروضة على الأجور المحددة في المادة الأولى، ويضبطها بمعدل قدره عشرة.	C’est en conséquence de cette disposition que le Ministre de l’Economie et Finances a pris l’arrêté n°012914 MEF/DGID du 31 juillet 2013 portant évaluation des avantages en nature compris dans la base de l’impôt sur le revenu pour, en son article 1er, fixer forfaitairement le montant à 10.	mafand	Senegalese News (MAFAND)
wo-ar-0905	Xanaa leeral ne lëlu waxtaanu Sutsas bi ci saytug Unsas la ame, lañu dawal ci yéglekaay bi, L’As.	"تجدر الإشارة إلى أن مؤتمر سوتساس تم عقده تحت إشراف أونساس، كما ورد في صحيفة ""لاس""."	A souligner que le congrès du Sutsas a été supervisé par l'Unsas, lit-on dans L'As.	mafand	Senegalese News (MAFAND)
wo-ar-0950	Macron bañ na nangul Watara dëgër boppam gi mu nekke ci xareb ñoñ bi mën a juddu,	يرفض ماكرون تأييد عناد واتارا في احتمال نشوب حرب أهلية،	Macron refuse de cautionner l’entêtement de Ouattara face au risque de guerre civile et se basant sur des pronostics plus proches de la réalité prédit plutôt un deuxième tour entre Bédié et Soro.	mafand	Senegalese News (MAFAND)
wo-ar-1197	waxtaan wi dina tax ñu def ab jàngat buy séentu ëllëg ak tamit joxe ay saafara ngir am dundug bennoo gi gën.	فإن هذا المنتدى سيمكن من إجراء دراسة تستشرف المستقبل وتقترح حلولا للعيش معا بشكل أفضل.	Selon le président du comité de pilotage, l’ancien Gouverneur Léopold Wade, ce forum permettra de faire une analyse prospective et de proposer des solutions pour un meilleur vivre ensemble.	mafand	Senegalese News (MAFAND)
wo-ar-0619	Teniskat bu jigéen bii di Nawomi Osaka, ci tàggatam ca Rolaŋ-Garos, ci digganteem ak Aseigh Barti, bésu juróom-benni fan ci weeru mee atum 2021 ca Pari.	لاعبة التنس نعومي أوساكا خلال حصة تدريبية في رولان غاروس ضد آشلي بارتي في السادس من شهر مايو 2021 في باريس.	La joueuse Naomi Osaka durant un entraînement à Roland-Garros, face à l'Australienne Ashleigh Barty, le 6 mai 2021 à Paris.	mafand	Senegalese News (MAFAND)
wo-ar-1263	Dinañu dem ca daloob yoonu Kafirin – Ngànda ba, dem Tàmbaa,	سنذهب إلى افتتاح طريق كافرين - انغاندا، وتامبا،	Nous irons à l'inauguration de la route Kaffrine - Nganda, puis Tamba, et après nous irons voir un peu ce qui se passe à Kédougou où le président va inaugurer le centre hospitalier régional Amath Dansokho.	mafand	Senegalese News (MAFAND)
wo-ar-0760	Leer na, dafa jaawale péncum ndawi réew moomu ak mu Senegaal.	من الواضح أنه خلط بين برلمان تلك الدولة وبرلمان السنغال.	sûrement il a confondu ce parlement avec celui du Senegal.	mafand	Senegalese News (MAFAND)
wo-ar-0199	Laata nawetu 2020-2021, ñi ci seen xam-xam màcc ci wall wi dañu fësal ne taw yi daañu bari ci Senegaal te daañu wasaroo bu baax ci gox yi ak ci waxtu wi.	قبل الموسم الزراعي 2020-2021، أعلنت الهيئات المتخصصة عن هطول أمطار كثير في السنغال، موزعة بشكل جيد زمانيا ومكانيا.	Avant la campagne agricole 2020-2021, les organismes spécialisés annonçaient pour le Sénégal une bonne pluviométrie, bien répartie dans le temps et dans l'espace.	mafand	Senegalese News (MAFAND)
wo-ar-0559	Li mu defalul daarayi, nag, moo tax amul màqaama wax ci ñoom.	ولأنه لم يفعل أي شيء للكتاتيب، فهو ليس في وضع يسمح له بالتحدث عنها.		MasakhaNER	Senegalese News (MasakhaNER)
wo-ar-0851	Ba mu demee seeti réewum Farãas, sunu njiitu réewum Senegaal lu nu fonk li, yox-yoxiwul ci ŋàññ doxalin wu jagul wi ADO nekke.	لم يتردد رئيسنا السنغالي العزيز في التنديد بالسلوك غير المسؤول لADO خلال زيارته لفرنسا.	Lors de sa visite en France, notre cher président sénégalais n’a pas hésité à dénoncer le comportement irresponsable d’ADO qui constitue désormais une menace pour la sous-région.	mafand	Senegalese News (MAFAND)
wo-ar-0646	Njëkk a bind say farandoo ci këyiti wote yi, yore limu ñiy wote laata nga jaxase kàrta gi wala ngay yéexal mbindu mi.	تسجيل نشطائكم أولا في القوائم الانتخابية، وحمل قائمة المصوتين قبل عرقلة النظام أو إبطاء وتيرة التسجيل.	Inscrire ses militants en premier sur le fichier électoral avant d’obstruer le système et ralentir le rythme d’inscription ;3.	mafand	Senegalese News (MAFAND)
wo-ar-0942	Waxoon na ne, yor na firndeb moomeel yu teguwul ci yoon yi Maki ame.	وقد قال إن لديه دليلا على أصول غير قانونية لماكي.	Il disait détenir les preuves du patrimoine illégalement acquis de Macky sall.	mafand	Senegalese News (MAFAND)
wo-ar-0445	Nu ngeen mën a def ba fay lu ëpp juróom-benni milyaar ci ay ndàmpaay SOFIKO ci atum 2015 te waajaluleen ko woon ci koppar yi réew miy jëfandikoo ci at mi.	كيف تمكنتم من دفع أكثر من ستة مليارات كتعويضات لسوفيكو في عام 2015م ولم تجهزوا لها من الأموال التي ستنفقها الدولة هذا العام؟	Comment avez-vous pu payer plus de 6 milliards d’indemnités à la SOFICO en 2015 alors qu’aucune inscription budgétaire n’était prévue à cet effet ?	mafand	Senegalese News (MAFAND)
wo-ar-0542	Looy wax ci réewi Afirig yi jox seen lépp Farãas te bàyyeeku bañ a jéem dara ?	ماذا يمكن أن تقول عن الدول الأفريقية التي فوضت كل شيء لفرنسا، واستسلمت ولم تحاول فعل أي شيء؟	Que dire des pays africains qui ont tout délégué à la Franceet se laissent aller facilement à l’indolence ?	mafand	Senegalese News (MAFAND)
wo-ar-0280	Te wax ne mbir mi tege na ciw yoon ngir dalal seen xel, loolu ay nar la.	وسيكون من الكذب القول بأن الأمر قانوني لاطمئنان بالهم.	Et ce serait mentir que de dire que la manière dont le dossier est géré est de nature à nous rassurer.	mafand	Senegalese News (MAFAND)
wo-ar-1193	Mee atum 2018 laa dem,	غادرت في مايو 2018؛		MasakhaNER	Senegalese News (MasakhaNER)
wo-ar-0994	Ñaar-fukk ak ñetti (23) poñ ku nekk, waaye bali bit yi, moo leen wuutale, dañoo jeng jëm ci foxes yi.	ثلاث وعشرون نقطة لكل منهما ولكن فارق الأهداف يصب في صالح الثعالب.	23 points pour chacun mais la différence de buts est largement favorable aux foxes.	mafand	Senegalese News (MAFAND)
wo-ar-0708	Ñépp tee woon nañu ci waxtuw ndékki li ci talaata jii ca otel bu Rhino Resort, nekk fa nga xam ne foofu la ñu war a tàmbalee seenug tàggatu ngir waaj seen dajeek Madacascar gaawu ak Mali talaata ja ca topp.	حضر الجميع وقت تناول الفطور يوم الثلاثاء في فندق رينو رسورت حيث أقاموا لبدأ تحضيراتهم استعدادا لمواجهتي مدغشقر يوم السبت، ثم مالي يوم الثلاثاء التالي.	Le groupe était presque au complet à l’heure du déjeuner ce mardi à l’hôtel Rhino Resort, où l’équipe nationale a installé son camp de base, pour débuter sa préparation, en prévision des matches contre le Madagascar, samedi, puis le Mali, le mardi suivant.	mafand	Senegalese News (MAFAND)
wo-ar-1170	te mu ngi wéy di am lu muy jur ci yeneen bérébi liggéeyukaay yi.	وتستمر في تحقيق مكاسب في أماكن عمل أخرى.	Selon les données dont dispose Afrique Confidentielle, le FSD a pu réaliser une rentabilité des capitaux propres (ROE) de 33% pour son premier exercice et continue d’avancer sur plusieurs chantiers.	mafand	Senegalese News (MAFAND)
wo-ar-1258	Njiitu wàllu njiiteef gi mu ngi wallusi Njëwriñ ji yore suqalikug askan wi nga xam ne, ay gëtam rekk la yore woon, di seetaan bi màkkaanam bi di lakk.	يأتي رئيس المعين للقيادة لنجدة وزارة تنمية المجتمع التي تقف عاجزة تماما بينما تشتعل النيران في مكانه.	Le CSA vient au secours du Ministère du développement communautaire totalement désarmé pendant que ses bureaux sont en flammes.	mafand	Senegalese News (MAFAND)
wo-ar-0438	dafa doxoon ci diggante bi moo tax mu dal ko waaye wéq waa ngi jubaloon ki doon jël widéwoo yi Julius Malema (deppiteb réewum Afrique du Sud) mi di tëkku faat bakkanu deppiteb réewu Mali mi bëggoon a samp ndëndam réewam.	إذ تدخلت في الشجار ولهذا تلقت الركلة التي استهدفت شخصا كان يصور المشهد بسبب التهديدات بالقتل التي وجهها جوليوس ماليما ( نائب جنوب أفريقيا) ضد نائبة مالي التي أرادت الترشح عن بلدها.	En plus le coup de pied n'était même pas destiné à la dame, elle s'est interposée à l'altercation c'est là qu'elle a recu le coup de pied qui visait un homme qui filmait la scène en raison des menaces de mort de Julius Malema (député sud african) à l'encontre de la députée malienne qui voulait se présenter comme candidate pour son pays.	mafand	Senegalese News (MAFAND)
wo-ar-0906	Àllarba ci joŋante dem bi, Lionel Messi génne na àndandoom yi ci guuta gi leen Reds tegaloon.	أنقذ ليونيل ميسي زملاءه من الفخ الذي نصبه لهم الريدز في مباراة أمس، الأربعاء.	Mercredi en demi-finale aller, Lionel Messi a sorti les Barcelonais du piège tendu par les Reds.	mafand	Senegalese News (MAFAND)
wo-ar-0041	Li fi nekk mooy kurél giy saytu làmb ji (CNG) tënk na limu ati mbër yi ci ñeen-fukki at ak juróom.	في الواقع، حددت اللجنة المشرفة على المصارعة (CNG) الحد الأقصى لسن المصارعين عند خمسة وأربعين عاما.	En effet, le Cng a fixé la limite d’âge pour les lutteurs à 45 ans.	mafand	Senegalese News (MAFAND)
wo-ar-0338	Ci gàmmug Tiwaawan gu atum 2019, bérébu fajukaay bi ñu duppe Maam Abdu Asiis Si daloo na jumtukaay yu am solo.	تم تجهيز المستشفى الذي يحمل اسم مام عبد العزيز سِهْ بمعدات مهمة بمناسبة عيد مولد النبي لعام 2019 في تيواون.	Pour l'édition 2019 du Gamou de Tivaouane, le comité sanitaire de l'hôpital Mame Abdou Aziz Sy ne lésine pas sur les moyens.	mafand	Senegalese News (MAFAND)
wo-ar-1244	Dañu leen daanoon ci fukk ak juróom-ñeenteelu simili bi, waaye Mbay Ñaŋ ak i ñoñam mujj nañu dugal ñoom tamit.	في النهاية، سجل مباي أنيانج ورفاقه هدفا بعد أن كانوا متأخرين في الدقيقة التاسعة عشر.	Menés dès la 19e mn ???, Mbaye Niang et les siens ont finalement renversé le score.	mafand	Senegalese News (MAFAND)
wo-ar-0169	Dañu ma yóbbu ci béréb ya, fa laa fajoo paj mu njëkk mi ci fajkatu Caf bi, laataa ñu may yóbbu ci beneen fajukaay ba, loolu la wax dolli ci.	"وأضاف: "" تم نقلي إلى الأماكن، حيث تلقيت الإسعافات الأولية من طبيب الكاف قبل نقلي إلى العيادة الأخرى""."	J’ai été conduit dans les vestiaires où j’ai reçu les premiers soins du médecin de la Caf avant d’être transféré dans une clinique’’, ajoute-t-il.	mafand	Senegalese News (MAFAND)
wo-ar-0655	Téeméeri taraktëer ngir Senegaal gépp, Njiitu réew mi ?	مائة جرار للسنغال كلها سيدي الرئيس؟	100 tracteurs pour tous le Sénégal Mr le président?	mafand	Senegalese News (MAFAND)
wo-ar-0368	Anduñu ci ceeb bi ñuy jox ay nit ñoo xam ne dese nañu koo soxla lool ba noppi bàyyi doom-aadama yi seen loxo jotul seen ginnaaw.	نحن لا نوافق على توزيع الأرز على أشخاص لا يحتاجون إليه؛ وهذا على حساب السكان المحرومين.	À la distribution inappropriée des stocks de riz à des acteurs qui ne sont pas dans une situation de vulnérabilité, au détriment des populations défavorisées.	mafand	Senegalese News (MAFAND)
wo-ar-0733	waaye fexe ba génne ci xeli nit ñi baat bii : toogleen seen kër doonte sax dangeen a jagadi.	ومحاولة إخراج هذه الفكرة من أذهان الناس: ابقوا في منازلكم حتى وإن كنتم مرضى.	Adopter une bonne communication avec le slogan: Sortez de chez vous si vous êtes malade pour venir vous soigner et bannir le slogan: rester chez vous-même si vous avez les symptômes.	mafand	Senegalese News (MAFAND)
wo-ar-0711	Wone ag tële ci mettit yiy dal ci kaw askan wi.	إظهار العجز في المعاناة التي يواجهها الشعب.	Ce sentiment d’impuissance face aux injustices subies par la population.	mafand	Senegalese News (MAFAND)
wo-ar-0068	Ngir waxtaan mën a defar te am njariñ, dëggug kenn kepp ci wàll yi dafay des, fàww ñaari wàll yépp doon ko.	ولكي يكون الحوار بناء ومثمرا، فإن صدق أحد الجانبين غير كاف، بل يجب أن يكون كلاهما كذلك.	Pour qu’un dialogue soit constructif et productif, la sincérité d’un seul camp est insuffisante, il faut que les deux le soient, qu’ils se remettent chacun en question et évitent d’orchestrer le débat en intégrant toutes les parties prenantes et n’en exclure aucune.	mafand	Senegalese News (MAFAND)
wo-ar-0342	Ñu ngi leen di xaar ci baalaate gi ngeen di séddale ne boŋ-boŋ.	وننتظر منكم العفو الذي توزعونه كقطعة حلوى.	Nous vous attendons sur la condamnation et sa teneur ;Nous vous attendons sur la fameuse grâce distribuée comme un bonbon ;Tout en vous rappelant que c’est un deputé qui a été appréhendé et non un citoyen simple.	mafand	Senegalese News (MAFAND)
wo-ar-0926	Waaye, mënuñu leen a bañ a araftu ci xew-xew yi leen di xaar, xam ngeen ko, daa mel ne,	ولكننا لا يسعنا إلا أن نحذركم من الأحداث التي تنتظركم، ويبدوا أنكم تعرفونها	Mais nous ne pouvons manquer d’attirer votre attention sur les épreuves qui vous attendent et vous le savez certainement parce qu’une élection présidentielle en Afrique reste ce qu’elle est.	mafand	Senegalese News (MAFAND)
wo-ar-0258	Samp nañu laaj bi ci këru yéglékaay gii di Le Soleil.	وسُئِلَ هذا السؤال في هذه الصحيفة Le Soleil.	La question s’est invitée dans les colonnes du quotidien national Le Soleil.	mafand	Senegalese News (MAFAND)
wo-ar-0921	Woote léen am ndaje, dooleen fa gis lu dul ay bàndi ak ay addu-kalpe yuy ànd ak yéen.	نظموا اجتماعا و لن تروا معكم إلا البلطجية وقطاع الطرق.	Organisez un meeting ,vous ne verrez que des voyous et des délinquants avec vous.	mafand	Senegalese News (MAFAND)
wo-ar-0588	Ropplaan bu bees dafay bokk ci liy yokk taaru réew mi.	تساهم الطائرة الجديدة في تحسين صورة البلاد.	Un avion de commandement flamblant neuf contribuera à l'image du pays.	mafand	Senegalese News (MAFAND)
wo-ar-0156	Fi mu nekk nii, waxtaan yi dinañu aju ci séddale goxu Kër Masaar, sos yeneen gox yu yees ci diwaanu Ndakaaru bi ak ñag gox-goxaan yi nekk ci diwaanu Kër Masaar, Pikin ak Tëngéej.	وبالتالي، ستركز المناقشات على تقسيم منطقة كَرْ مَسَارْ وإنشاء مقاطعات جديدة في إقليم داكار وتسييج المناطق المحلية في مقاطعات كَرْ مَسَارْ وبكين وتنغيج.	Ainsi, les débats vont précisément porter sur la départementalisation de Keur Massar, la création de nouveaux arrondissements dans la région de Dakar et les limites de collectivités territoriales dans les départements de Keur Massar, Pikine et Rufisque.	mafand	Senegalese News (MAFAND)
wo-ar-1122	Gàcceel ngeen réew mi,	أنتم وصمة عار على هذا البلد،	Vous faites la honte de ce pays et donnez raison à celui qui parlait de jeunesse malsaine.	mafand	Senegalese News (MAFAND)
wo-ar-1076	naka noonu soxla yi, tey wàññiwaale lempo yi mu ga këri liggéeyukaay yi, ñuy mën di am lu ëpp li ñu daan am, di mën di jël ay nit ñu liggéey.	وكذلك الطلب، مع تقليل العبء الضريبي المفروضة على الشركات مما يسمح لها بكسب المزيد من المال وتوظيف المزيد من العمال.	Par exemple si le gouvernement d’un pays décide de diminuer les impôts sur le revenu, cela permettra normalement d’augmenter le pouvoir d’achat des ménages et donc la demande tout en diminuant les charges fiscales imposées aux entreprises, leur permettant ainsi de produire plus et d’embaucher.	mafand	Senegalese News (MAFAND)
wo-ar-1060	xaalis bi ñu ko jënde, ñu ngi ko jële ci natti ati 2019, 2020 ak 2021.	وقد تم أخذ الأموال التي تم اقتناؤها بها من أقساط 2019 و2020 و2021.	Cet avion a coûté la somme de 57 447 235 356 francs CFA et l'acquisition a été budgétisée dans les lois de finances initiales de 2019, 2020 et 2021, a déclaré le ministre des finances et du budget, Abdoulaye Daouda Diallo qui défendait, ce vendredi, le projet de loi n°07/2021 modifiant la loi n°81-52 du 10 juillet 1981 portant code des pensions civiles et militaires de retraite.	mafand	Senegalese News (MAFAND)
wo-ar-0815	Ñoom dañuy xalaat seen aafiya ji, anam yi ñuy nekk bu ñuy tukki.	إنهم يفكرون في راحتهم وفي الظروف التي سيكونون فيها عند السفر.	Eux, ils pensent à leur confort, à la façon dont ils voyagent.	mafand	Senegalese News (MAFAND)
wo-ar-1262	Loolu tamit moo am ak waa Naples yi waa yi wékku ci Spal.	حدث الشيء نفسه مع النابوليين الذين تعلقوا بسيبال.	Même son de cloche chez les Napolitains accrochés par Spal.	mafand	Senegalese News (MAFAND)
wo-ar-0528	Gis ngeen, doonte am na xam-xam ak daraja, ku bëgge kii, mbóoti nguur gi lay doxantoo.	فكما ترون، على الرغم من علمه وشرفه، فإن هذا الجشع يتماشى مع أسرار الحكومة.	Voyez-vous, malgré sa grande envergure, ce rapace, ne se déplace que sous le manteau ténébreux du Secret d’état.	mafand	Senegalese News (MAFAND)
wo-ar-0632	Laata finaalu Ligg dee Sàmpiyoŋ : Bayern laa don liggéeye, woote woon nañu ab reer ca Munig.	قبل نهائي دوري أبطال أوروبا: كنت أعمل في بايرن، ودعوا إلى حفل عشاء في ميونيخ.	Avant la finale de la Ligue des champions: Je travaillais au Bayern, et il avait organisé un dîner à Munich.	mafand	Senegalese News (MAFAND)
wo-ar-0236	Looloo tax li liggéeykat yi daan am mënatuñu ko, loolu la kenn ku bëggul a fësal turam wax ndax dafa tënku.	ولهذا السبب، لم يعد من الممكن للعمال الحصول على ما كانوا يحصلون عليه.	Dans le même temps, la complexité des nouvelles procédures de la BEAC et le besoin urgent des agents économiques crée une situation de forte demande face à des ressources finalement plus faibles, et les commissions s’envolent , a expliqué une source qui a requis l’anonymat du fait de sa position contractuelle avec des officiels.	mafand	Senegalese News (MAFAND)
wo-ar-0298	dafa fekksi xalaatu kuréel gi ñu naan Ecolibri, te seen jubluwaay nekk fexe ba defar béréb yu tilim yi nekk ci biir dëkk bi.	وهو يتناسب تماما مع مبادرة جمعية إيكوليبري التي تهدف إلى استصلاح المساحات الملوثة في المنطقة.	Le thème de la célébration de cette journée, La restauration des écosystèmes, rejoint bien l'initiative de l'association Ecolibri, dont l'objectif est de récupérer des espaces pollués et/ou encombrés de la capitale et de les transformer en poumons verts.	mafand	Senegalese News (MAFAND)
wo-ar-0061	J. Cole amoon na juróomi poñ, ñetti joxe ak juróomi bonde.	وسجل جيه. كول خمس نقاط وثلاث تمريرات حاسمة وخمس متابعات.	J. Cole avait cinq points, trois passes et cinq rebonds en trois matchs.	mafand	Senegalese News (MAFAND)
wo-ar-0564	Te bu ñu jëlee lim yi, lim yi doŋ, xaalis bi ñuy yaxanal mën a tollu ci juróom-ñaari milyaar ak ñeenti téeméeri milyoŋ ak fukk-ak-ñeenti ak ñeenti téeméeri junni ak ñaar-fukk-ak-benn ak ñeen-fukk ak ñaari dërëm ak ñeenti fiftin ci xaalisu Seefaa.	في حين أنه من خلال أخذنا للأرقام، الأرقام فقط، فإن المبلغ الذي سيتم توفيره سيكون سبعة مليار وأربعمائة وأربعة عشر مليونا وأربعمائة وواحد وعشرين ألفا ومائتين وأربع عشرة سيفا.	Mais, s’il y a un appel à lancer encore à l’homme au Mérr Gaddu, c’est qu’il se surpasse et aille jusqu’au fond de ses tripes nous trouver cette ressource dont il manque tant.	mafand	Senegalese News (MAFAND)
wo-ar-0392	Kujje gi, ngir yàlla bànneexu leen bu baax ci seeni yelleef ! Abib Jóob	أيها المعارضون، لوجه الله، من فضلكم استمتعوا بحقوقكم! حبيب ديوب.	Après tout cette attitude d’attentisme et d’inaction de l’opposition lui sert! Président Sonko, foncez,les planètes sont bien alignées pour arriver à votre dessein! Opposants du Sénégal, de grâce jouissez sans limite de vos droits! Abib Diop.	mafand	Senegalese News (MAFAND)
wo-ar-0504	Estaat bi nekk na ci ag lëndëm fukki simili ak juróom-benn laata làmp yiy tàkkaat.	ظل الملعب في الظلام لمدة ست عشرة دقيقة قبل أن يشتغل المصابيح من جديد.	Le stade est resté dans le noir pendant 16 mn de revenir à la normale.	mafand	Senegalese News (MAFAND)
wo-ar-0508	Bu ki ngay joŋanteel amul lu dul ay fen, wax-yu-ñaaw niki ngànnaay, suñu wareef mooy bañ a suufeel suñu bopp ni moom,	عندما لا يملك الخصم سلاحا سوى الأكاذيب والتصريحات الخبيثة، فإن واجبنا هو أن نرفض النزول إلى مستواه،	Quand l’adversaire n’a que caricatures, mensonges, propos malveillants et réducteurs comme armes notre devoir est de refuser de descendre aussi bas que lui et de résister avec dignité et élégance car il nous est demandé ceci : Que la haine envers un peuple ne vous incite pas à commettre des injustices.	mafand	Senegalese News (MAFAND)
wo-ar-0408	Ay kàcc la de, bu Jëwriñu koom-koom ji, te aw doxalinu wuy nësëxal koom-koom gi, wax ne Senegaal amul yelleefu siiwal njëgu ropplaan gi ndax day sàmm suturas si ñu tënk ci digaale bi.	إنها افتراءات وفساد في حق الاقتصاد عندما يقول وزير الاقتصاد أن السنغال لا يحق لها الكشف عن سعر الطائرة احتراما لسرية العقد.	Et c est archi faux quand le ministre de l anti-economie soutient que le Senegal n a pas le droit de divulguer le prix de l avion pour respecter la confidentialite du contrat.	mafand	Senegalese News (MAFAND)
wo-ar-0293	Kon jariñoowuñu ci tolof-tolofu waa barça.	إذن، لم يستفيدا من تعثر برشلونة.	Le Barcça s’incline mais reste leader malgré tout car le Real et l’Atletico, tous tenus en échec par respectivement le Bétis et le Séville, n’ont pas su profiter du faux des Blaugranas.	mafand	Senegalese News (MAFAND)
wo-ar-0549	Ci béréb bu jafe, Spurs yi masuñu faa ragal a dem.	لم يقلق السبيرز أبدا بشأن الذهاب إلى المنطقة الصعبة.	Sur une terre souvent hostile, les Spurs n’ont jamais été inquiétés.	mafand	Senegalese News (MAFAND)
wo-ar-0128	Gis nanu sax, ci benn widéwoo, ab maa-mën muy digal altoppeem yi ñu sangoo ndox mu ñu nàndale këriñ,	شاهدنا حتى مقطع فيديو يوصي فيه مشعوذ أتباعه بالاستحمام في ماء مشبع بالفحم الأسود،	Tout ça pour un virus qu’on ne peut même pas voir à l’œil nu!Nous avons même vu, dans une vidéo, un faiseur d’almanach qui recommandait à ses adeptes de prendre un bain avec une eau imbibée de charbon noir, comme si le virus a peur du noir.	mafand	Senegalese News (MAFAND)
wo-ar-0192	loolu di firndeel ne li mu defoon daaw, maanaam dugal fukki bit ak ñaar, weesu na ko ren.	ويؤكد هذا أنه حطم رقمه القياسي؛ أي سجل اثنتي عشر هدفا في الموسم الماضي.	Cette saison, le Sénégalais est déjà 18 buts inscrits en Premier League et a battu son record dans le championnat anglais (12).	mafand	Senegalese News (MAFAND)
wo-ar-0806	Njàppale gu mel nii dana gën a dalal xelu joxekat yi yaakaar na béréb bi mënul a dékku mbooloo mi fiy ñëw yépp.	ومن شأن هذا الدعم أن يشجع المتبرعين الذين يعتقدون أن المركز لا يملك القدرة على استيعاب جميع الحشود التي تتوافد عليه.	Un tel accompagnement encouragera les donneurs qui se voient souvent opposer que tel centre n’a pas une capacité suffisante de recueil pour faire face à leur affluence.	mafand	Senegalese News (MAFAND)
wo-ar-0707	Sànni xeer yi ñu doon def mboolem ñi àndoon ak njiitu réew mi ca Kungél démb war naa jaaxal dunguruy nguur gi.	إن عملية الرشق بالحجارة التي كانوا يقومون بها على الموكب الرئاسي أمس في كُنْغِيلْ يجب أن تقلق متملقي هذه الحكومة.	caillassage pour la première fois du cortège presidentiel hier a kougheul doit être une serieuse alerte pour sonner le reveil des suppôts de ce regime	mafand	Senegalese News (MAFAND)
wo-ar-0669	Ndax mbir moomu askan wépp xam nañu ko bu baax.	لأن هذه القضية مألوفة جدا لدى الرأي العام.	En prenant cet exemple, Diomaye n’a fait aucune révélation, dans la mesure où c’est une affaire que l’opinion publique connaît parfaitement.	mafand	Senegalese News (MAFAND)
wo-ar-0362	Lii dafay firndeel ne diine dafa lëkkale, ci lu wér, làkku wolof ak araab.	وهذا يدل على أن الدين يربط بوضوح بين الولوفية والعربية.	Ceci indique que le lien entre le wolof et l’arabe, du fait religieux, est inextricable.	mafand	Senegalese News (MAFAND)
wo-ar-0079	Aaj ab kàngam la ci ab këru liggéeyukaay gu mag.	أثي مدير تنفيذي في شركة كبيرة.	Athie est un ancien cadre dans une grande société.	mafand	Senegalese News (MAFAND)
wo-ar-0998	Jot na sëkk, jëwriñ ji ŋànk mbay mi dëggal.	لقد حان الوقت لأن تكون وزارة الزراعة جادة.	Il est donc plus que temps que ce Ministère de l’agriculture soit plus sérieux.	mafand	Senegalese News (MAFAND)
wo-ar-0086	Niki li weesu, Taxawu Senegaal ci sottantal ak ci nangu moom ak ay àndandoom dina daj baat yiy tax jokkoo gi tegu te wóor, yoon yi gën ngir samp fépp ay mbooloo yu ubbéeku, te mën a boot sunu naalu yokkuteb gox bi, la ci tontu.	ويصر على أن Taxawu Senegaal، كما في الماضي، سيجد بالاشتراك والاتفاق مع حلفائه؛ من خلال مشاورات صريحة وصادقة، أفضل حلول لإنشاء فرق ذات مصداقية في كل مكان، وقادرة على تنفيذ مشروعنا للتنمية المحلية.	Comme par le passé, Taxawu Sénégal en rapport et en accord avec ses alliés, trouvera aux termes de concertations franches et sincères, les meilleures formules pour créer, partout, des équipes crédibles pour porter notre projet de développement local, martèle-t-il.	mafand	Senegalese News (MAFAND)
wo-ar-1006	Rax-ci-dolli, du yégal askan wi, ndax amul benn worma ci nun.	والأكثر من ذلك أنه لا يقوم بإبلاغ الشعب لأنه لا يحترمنا.	En plus il n'informe pas le peuple car il n'a aucun respect pour nous.	mafand	Senegalese News (MAFAND)
wo-ar-0088	Ba tax na, ngir moytu segg ak nëbb xam-xam yi cig tayeef, gëm-gëm bii warul dàq xam-xam bi.	ولهذا، لتجنب الظلامية، يجب ألا يستبعد هذا الاعتقادُ المعرفةَ.		MasakhaNER	Senegalese News (MasakhaNER)
wo-ar-0496	wànte nguuri Afirig yépp a war a gën a góor-góorlu sóobu ci ba fexe denc këyit yépp ci ay ordinaatëer.	ولكن يجب على الحكومات في جميع أنحاء أفريقيا بذل المزيد من الجهود للشروع في تسجيل جميع الأوراق في حواسيب.	Certes, le secteur privé a un rôle important à jouer dans cette dynamique, cependant les gouvernements de toute l’Afrique devraient multiplier les efforts afin d’encourager davantage la numérisation.,	mafand	Senegalese News (MAFAND)
wo-ar-1250	Ak jàngalekat yu màgget yi, ñu bare ci ñoom di sooxaale feebar, dellu ci lekool yi weeru septàmbar, mën a leen di jural musiba,	وشيخوخة المعلمين الذين يعاني العديد منهم من أمراض، فإن استئناف الدراسة في سبتمبر قد يعرض حياتهم للخطر،	Avec ce corps professoral vieillissant, dont nombreux traînent des comorbidités la reprise au mois de septembre risque de mettre en péril leur vie, une situation qui, le cas échéant, aggraverait le manque criard d’enseignants dans les Établissements d’enseignement supérieur.	mafand	Senegalese News (MAFAND)
wo-ar-0725	Sa jëf jii dafay wone ne fullaaloo ñu benn yoon yaw njiitu réew mi, waaye ñun itam naka noonu.	يدل سلوكك هذا على أنك لا تكنّ لنا أي احترام أيها الرئيس، ولكننا لا نحترمك أيضا.	Cet agissement montre que vous n'avez aucun respect pour nous et c'est réciproque Monsieur le Président	mafand	Senegalese News (MAFAND)
wo-ar-0155	Leeral nanu ci ab téere bu génn bu yàggul ne ñiy jéem a soppi diine ji ci tëralinam ñu ngi weer seen bopp ba mel ni gune gu xamul dara.	لقد أوضحنا في كتاب حديث أن هؤلاء الذين يحاولون حرف الدين عن دوره، يفضحون أنفسهم كالطفل الذي لايعرف شيئا.	Nous avons expliqué dans un article récent que tous ceux qui tentent de dévoyer la religion de son véritable rôle se discréditent par une sorte d’infantilisation.	mafand	Senegalese News (MAFAND)
wo-ar-0774	Xoqatal yi nga xam ne dund na ko ci bés bi, yokk ci yi mu nar a dund ca kër ga.	الاضطهادات التي عاشها في هذا اليوم، بالإضافة إلى الاضطهادات التي سيعيشها في المنزل.	Les fortes pressions qu’il aura vécues dans la journée, additionnées peut-être à celles qu’il aura vécues à la maison, l’agressivité, la joie, l’excitation, la déprime, l’intérêt, etc.	mafand	Senegalese News (MAFAND)
wo-ar-0971	Mbooloom tàggatu mi jox na ma ñetti yoon sama wërsëg,	لقد منحني فريق المدربين ثلاث فرص،	L’équipe m’a donné trois fois ma chance, je pense que le ratio n’est pas bon.	mafand	Senegalese News (MAFAND)
wo-ar-0480	waaye jël nañu ndam la.	لكن الفوز كان حليفهم.	Liga :La première de Moussa Wagué avec le Barça cette rencontre a été difficile mais la victoire est là.	mafand	Senegalese News (MAFAND)
wo-ar-0471	Maki dafaay ñaawaal waa Senegaal.	ماكي يهزأ بالسنغاليين.	Macky se moque des sénégalais.	mafand	Senegalese News (MAFAND)
wo-ar-0084	Te ngir doxal bu baax liggéey yi, ay matukaay yu yees lañuy taxawal, rawatina guddi gi, gaawook dibéer yi, diggante fukk ak juróom-ñeenti waxtu (19h) ba juróom-benni waxtu (6h) ci suba.	ومن أجل تنفيذ هذه العمليات، يتم اتخاذ تدابير جديدة، لاسيما في الليل، وفي عطلات نهاية الأسبوع، من الساعة التاسعة عشر (س19) حتى الساعة السادسة (س6) صباحا.	Et pour mener à bien ces opérations, des dispositifs particuliers sont mis en place, surtout la nuit, les weekends, de 19 h à 6 h matin.	mafand	Senegalese News (MAFAND)
wo-ar-0828	Nekkul lu dul aw sas woo xam ne dafa lay tax a fàtte sa bopp ngir saw askan.	إنها ليست سوى مهمة تجعلك تنسى ذاتك من أجل شعبك.	Voter, pour ne citer qu’un exemple, est un devoir, dans la conception que je me fais de la démocratie, beaucoup plus qu’un droit, à tel point que l’esprit de la Constitution sénégalaise me semble exclure la possibilité, pour un citoyen, de faire acte de renonciation volontaire à la qualité de citoyen participant aux préoccupations de la politique de la Cité… Et Ousmane Sonko, qui fit de Mamadou Dia un de ses pères idéologiques en politique (D’ailleurs le siège de son parti porte son nom), l’étaye par ces mots : Et d’ailleurs, qu’est-ce le pouvoir si ce n’est simplement un sacerdoce, le serment de s’oublier et de se sacrifier pour sa patrie… Ce qui est indispensable à un leadership étatique de qualité, c’est d’avoir un bon background intellectuel et socioprofessionnel, une vision claire, une détermination à servir sa nation sur la base de l’intégrité, du désintéressement, du patriotisme, un cran indéfectible et une bonne équipe…… Ces définitions, loin d’être des idéaux seulement, sont omniprésentes dans les discours et les actes politiques de ces deux leaders.	mafand	Senegalese News (MAFAND)
wo-ar-0004	Am nanu ay taalibe yu bare yu juge ci réewi dendandoo yeek réew yi ci Afirig sowu-jant.	لدينا العديد من التلاميذ من البلدان المجاورة وغرب إفريقيا.	Nous avons plusieurs disciples qui viennent des pays limitrophes et de l'Afrique de l'Ouest.	mafand	Senegalese News (MAFAND)
wo-ar-0406	Bayern dugal nañu ñeent ci lu ëpp fukki bal ak benn yi ñu jëmale ci caax yi.	تمكن بايرن من تسجيل أربعة أهداف من أكثر من إحدى عشرة تسديدة موجهة نحو المرمى.	Les Bavarois n’étaient pas vernis sur ce match puisqu’ils ont trouvé le cadre 4 fois et ont cadré plus de 11 fois dans ce match.	mafand	Senegalese News (MAFAND)
wo-ar-0807	Su fekkee dañu ñu teg tiis, ñun chretiens yi, dañu ko war a nangu ba àdduna di tukki, laata xew-xew bu neex biy ñow, te muy yemook yëkkatikug jàngu bi.	إذا كان هناك ظلم تجاهنا، فعلينا نحن النصارى أن نقبله حتى نهاية العالم قبل مجيء الحدث السعيد المتمثل في قيامة الكنيسة.	S' il y a de l' injustice à notre égard, nous chretiens devons savoir que nous devons le vivre à la fin des temps avant l'arrivée de l'évènement heureux qui est l' élèvement de l'église.	mafand	Senegalese News (MAFAND)
wo-ar-1169	FSD jot naa dugal xaalis bu tollu ci fanweer ak ñett ci téeméer boo jël (33%) ci liggéeyam bu jëkk bi rekk,	تمكنت FSD من تحقيق عائد يبلغ ثلاثة وثلاثين بالمائة في أول أعمالها،	Selon les données dont dispose Afrique Confidentielle, le FSD a pu réaliser une rentabilité des capitaux propres (ROE) de 33% pour son premier exercice et continue d’avancer sur plusieurs chantiers.	mafand	Senegalese News (MAFAND)
wo-ar-0737	Sea Premium 100 bu siiw bi ñu tudde Fatig, nekkul ag gaal goo xam ne njiitu réew mi daf ciy doxantu,	إن سي بريميوم 100 الشهير المسمى فاتيك ليس يختا يتسكع فيه الرئيس،	La vedette Sea Premium 100 baptisée Fatick, qui n’est donc pas un yacht pour promenades présidentielles, est destinée, comme La Signare, à transporter les autorités sénégalaises, ainsi que les hôtes de marque, de Dakar à l’île de Gorée, dans les conditions standard modernes de sécurité.	mafand	Senegalese News (MAFAND)
wo-ar-0752	Ci xelu waa APR, ndam li ca gox bu Sigicoor lay gën a neexee, fàww, ak nu mu mën a deme, ñu boole leen ci li ñuy def.	في أذهان APR، سيكون النجاح في منطقة زيغينشور أروع بغض النظر عما سيؤول إليه الأمر، ليشركوا هُم في ما يقومون به.	Dans l’esprit de l’APR la réussite sera certainement plus marquée dans la région de Ziguinchor, il faut à tout prix y mêler leurs actions.	mafand	Senegalese News (MAFAND)
wo-ar-0603	Ndeysaan defu ko waaye bul teg sa bopp ay jafe-jafe.	من المؤسف أنه لم يقم بذلك، ولكن لا تتورط في مشاكل.	C’est dommage qu’il ne l’ait pas mis, mais il ne faut pas se mettre des problèmes dans la tête.	mafand	Senegalese News (MAFAND)
wo-ar-0907	Ci misaal mi ci këyit gi, am na ay mbind : rusloo ngeen ma	في النموذج الموجود على الورقة، هناك نصوص: أخجلتموني.	Sur la maquette un texte est collé: Honte à vous .	mafand	Senegalese News (MAFAND)
wo-ar-0932	Bañkat bi, tuumaal nañu ko ci yeekatu fitna, tëj nañu ko ci kasog Rëbës bi.	اتُّهم الناشط السياسي بالإرهاب واحتجز في سجن رَبَسْ.	L’activiste, accusé de fausse alerte au terrorisme, est écroué à la maison d’arrêt et de correction de Rebeuss.	mafand	Senegalese News (MAFAND)
wo-ar-0849	Noppi na ci def goneg fukk ak ñetti at gi (13) ab fowukaay.	انتهى من تحويل الطفل البالغ من العمر ثلاثة عشر عاما (13) إلى لعبة.	Et il a fini de transformer la mineure de 13 ans en objet sexuel.	mafand	Senegalese News (MAFAND)
wo-ar-1051	Loolu la ki ñu jox xibaar bi wax, juróom-benni nit ñu am ay gaañu-gaañu lañu yóbbu lopitaal bu Binjoona.	هذا ما أفاد به من نقل لنا الخبر أنه تم إجلاء ستة ركاب مصابين إلى مستشفى بنجونا.	Ainsi, poursuit la source, six passagers blessés ont été évacués au centre de santé de Bignona.	mafand	Senegalese News (MAFAND)
wo-ar-1162	Lii rekk a tax askanu Senegaal gisul boppam ci doxalinu nguur gi.	ولهذا السبب، لا يرى شعب السنغال نفسه في كيفية عمل الحكومة.	Lii rekk a tax askanu Senegaal gisul boppam ci doxalinu nguur gi.	mafand	Senegalese News (MAFAND)
wo-ar-0164	Bi ma nekkoon di liggéeyal nguur gi, li ma daan jaaxal lool moo doonoon yeesalufg bagaasi taaral bérébu liggéey bi, te yi fi nekk soppeekuwuñu.	ما صدمني حقا عندما كنت موظفا في الحكومة هو تجديد المعدات المكتبية في حين أن الموجودة فيها لا تزال سليمة.	Quand j’étais fonctionnaire, ce qui me choquait beaucoup c’était le rythme auquel le mobilier et le matériel de bureau étaient renouvelés alors que l’existant était encore intact.	mafand	Senegalese News (MAFAND)
wo-ar-0089	Wile tëralin ormaalul yoon wiy dooleel.	لم تحترم هذه الخطة القانون التمكيني.		MasakhaNER	Senegalese News (MasakhaNER)
wo-ar-0525	Wér-gu-yaram: ci wér-gu-yaram gi, Fondasiyoŋ bi def na ca dëkkub Degere lopitaal bu bees bu am ay jumtukaay ak dëkkuwaayu doktoor ba koy jiite.	الصحة: في مجال الصحة، قدمت المؤسسةُ لقرية دِغِرِ مستشفى جديدا مجهزا بالأدوات والسكن للطبيب الذي سيرأسه.	§Santé :§Pour le volet santé, la Fondation a doté le village de Deguerre d’un nouveau poste de santé entièrement équipé accompagné d’un logement pour l’Infirmier Chef de poste.	mafand	Senegalese News (MAFAND)
wo-ar-0697	Këru liggéeykaay gii di La Sénégaalaise de Réassurance (Sen-Ré) am na leneen njiit lu bees, Aadama Njaay la tudd, moom lañu toftaloon ci njiit li te mu tekki woon ndombo-tànkam.	لدى شركة La Sénégalaise de Réassurance (Sen-Ré) رئيس جديد اسمه آدم انجاي، نائب المدير العام الذي استقال من منصبه.	La Sénégalaise de Réassurance (Sen-Ré) a un nouveau patron, en la personne d'Adama Ndiaye, ancien directeur général adjoint qui avait démissionné de son poste.	mafand	Senegalese News (MAFAND)
wo-ar-0911	Bile dogal, dina gàll ñaareelu mbooloom tàggatu gi, ngir mu mën a teewal déndu Afirig ci joŋanteb àdduna bii di ñëw FIFA ak xale yi am wala yéesal fukk ak juróom-ñaari at, war a ame ca réewum Brésil jàpp juróomi fan ba ñaar-fukk ak juróom-ñaari fan ci weeru nowàmbar.	يمنع هذا القرار المجموعة الثانية من اللاعبين من تمثيل قارة أفريقيا في كأس العالم تحت 17 سنة المقبلة المقررة في البرازيل في الفترة من الخامس إلى السابع والعشرين من نوفمبر المقبل.	Cette décision empêche le vice-champion africain de représenter le continent à la prochaine coupe du monde FIFA U17 prévue au Brésil du 5 au 27 novembre.	mafand	Senegalese News (MAFAND)
wo-ar-0372	Dox gi ñu nemmeeku ci soppi li ñuy jële ci mbay mi, nasum pexem njëg lu baax lee ko jëmmal.	كما انعكس التحول الديناميكي للقطاع الزراعي في سياسة تسعير جيدة.	La dynamique de transformation dans le secteur agricole s'est traduite également par une bonne politique de prix.	mafand	Senegalese News (MAFAND)
wo-ar-0361	waaye ki ko doon defloo li mu doon def, kenn defu ko dara.	لكن من كان يأمره بما كان يفعله لم تتم محاكمته أبدا.	Il a été condamné mais son donneur d’ordre n’a pas été inquiété.	mafand	Senegalese News (MAFAND)
wo-ar-1008	Ngir fomp jigéenu Sud-Africaine bi, Elmarie Gerryts ci àlluwa ji, war na def...	لمحو سيدة الجنوب أفريقية إلماري غيريتس من اللوح، سيتعين عليها...	Pour effacer la Sud-Africaine Elmarie Gerryts des tablettes, elle devra faire sans.	mafand	Senegalese News (MAFAND)
wo-ar-0137	Gànnaaw ba ñu dëddoo àdduna, jàmbaari taskati xibaar yii di Yoro Jàllo, Usmaan ak Abu Mamadu Si, maa ngi leen di jaal këru liggéeyukaay gi, Leeral, seen njaboot ak bépp taskatu xibaar bu nekk Senegaal.	بعد وفاة جنود الإعلام البواسل، يورو ديالو وعثمان وأبو مامادو سي، أتقدم بأحر التعازي إلى مجموعة لِيرَلْ، وإلى عائلة الضحايا وإلى الصحافة السنغالية بأكملها.	Suite au rappel à Dieu des braves soldats de l’information que sont Yoro Diallo, Ousmane et Abou Mamadou Sy, je présente mes condoléances les plus attristées au groupe Leral, à la famille des victimes et à toute la presse sénégalaise.	mafand	Senegalese News (MAFAND)
wo-ar-0612	Ngir fexe ba wut béréb yu bari yu ñuy defaree kuraŋ, Maki Sàll gisul dara lu tane fexe ba ku nekk mën di jëndal sa bopp kuraŋ.	في محاولة لخلق مصادر متعددة لإنتاج الكهرباء، لم ير ماكي سال طريقة أفضل من أن يتمكن أي شخص من شراء الكهرباء بنفسه.	Pour formaliser cette diversité de sources de production d’électricité, Macky Sall n’a pas trouver mieux que de libéraliser la commercialisation de l’électricité.	mafand	Senegalese News (MAFAND)
wo-ar-0302	Rax-ci-dolli, dëkk bu naqari bi nga xam ne kujje gi mën nañu cee jaare xarab nguur gi wone ñàkk xam-xamu suñu njiit yi!	أضف إلى ذلك الوضع الكارثي للبلاد والذي من خلاله تستطيع المعارضة انتقاد الحكومة وإظهار عدم كفاءة رؤسائنا!	S’y ajoute la situation catastrophique du pays, qui pourtant joue en leur faveur et constitue un puissant catalyseur pour galvaniser la troupe opposante et démontrer l’incompétence de nos gouvernants!Tenez vous bien:1)Dakar est la 2 ème ville la plus polluée au monde en termes de taux de concentration de particules fines PM10 avec toutes les conséquences sanitaires engendrées(pneumonie, cancer du poumon.	mafand	Senegalese News (MAFAND)
wo-ar-0205	Yomb na nekk fii di yuuxu ci mbooloo mi,	من السهل أن تعوي مع القطيع،	Il est facile de hurler avec la meute mais quand il s'agit de faire la promotion d'un parti comme Pastef et d'en être le porte-parole on est vite à court d'arguments surtout dans une Affaire aussi scabreuse qui reste la trame et le seul élément marquant de ce parti dans la conscience populaire et collective	mafand	Senegalese News (MAFAND)
wo-ar-0135	Réewum Ginne dañu ko aj ci joŋantey ati 2019 ak 2021 ci CAN bu xale yi am wala yéesal fukk ak juróom-ñaari at (17),	تم إيقاف غينيا عن نسختي 2019 و 2021 من CAN تحت سبعة عشر عاما (17)،	La Guinée est également suspendue des éditions 2019 et 2021 de la CAN U17 en vertu des textes de la CAF et la fédération nationale de football sanctionnée d’une amende de 100 000 dollars.	mafand	Senegalese News (MAFAND)
wo-ar-0304	Dama doon dem ci suñu dëkkandoo bi ma doon laaj : salaamaalekum, ndax Muhàmmat a ngi fi ?	كنت أذهب إلى جارنا وأسأله: السلام عليكم، هل محمد موجود؟	J’allais chez notre voisine et je demandais : Salut, Mohammed est là ?	mafand	Senegalese News (MAFAND)
wo-ar-0432	Dafa war a yokk sax ay jëfam te mu leeral ko.	بل يجب عليه أن يطور أفعاله ويوضحها.		MasakhaNER	Senegalese News (MasakhaNER)
wo-ar-1264	bu ñu ci paree, ñu dem Kéedugu, foofee, Njiitu réew mi dina fa daloo lopitaal Ammat Dãasoxo.	وبعد ذلك سنذهب إلى كيدوغو حيث سيفتتح رئيس الدولة مستشفى أمات دانسوخو.	Nous irons à l'inauguration de la route Kaffrine - Nganda, puis Tamba, et après nous irons voir un peu ce qui se passe à Kédougou où le président va inaugurer le centre hospitalier régional Amath Dansokho.	mafand	Senegalese News (MAFAND)
wo-ar-0183	Su ñu sukkandikoo ci Vox populi, tay la liggéeykati SDE yi gën a takku ngir indi ay jafe-jafe ci céddaleg ndox mi ci diwaanu Ndakaaru. Jootoon na ñoo fësal seen yéeney sumb ab gerew bu ñuy tàmbali ci bésu fanweeri fan ci weeru nowàmbar biy ñow.	وفقا لVox Populi، أصدر عمالُ شركة SDE، الذين أصبحوا أكثر إصرارا من أي وقت مضى على تعطيل توزيع المياه في منطقة داكار، أمس إشعارا بالإضراب، اعتبارا من ثلاثين نوفمبر القادم.	Selon Vox Populi, les travailleurs de la Sde, plus que jamais décidés à perturber la distribution d’eau à Dakar, ont déposé, hier, un préavis de grève qui court sur un mois et sera effectif à compter du 30 novembre prochain.	mafand	Senegalese News (MAFAND)
wo-ar-0516	Ca dëgg-dëgg, am naa mbetteel bi ma yégée ne loolu jafe-jafe la woon ci ñenn ñi.	بصراحة، لقد صدمت عندما وجدت أن هذه مشكلة بالنسبة للبعض.	Et très franchement je suis très surpris de constater que cela constitue un problème pour certains d’entre- nous.	mafand	Senegalese News (MAFAND)
wo-ar-0883	Xalaat aw tëralin wuy tënk di wone xaaj yi ci ëpp solo ci diir bi ñu ame léegi, niki néegu daaray càmbar yi ci njàng mu digg-dóomu mi.	التفكير في برنامج يلخص ويعرض الفصول الأكثر أهمية وفقا للجدول الزمني المتاح لنا، كما هو الحال في غرف مدارس التحقيق في المدارس المتوسطة.	Exiger le passage au thermoflash devant les amphithéâtres et les salles de T. D;Renforcer le service de sécurité dans les campus sociaux chargé de limiter le surpeuplement dans les chambres avec le fameux système de clandotage;Mettre l’accent sur l’information et la sensibilisation par le biais des affiches, flyers, panneaux publicitaires à propos des mesures barrières;Revoir le découpage du calendrier universitaire pour le reste de l’année et adapter le quantum horaire aux réalités de la pandémie;Penser à un programme minimal en mettant l’accent sur les chapitres essentiels majeurs selon le quantum horaire à couvrir, comme c’est le cas avec les classes de Terminales dans le cycle secondaire;Combiner le présentiel avec l’enseignement à distance: privilégier les enseignements à distance pour les cours magistraux et maintenir les TD et TP en présentiel;Multiplier les groupes de TD et de TP pour éviter les classes pléthoriques, surtout au niveau des L1, L2 et L3, dans les établissements où les infrastructures pédagogiques le permettent.	mafand	Senegalese News (MAFAND)
wo-ar-0992	Waxtaan nanu ak moom, ndaw si : Maymuna Dem.	تحدثنا إليها، السيدة: ميمونة دم.	Nous nous sommes entretenues avec elle :Maimouna Dème : Parles nous de ton parcours.	mafand	Senegalese News (MAFAND)
wo-ar-0837	Dafa mel ni ci néegu daara ju nekk, ab nongo bu ci am njureef lu baax ci mbind mi dafay féete, gannaaw lépp, ci ñi mujj ci daaraam, su ñu boolee njureef yi ci yeneen fànn yépp.	كما هو الحال في أي فصل؛ فأي طالب يحصل على درجة جيدة في الكتابة سيظل مع ذلك من بين الأدنى في مدرسته إذا ما جمعت كل الدرجات في الأيام الأخرى.	C’est comme si dans une classe, un élève ayant obtenu une bonne note en écriture se classe, malgré tout, parmi les derniers si on considère l’ensemble des résultats des autres matières.	mafand	Senegalese News (MAFAND)
wo-ar-0074	Lu nu gën a xóotal gëstu bi ci taarix, dinanu gis luy firndeel xam-xamu taaral.	طالما عدنا إلى التاريخ، نجد ما يُثبت علم الفن.	Aussi longtemps que l’on remonte dans l’histoire, on trouve le témoignage de l’art.	mafand	Senegalese News (MAFAND)
wo-ar-0560	Ginnaw Sala ak Firmiñoo, Red yi mënuñu yëngal Ter Stegen.	باستثناء صلاح وفيرمينو، لم يتمكن الريدز من إزعاج تير شتيجن.	Li mu defalul daarayi, nag, moo tax amul màqaama wax ci ñoom.	mafand	Senegalese News (MAFAND)
wo-ar-0081	Léegi nak, noppalu jot na ta bàyyee xale yi politig gi	الآن علينا أن نرتاح ونترك السياسة للشبان.	Maintenant il faut se reposer et laisser la politique pour les enfants.	mafand	Senegalese News (MAFAND)
wo-ar-1232	Ba léegi ñu ngi xaar kalaameb Maamur Jàllo,	ما زلنا ننتظر شكوى مامور ديالو؛	Nous attendons toujours la plainte de Mamour Diallo parce qu’elle permettra aux sénégalais de bien connaître ceux qui nous dirigent.	mafand	Senegalese News (MAFAND)
wo-ar-0323	Mu ngi jëm ci taxawal ay bérébu liggéeyukaay ci lu gaaw ngir ndaw ñi jaarale ko ci jëmmalug jumtuwaay yi, gën a baril njureef yi, fexe ba li ñuy yóbbu biti-réew gën a bari.	فهو مصمم لخلق أماكن عمل للشباب بسرعة من خلال تعزيز الأدوات، وتحسين الإنتاجية، وتشجيع الصادرات.	Il est destiné à l’accélération de la création d’emploi des jeunes, à travers notamment la promotion des technologies, l’amélioration de la productivité, la promotion des exportations, lesquels, constituent des axes forts qui permettront d’atteindre les objectifs que nous nous sommes fixés, a indiqué le ministre des Finances.	mafand	Senegalese News (MAFAND)
wo-ar-1227	Loolu moo war a doon téeméer ak fanweer wuuteek ñetti téeméer ak ñeen-fukk laata xayma yu bees yi.	وهذا سيكون ستمائة وخمسين بدلا من ألف وسبعمائة قبل المقاييس الجديدة.	Ce qui fait en tout 650 F Cfa au lieu de 1 700 F Cfa avant les nouveaux barèmes.	mafand	Senegalese News (MAFAND)
wo-ar-0122	Doo mas a bàyyi mu sedd!	لن تستسلم أبدًا!	Dans le coeurs des Africains véritables!Tu ne lacheras jamais prise !Tu ne leur feras pas le plaisir de voir.	mafand	Senegalese News (MAFAND)
wo-ar-0988	noo ngi bàyyi xel lépp, di càmbar bu baax bépp tolluwaay ci mbir mii ak kóolute,	نحن نولي اهتماما لكل شيء، وندقق بدقة كل مرحلة من مراحل القضيّة بأمان،	Nous le disons sans détour : nous restons vigilants et analyserons méticuleusement au peigne fin toutes les étapes de cette affaire avec sérénité mais aussi avec lucidité, réalisme et exigence.	mafand	Senegalese News (MAFAND)
wo-ar-0349	Taarix dafay dellusi!	التاريخ يعيد نفسه!	Ils ne te donnerons pas leur ballon d’or!L’histoire bégaye !Je sais qu’il y a de ces jours où.	mafand	Senegalese News (MAFAND)
wo-ar-1203	Saatinisi bu Monastiir, Makrem Ben Romdhane bile jël na Manute Bol VAL Sportsmanship Award biy raayab nekkug royukaay, nangu ku la raw, mën a bokk ci powum tàggat-yaram ak tamit nawloo bi mu wone diiru joŋante bi yépp.	توّج التونسي مكرم بن رمضان من المنستير بجائزة مانوت بول فال للروح الرياضية التي تجسد المثل العليا واللعب النظيف والروح الرياضية والصداقة التي أظهرها طوال فترة البطولة.	Enfin, le Tunisien de Monastir Makrem Ben Romdhane a lui reçu le Manute Bol VAL Sportsmanship Award, qui récompense l'exemplarité, le fair-play, la sportivité et la camaraderie montrée durant toute la compétition.	mafand	Senegalese News (MAFAND)
wo-ar-0352	Kiy layool Móomoo Jàmme mi ngi laaj lu tolloog 77 865 407%20865%20407 ci li ñu ko sàcc ak juróom fukki milyoŋ yoo xam ne ndàmpaay lay doon.	يطالب محامي مومو ديامي بمبلغ 77 865 407%20865%20407 من المبالغ المختلسة منه وخمسين مليونا كتعويض.	L’avocat de Momo Diamé réclame la somme de 177 865 407%20865%20407 au titre des sommes détournées ainsi que 50 millions au titre des intérêts civils.	mafand	Senegalese News (MAFAND)
wo-ar-1259	Li mu def ci njaaxum ci pólotig bi li muy bare bare, ay ñoñam dañu ko bàyyi muy wéy ci loolee.	وعلى الرغم من أخطائه السياسية الكثيرة، إلا أن عشيرته سمحت له بالاستمرار في ذلك.	Malgré ses innombrables fautes politiques les unes plus désastreuses que les autres ,le clan le laisse faire encore.	mafand	Senegalese News (MAFAND)
wo-ar-0055	Ci boobu yoor-yoor, ñeent-fukk ak juróom-ñaar ci waa ndawi-péncu réew mi booloo nañu ci këru seen njiit Lamin Géy ngir ñu mànkoo def wooteb nërméelal, ci la nguuru Ja daanoo.	اجتمع سبعة وأربعون عضوا من أعضاء الجمعية الوطنية نهار ذلك اليوم في منزل رئيسهم لامين غِي للتصويت بالإجماع على حجب الثقة، وسقطت حكومة جَهْ.	Le même après-midi, quarante-sept membre de l’Assemblée nationale se réunirent dans la maison de leur président Lamine Gueye pour voter à l’unanimité la motion de censure, le gouvernement de Dia était tombé.	mafand	Senegalese News (MAFAND)
wo-ar-0148	Méngale kook LFR1 mi xaalisam bi dugg yem ci (2 964, 79) milyaar, te mu génne ci (gannaaw bor bi ñu wàcce) lu toll ci milyaar (3 398, 65) milyaar ci Seefaa ngir LFR1, naal bi fi nekk ngir ñu wote ko, am na ay yokkute yu toppantee nii milyaar (293, 66) milyaar ci Seefaa, (9,9%) boo jël, ak (310, 33) milyaar ci Seefaa, (9, 1%) ci njëg lu teew.	بمقارنته مع LFR1 الذي بلغت إيراداته 2,964.79 مليارا، وأنفق (باستثناء استهلاك الديون) 3,398.65 مليار سيفا لـ LFR1، فإن هذا المشروع للتصويت يشهد زيادات على التوالي مثل 293.66 مليار سيفا، و(9,9%) و310.33 مليار سيفا، و( 9.1%) بالقيمة المطلقة.	Comparé à la LFR1 qui est arrêtée en recettes à 2 964,79 milliards FCFA et en dépenses (hors amortissement de la dette) à 3 398,65 milliards de FCFA pour la LFR1, le présent projet de loi connait une hausse respective de 293,66 milliards de FCFA (9,9%) et 310,33 milliards de FCFA (9,1%) en valeur absolue.	mafand	Senegalese News (MAFAND)
wo-ar-0853	Xumbalkat bu ndeysaane bi, mujjee na, ci diggante bi, ca suba sa rekk, feeñal ay tuub, rongoñ yi ci bët yi.	في هذه الأثناء؛ أي في صباح اليوم التالي كانت المذيعة البائسة هذه تعتذر والدموع في عينيها.	La malheureuse animatrice qui s’est, entre temps, et dés le lendemain, fendue de plates excuses, les larmes aux yeux, mettant en avant son expérience de dix ans comme une médaille de guerre et sa poularitude comme si cela constituait une circonstance atténuante, a été entendue puis placée en garde à vue en attendant de rencontrer le juge ce lundi.	mafand	Senegalese News (MAFAND)
wo-ar-0126	Ci yile yokkute, jar na ñu fattali ne xale bu am toppatoo bu ànd ak cofeel, wegeel ak yërmaande, dina nekk di yég, ci lu wóor, ag kóolute.	في ضوء هذه التطورات، من المهم أن نتذكر أن الطفل الذي يتم الاعتناء به بتعاطف واحترام، ورحمة سيشعر بالتأكيد بالثقة.	À travers ces développements, il importe de se dire qu’un enfant bien traité, avec amour, respect, compassion et empathie, se sentirait sûrement en confiance.	mafand	Senegalese News (MAFAND)
wo-ar-0108	ku xam-xamam màcc ci wàllu bàyyima yi, dund na wàññikug juróom-benn-fukk ak juróom-ñaari junni ak téeméer ak ñeent-fukk (67 140) ci Seefaa ci payoor gu waroon a nekk ñetti téeméer ak juróom-ñaar-fukk ak juróom-ñetti junni (378 000) ;	وتعرض طبيب بيطري لخصم ستة وسبعين ألفا ومائة وأربعين (67.140) سيفا من راتبه المقدر بثلاثمائة وثمانية وسبعين ألف (378.000) سيفا،	Un ingénieur des parcs nationaux subit une retenue de 67 140 francs sur un salaire imposable de 378 000 francs ;	mafand	Senegalese News (MAFAND)
wo-ar-0380	Xoolal liy dëggal gile dogalu toppaat gi mboolooy teg-xel yu Senegaal yi bëgg a aakimoo, ngir am ci wàll yi ëpp solo ci séddoo bi ëllëg.	انظر إلى ما يبرر هذا الإصلاح الذي تقوم به جماعات خادعة عازمة على السيطرة، للحصول على أفضل حصص الغد.	Voilà ce qui justifie cette réforme savamment menée par les lobbyistes sénégalais qui entendent s’approprier les plus belles parts du futur gâteau.	mafand	Senegalese News (MAFAND)
wo-ar-0384	Ci yemukaayu waxtu ak mën-mën yi ñu tënk ngir tëral yoonu joxe ndigalu jëf, Njiital réew mi jël na ay yoon yu ñu war a jëfe saa yu ñu leen siiwal rekk.	أصدر رئيس الجمهورية مراسيم تدخل حيز التنفيذ بمجرد نشرها في حدود الوقت والاختصاص المنصوص عليهما لتنفيذ القانون التمكيني.	Dans les limites de temps et de compétence fixées par la loi d’habilitation, le Président de la République prend des ordonnances qui entrent en vigueur dès leur publication mais deviennent caduques si le projet de loi de ratification n’est pas déposé sur le bureau de l’Assemblée nationale avant la date fixée par la loi d’habilitation.	mafand	Senegalese News (MAFAND)
wo-ar-0366	Ci kanamu ay nit ñu ko doon sargal, njiit li fa nekkoon, di Alaaji Màggat SEKK, yaramam dafa daw, xolam tooy, ba mujjewul àggale li mu doon wax.	أمام من كانوا يكرمونه، تأثر وتغلبت العاطفة على المدير الذي كان هناك، الحاج ماغات سيك، ولم يتمكن من إنهاء كلمته.	Devant ces hommages, le Directeur sortant Dr El Hadji Magatte Seck, ému et gagné par l’émotion, n’a pas pu terminer son discours.	mafand	Senegalese News (MAFAND)
wo-ar-0442	Mu war a am ci ñetti fan, door nañu liggéey yi àjjuma jii ñeenti fan ci weeru suweŋ ca daara ju digg-dóomu ja nekk ca dëkk ba ak ñeenti junniy nit ak ñeenti téeméer ak fan-weer ak juróom-ñett.	وقد بدأت العمليات التي ستستمر ثلاثة أيام يوم الجمعة، الرابع من يونيو، في المدرسة الإعدادية بالمدينة بمشاركة أربعة آلاف وأربعمائة وثمانية وثلاثين شخصا.	S’étendant sur trois jours, l’opération a démarré, ce vendredi 4 juin, au CEM 1 de la localité, avec 4438 patients de tout âge.	mafand	Senegalese News (MAFAND)
wo-ar-1115	Ci noonu, Mbaalo Ja Caam dina jiite SUTSAS ci diiru ñetti at.	وهكذا، ستترأس امبالُ جهْ تِيَام سوتساس لمدة ثلاث سنوات.	Ainsi, Mballo Dia Thiam va présider aux destinées du Sutsas pour trois ans.	mafand	Senegalese News (MAFAND)
wo-ar-0267	Maki Sàll ak ay naataangoom yu CEDEAO njàqare lañu am ci jàppale gi Watara di jàppale Keyta ci jafe-jafe yi am ci réewum Mali.	يشعر ماكي سال وزملاؤه في CEDEAO بالقلق إزاء موقف واتارا الذي يساعد كيتا بشأن أزمة مَالِي.	Macky Sall et ses compères de la CEDEAO, au sujet de la crise malienne ont été excédés par la position partisane de Ouattara à l’égard de Keita.	mafand	Senegalese News (MAFAND)
wo-ar-0573	Juumte mu rëy la ci nasum pexe mi.	هذا خطأ استراتيجي فادح.	C'est une erreur grave de stratégie.	mafand	Senegalese News (MAFAND)
wo-ar-0511	Pay, pexem Masrvi muy sukkandiku ci xarala yu yees yi te di joxe ay xeeti jëfandikoo Bànk.	Pay، إن حل Masrvi هو الاعتماد على تكنولوجيات الجديدة وتقدم مختلف خدمات المصرفية.	Pay, la solution Masrvi s’appuie sur une plateforme technologique innovante et intuitive offrant une gamme complète de fonctions bancaires.,	mafand	Senegalese News (MAFAND)
wo-ar-0421	Usmaan Sónko ak Décce Faal, ñoom ñaar, ñoo yenu raayag kujje gi.	عثمان سونكو ودِجِي فال كلاهما يحملان شعلة المعارضة.	Ousmane Sonko et Dethié Fall portent, tous les deux, haut le flambeau de l’opposition.	mafand	Senegalese News (MAFAND)
wo-ar-0589	Gëstukat bu jigéen bi ñaax na ay moroomam ñu jëm ci génne ay téere yuy jariñ daara yi, nguur gi ak askan wi.	شجعت الباحثة زملائها على المضي قدما نحو إنتاج كتب تخدم المدارس، والحكومة، والشعب.	La chercheuse entend ainsi pousser ses collègues à avancer vers la production de documents qui vont servir l’école, l’administration et la population de façon générale.	mafand	Senegalese News (MAFAND)
wo-ar-0200	Su ñu sukkandikoo ci moom, yóbbees na ca Tiwaawon luy tollook ñaari junniy takk-der.	ووفقا له، فقد نشرت قوات الأمن الوطني ما يقرب من ألفي شرطي في تيواون.	Selon lui, la Police nationale a déployé à Tivaouane près de 2000 éléments notamment de la brigade de recherches et de la police judiciaire, dans le cadre de la sécurisation du Gamou, une manifestation religieuse qui draine des centaines de milliers de personnes dans ce chef-lieu de département dans la région de Thiès.	mafand	Senegalese News (MAFAND)
wo-ar-0177	ba noppi bàyyi nootaatekat yi lekk lépp li waroon a jëm ci taxawal ay bérébi fajukaay, ay lekool ak sax bérébi kaaraange.	وترك الإمبريالية تأكل ما كان ينبغي استخدامه لمرافق الصحية والتعليمية والأمنية.	Pourquoi nous n'avons pas 25 hôpitaux neufs : parce que Macky Sall a mangé ces 500 milliards et laisse l'impérialisme manger ce qui aurait du servir à doter le Sénégal et l'Afrique de structures de santé, d'éducation, de sécurité.	mafand	Senegalese News (MAFAND)
wo-ar-1147	Jot naa bokk lu yàggul dara ci joŋanteb àdduna bi amoon ci wàllu xam-xamu xelal ak jëfloo masin yi ca Dubaay, nga xam ne suñu këlëb bi moo fa teewaloon Senegaal gépp.	قد شارك مؤخرا في كأس العالم للروبوتات في دبي، حيث مثل نادينا السنغال بأكملها.	Il a eu à participer, tout récemment, à la Coupe du monde de la robotique à Dubaï, où notre club a représenté tout le Sénégal.	mafand	Senegalese News (MAFAND)
wo-ar-0941	waaye itam, takku gu leer gu amul benn gàkk-gàkk, bu mel ne ñàkk a xam ci jaaykatu këf ki, ak yaatuwaayu mbir mi ñuy joxe.	ولكن إرادة مستنيرة خالية من العيوب كجهل بائع الشيء، وحجم الشيء الذي سيعطى.	Or le contrat de vente en droit pour être valable suppose certes une volonté mais surtout une volonté éclairée exempte de vices rédhibitoires telle que l’ignorance par le vendeur de l’objet et de l’étendue de la chose à céder.	mafand	Senegalese News (MAFAND)
wo-ar-0645	Ci beneen joŋante bi ci pul D Suwentis moo doon daje ak Lokomotiw.	في المباراة الأخرى في المجموعة D واجه يوفنتوس مع لوكوموتيف.	Dans l’autre rencontre de la poule D opposait la Juve à Lokomotiv.	mafand	Senegalese News (MAFAND)
wo-ar-0690	MD : Yaw lan nga yaakaar ne manoon nañu koo def ngir xëcc jigéeni Senegaal yi ci pólótig bi ?	م.د: ما الذي يمكننا فعله برأيك لجذب المرأة السنغالية إلى السياسة؟	MD :Selon vous, qu’est ce qui pourrait être fait pour intéresser davantage les femmes sénégalaises à la politique ?	mafand	Senegalese News (MAFAND)
wo-ar-1130	Xëyna ay xalaat yuy dooleel jàmm jeek yoon ci Senegaal dinañu génne ci waxtaan wi.	قد تنبثق عن هذا المنتدى مقترحات تعزز السلام والعدالة في السنغال.	De ce forum, sortiront peut-être des propositions qui permettront de conforter la paix et la justice au Sénégal.	mafand	Senegalese News (MAFAND)
wo-ar-1020	Bu ko defee, kooku lees war a laaj xaalis ndax moo yor xaalisu askan wi.	ومن ثم؛ فيجب أن يُسأل هو عن المال لأنه حامل مال الشعب.	De ce fait, c'est à lui qu'on doit demander de l'argent vu qu'il détient l'argent du peuple.	mafand	Senegalese News (MAFAND)
wo-ar-1125	ndaxte dañu bëgg a xaar ba xam fu wànnent di mujj ak gëtam, soog a dugg ci xaalisu Afirig bu bees bi.	لأنها ترغب في الانتظار لمعرفة كيف ستصبح العملة الأفريقية الجديدة قبل الانضمام إليها.	Les États anglophones tels que le Nigeria, le Ghana, la Gambie conserveront leur propre monnaie car ils souhaitent observer le mécanisme de ce nouvel instrument de finance africain, avant de s’engager à leurs côtés.	mafand	Senegalese News (MAFAND)
wo-ar-0731	Daañu woo ay saasenegaal te duñu ci seet jan diine lañu bokk.	سنقوم بدعوة السنغاليين بغض النظر عن ديانتهم.	Nous allons inviter des Sénégalais sans tenir compte de leur religion.	mafand	Senegalese News (MAFAND)
wo-ar-0398	Ñun ñépp a gis li am ci Péncum Ndawi réew mi jamono yii.	كلنا نرى ما يحدث في جمعية الوطنية حاليا.	Nous voyons tous ce qui se passe à l’assemblée nationale actuellement.	mafand	Senegalese News (MAFAND)
wo-ar-1098	wànte li mu bokkul xalaat ak as peresidaŋ su mel ni Sónko miy mbokku joolaam moo tax ñu kay saaga,	ولأنه لا يشارك رؤية مع رُؤَيّس كسونكو الذي هو أخوه الجولاوي هو سبب في أن يُسب،	Je pense que ce monsieur est libre de donner sa version des faits comme tout sénégalais mais parce qu’il ne partage pas la vision de soi-disant président Sonko qui est un parent Diola qu'on doit l'insulter et les gens murs n'ont pas insulté mon parent quand il a donné son avis.	mafand	Senegalese News (MAFAND)
wo-ar-1024	du seen wax jeey soppi lenn lu fi soppeeku,	ليست أقوالكم هي التي ستغير ما سيتغير،	Le temps est juge mais pas vos sorties et à chaque fois qu’on s’est retrouvé devant sa cour, l’Honorable Député Ousmane SONKO vous a battu à plate couture.	mafand	Senegalese News (MAFAND)
wo-ar-0567	Dañoo waroon di amal ab leeral ci doktoor yi nguur gi di fay te ñu am yeneen payoor yu mën a gàllankoor seen liggéey.	يجب تقديم توضيحات بالنسبة للأطباء الذين تدفع لهم الدولة ولديهم مصادر دخل أخرى يمكن أن تؤثر على مهنهم.	C’est la meilleure manière d’être utile à nos pays.	mafand	Senegalese News (MAFAND)
wo-ar-0367	Ci waxtaan wu mu séq ak waa Sen Tv, deppite bi dafa dëggal li mu waxoon ne ñoom ñetti téeméer rekk lañuy fay ci lempo.	أكد النائب في حوار مع قناة سينْ تِي فِي تصريحه بأنهم يدفعون ألفين وخمسمائة فقط من الضرائب.	Dans une émission sur la Sen Tv, le parlementaire de l'opposition a réitéré ses propos selon lesquels les députés ne paient que 1500 francs CFA en guise d'impôt.	mafand	Senegalese News (MAFAND)
wo-ar-1207	Waaye ngir def li la war lépp, wóoral dafa war a boole ñépp:	لكن من أجل القيام بما يتعين عليك القيام به، يجب أن يكون التأمين شاملا:	Mais pour remplir pleinement son rôle, l’assurance se doit d’être inclusive: ce qui n’est pas suffisamment le cas pour le moment sur le continent.,	mafand	Senegalese News (MAFAND)
wo-ar-0356	Yar googu dees na ko yégal FIFA itam.	كما سيتم إبلاغ هذه العقوبة إلى فيفا.	Cette sanction sera également communiquée à la FIFA.	mafand	Senegalese News (MAFAND)
wo-ar-1087	Tasleen xibaar bi ngir jàppale soldaar bi,	شاركوا الخبر لمساعدة الجندي؛	PARTAGEZ POUR SOUTENIR LE SOLDAT AIDER ABDOU KARIM GUEYE, C’EST AIDER LA RÉVOLUTION	mafand	Senegalese News (MAFAND)
wo-ar-0532	Nee na Sónko dafay wër fu mu setale fukki milyaar yi ko ay jixaatkat jox.	قال إن سونكو يسعى لغسل عشرة مليارات أعطاها إياه الجهاديون.	Il dit que SONKO cherche à blanchir 10 milliards représentant le financement des djihadistes.	mafand	Senegalese News (MAFAND)
wo-ar-0219	Am na fi ay kàngam yoo xam ne ay njiit lañu yu askanu Senegaal naw, bokk na ci Ibraayima Faal.	هناك كوادر هم بأنفسهم قائدون يحترمهم شعب السنغال ومنهم: إبراهيم فال.	Il y a des cadres sérieux, intellectuels et responsables (tel Ibrahima Fall) que les sénégalais préfèrent.	mafand	Senegalese News (MAFAND)
wo-ar-1255	wala nga gis ay limi tur yu bare.	أو ِر قوائم بأسماء كثيرة.	Appelle à un Congrès ou tu verras des listes parallèle ???	mafand	Senegalese News (MAFAND)
wo-ar-0922	Cuq xeex bi gën a rëy ci xeex yi ngir am ab awiyoŋ booy tukkee.	شن المعركة الأكبر من المعارك للحصول على طائرة للسفر.	Déclencher la mère des batailles pour l'acquisition d'un avion de commandement.	mafand	Senegalese News (MAFAND)
wo-ar-0893	Jéem leen a def ay kondaane ci seen i mébéti gént, wala ci takkug naxasaale, yeewu gi dina jamp.	حاولوا تحقيق مدخرات في أحلامكم أو من خلال التمويه، فستكون الصحوة عاجلة.	Cherchez à réaliser des économies dans vos rêves de somnambules ou par une volonté de camouflage, le réveil sera brutal.	mafand	Senegalese News (MAFAND)
wo-ar-1013	Xew-xewi weeru màrs yi weesu yóbbaale nañu turam ba fàww,	لقد حملنا للأبد اسم أحداث مارس الماضي،	Et les évènements de mars dernier auxquels son nom restera à jamais attaché, semble-t-il, ont fini de le positionner en challenger du chef de l'État Macky Sall.	mafand	Senegalese News (MAFAND)
wo-ar-1191	Ñaareel bi : ñu ngi naan, li yàqu ginnaaw ngóob meek ndeqi mi tollu na daanaka ci fukk ak juróom ci téeméer boo jël.	ثانيا: يقال إن خسائر ما بعد الحصاد والجني تبلغ حوالي 15%.	Deuxièmement : On dit que les pertes post-récoltes font à peu près 15%.	mafand	Senegalese News (MAFAND)
wo-ar-0676	Ñu ngi sàkku ci njiitu réew mi Maki Sàll mu tàggale ñu ak kër yii di lekk xaalis rekk te amuñu benn njariñ (Ngomblaanu koom-koom beek Aalam bi (CESE), Ngomblaanu Gox-goxaat yi (HCCT), Ngomblaanu diisook askan wi (Haut Conseil du Dialogue social), ak ñom seen	نحن نطالب الرئيس ماكي سال بتخليصنا من الهيئات التي تستهلك الأموال وغير المجدية: المجلس الاقتصادي والبيئي (CESE)، والمجلس الأعلى للسلطات المحلية (HCCT)، والمجلس الأعلى للحوار الاجتماعي الخ.	Nous exigeons du Président Macky Sall qu’il nous débarrasse d’organes budgétivores et inutiles (CESE, HCCT, Haut Conseil du Dialogue social, etc.	mafand	Senegalese News (MAFAND)
wo-ar-1178	Xibaar bi dafa ñëw rekk, siiw fépp.	انتشر الخبر كالنار في الهشيم.	La nouvelle s'est répandue comme une trainée de poudre.	mafand	Senegalese News (MAFAND)
wo-ar-0369	Citizen yi, ci joŋante boo xam ne ñoo ci teg tànk, mujje nañu jël raaya gi ca Angleterre.	في مباراة سيطر عليها السيتيزنز، فازوا بلقب بطل إنجلترا.	Les Citizens, dans un match contrôlé de bout en bout, s’imposent et remportent le titre de champion d’Angleterre.	mafand	Senegalese News (MAFAND)
wo-ar-1045	ndam li fésalul jafe-jafe yi gayndey teraanga yi jànkuwanteel, nga xam ne moo leen teree dugal bit yi ñu waroon a dugal yépp.	إلا أن الفوز لا يعكس الصعوبات التي واجهها أسود التيرانجا والتي حالت دون تسجيلهم جميع الأهداف التي كان عليهم أن يسجلوها.	Car si le score ne peut être considéré comme flatteur, tant les Sénégalais se sont montrés supérieurs aux Kényans, il ne reflète pas les difficultés rencontrées par les Lions de la Téranga qui encore une fois ont connu toutes les peines du monde pour concrétiser leurs occasions.	mafand	Senegalese News (MAFAND)
wo-ar-0985	ndax xibaar yooyu dañu leen a wasaare woon, cig tayeef, ci taskati xibaar yi,	لأن تلك الأخبار تم تسريبها عمدا إلى وسائل الإعلام،	Cela m’a blessé, ainsi que toute l’équipe, car ces messages ont été intentionnellement divulgués aux médias, créant des interférences négatives avec le personnel, créant des doutes et des malentendus.	mafand	Senegalese News (MAFAND)
wo-ar-0489	Ki masoon a yore kàddoom, Sëñ Kase, sax dafa ko ñàkkal fayda.	حتى الناطق السابق بلسانها، السيد كاسِي، اعتبرها تافها.	Elle a pourtant été simplement qualifiée de boutade par son ancien chef de service de communication, M. Kassé.	mafand	Senegalese News (MAFAND)
wo-ar-0689	Ki nekkoon limat fukk bu Farãas, te muy fàtteli ci njëlbeenu kàddoom cofeel gi mu am ci merengue yi, nee na daa gaañu.	قال اللاعب الفرنسي السابق رقم 10، والذي يذكر في بداية حديثه عن حبه لنادي الميرينغي إنه مصاب.	L’ancien numéro 10 de l’équipe de France, qui rappelle en préambule son amour du club merengue, se dit blessé ?	mafand	Senegalese News (MAFAND)
wo-ar-0829	Li mënul a ñàkk ci njiitu réew lu baax mooy mu am xam-xam ak jaar-jaar bu baax, am gis-gis bu leer, am yéeney jariñ réewam, bëgg réewam, doylu ba noppi nag ànd ak ñu mën.	وما يلزم لرئيس الدولة الصالح هو أن يكون لديه علم وتاريخ نظيف، ورؤية واضحة، ورغبة في نفع دولته، ووطنية، وقناعة ثم مرافقة فريق جيد.	Voter, pour ne citer qu’un exemple, est un devoir, dans la conception que je me fais de la démocratie, beaucoup plus qu’un droit, à tel point que l’esprit de la Constitution sénégalaise me semble exclure la possibilité, pour un citoyen, de faire acte de renonciation volontaire à la qualité de citoyen participant aux préoccupations de la politique de la Cité… Et Ousmane Sonko, qui fit de Mamadou Dia un de ses pères idéologiques en politique (D’ailleurs le siège de son parti porte son nom), l’étaye par ces mots : Et d’ailleurs, qu’est-ce le pouvoir si ce n’est simplement un sacerdoce, le serment de s’oublier et de se sacrifier pour sa patrie… Ce qui est indispensable à un leadership étatique de qualité, c’est d’avoir un bon background intellectuel et socioprofessionnel, une vision claire, une détermination à servir sa nation sur la base de l’intégrité, du désintéressement, du patriotisme, un cran indéfectible et une bonne équipe…… Ces définitions, loin d’être des idéaux seulement, sont omniprésentes dans les discours et les actes politiques de ces deux leaders.	mafand	Senegalese News (MAFAND)
wo-ar-0439	Kiy lëkkale liggéeyub PASTEF ca gox-goxaatu SOMON.	الشخص الذي ينسق عمل باستيف في بلدة سُمُنْ.	Coordonnateur de la section communale PASTEF / SOMONE.	mafand	Senegalese News (MAFAND)
wo-ar-1237	Li mu am yépp ci at mi, moom kese, tolloo naak ñaari ñetteelu xaaju li gox bi am.	يقدر الناتج المحلي الإجمالي وحده بثلثي الناتج المحلي الإجمالي للمنطقة.	Son PIB représente à lui seul les deux tiers de celui de la zone.	mafand	Senegalese News (MAFAND)
wo-ar-0152	Sang bi Maysa Njaay, njiital daaraay moomeel yi ci Ngor Almadi, taxaw na ci ne deful lu dul teewal Njiitu moomeel yi ci ndawal jubóole gi,	أصر السيد ميسا انجاي، رئيس مكتب الممتلكات العقارية في انغور ألمادي، على أنه لا يمثل سوى مدير العقارات في لجنة المصالحة،	page du rapport de la CEP) C’est le lieu de préciser qu’au cours d’une de ses auditions (car il a été entendu deux fois), Monsieur Meïssa NDIAYE, Chef de bureau des domaines de Ngor Almadies, a insisté sur le fait qu’il ne faisait que représenter le Directeur des Domaines à la commission de conciliation, mais cette déclaration est contredite par le décret n°77-563 du 3 juillet 1977 qui organise ladite commission: le Receveur des Domaines de Ngor Almadies en est un membre de droit, contrairement au Directeur des Domaines qui n’en est ni membre ni représenté.	mafand	Senegalese News (MAFAND)
wo-ar-0210	Li liggéey bii laaj mooy teel a jóg, teel a faj ak yar,	يتطلب هذا المشروع سياسة وقائية وعلاجية وقمعية،	Ce chantier nécessite une politique préventive, curative et répressive efficace, d’où l’urgence de tenir des assises.	mafand	Senegalese News (MAFAND)
wo-ar-0634	Ci loolu, Ndakaaru, ak dëkkuwaayam yu xat, mu ngi gën di dalal ñi bawoo ci dëkki kow yi ak réew yi ñu dendal.	ونتيجة لذلك، لا تزال داكار ومنازلها الضيقة ترحب بالقادمين من الريف والبلدان المجاورة.	Du coup, Dakar, au bord de l’asphyxie démographique, continue d’attirer l’exode rural national et l’immigration sous-régionale.	mafand	Senegalese News (MAFAND)
wo-ar-0190	Ca kanam, jàppalante gi diggante Senegaal ak Almaañ.	نحو الأمام، التعاون بين السنغال وألمانيا.	En avant la relance de la coopération Sénégal Allemagne.	mafand	Senegalese News (MAFAND)
wo-ar-0115	Meññeefu àndandoo diggante Senegaal ak mbooloom réewi Ërób yi, naal bi di Garsi, tontu la ci soloos dooleel matuwaayi kaaraange ak saytu ci réew mi, ak yokk jëfi yëngu-yënguy topp yoon ci mbooleem réewi Sayel yeek sos ay këri takk-der yu dëgër.	"ونتيجة للتعاون بين السنغال والاتحاد الأوروبي، يُعد مشروع ""غارسي"" استجابة للحاجة إلى تعزيز نظام الأمن والمراقبة على البلاد، وتوسيع نطاق عمل سيادة القانون ليشمل منطقة الساحل بأكملها، وإنشاء وحدات شرطة قوية."	Fruit d'une coopération entre le Sénégal et l’Union européenne, le Garsi est une réponse à la nécessité de renforcer le dispositif national de surveillance et de contrôle effectif du territoire, et d’élargir l'action de l´État de droit à l´ensemble du Sahel, en créant des unités policières robustes.	mafand	Senegalese News (MAFAND)
wo-ar-0259	Lenn li njiitu réew mi warloo ak ñi ko woteel mooy gën a yéwénal dundinu askan wi te dox ci seen càkkuteef yiy jariñ réew mi yépp.	إن من التزامات الرئيس تجاه ناخبيه هو تحسين جودة حياة الشعب والاستجابة لتطلعاته التي تعود بالنفع على البلاد بأكملها.	La seule redevance du président envers ses électeurs c’est l’amélioration de la qualité de vie des populations et la prise en charge effective de leurs aspirations profondes qui reflètent l’intérêt national.	mafand	Senegalese News (MAFAND)
wo-ar-0225	Ci weeru féewiriyee 2019, ñi nekk ci kujjeg pólótig gi te ñu doon yóotu réew mi, takk-der yi ak boroom doole yi bokk APR dañu leen doon fitnaal ngir nasaxal seen i yëngu-yëngu ci wàllu pólótig.	في شهر فبراير 2019، تعرض مرشحوا المعارضة إلى اعتداءات من قبل الشرطة وكبار الشخصيات في APR لزعزعة حملاتهم الانتخابية.	En février 2019, les candidats d’opposition sont brutalisés par une police et une milice de l’APR (marrons du feu) spécialement constituée pour déstabiliser la campagne électorale de l’opposition.	mafand	Senegalese News (MAFAND)
wo-ar-0766	Ñàkk a sàmmoonteek dogal yii, li muy jur mooy, ginnaaw bu weesoo li ci bérébu dencukaayu xaalisu réew mi di ñàkk, musiba ci ñàkk a fay lempo te loolu itam mën na jur jafe-jafey askan.	سيؤدي عدم مراعاة هذه الأحكام، بصرف النظر عن الخسائر التي ستتكبدها الخزينة العامة، إلى أزمة في عدم دفع الضرائب ويمكن هذه الأخيرة أن تولد مشاكل اجتماعية.	Le défaut d’application de ces dispositions, hormis les énormes pertes de recettes causées au Trésorpublic, instaure l’injustice fiscale comme l’une des formes les plus exacerbées de l’injustice sociale.	mafand	Senegalese News (MAFAND)
wo-ar-0158	Mën ngeen xoolante ciy bët, su fekkee ne kenn ci ñoom deewul ?	هل يمكنكما النظر في عيني بعضكما البعض إذا لم يمت أحدهم؟	Pourriez-vous vous regarder dans les yeux si l’un d’entre eux venait à succomber?	mafand	Senegalese News (MAFAND)
wo-ar-0094	Waxtaan yi ci siifeb déggoo ak bérébu liggéeyukaay bii di VAMED, ngir jàppale CNSS ñoo ngi ci yoon,	تجري مفاوضات حول شروط التعاقد مع شركة VAMED، لدعم CNSS،	Les négociations des Termes d’Engagement avec la société VAMED, en appui à la CNSS sont en cours, alors que le cabinet Clément, spécialisé dans le domaine médical, a été mandaté pour faire la revue du projet pour le compte du FSD, confirment nos sources.,	mafand	Senegalese News (MAFAND)
wo-ar-0497	Aw tëralin la ñuy doxal at mii di ñëw ngir lopitaalu Tiwaawon la jëwriñu biir-réew ji wax.	أعلن وزير الداخلية أنه سيتم تنفيذ برنامج العام المقبل لمستشفى تواوان.	Un programme spécial sera mis en œuvre à partir de l’année prochaine au profit de l’hôpital de Tivaouane’’, a notamment déclaré le ministre de l’Intérieur.	mafand	Senegalese News (MAFAND)
wo-ar-1091	Wax ju daw yaram ji njegemaar bi am fukki at ak ñett kese wax ci P.V.,	التصريحات المؤثرة التي أدلت بها القاصرة البالغة من العمر 13 عاما حول ب.ف.؛	Les confidences renversantes de la mineure sur PV agée de 13 ans seulement, l'élève en classe de Cm1 est revenue sur les circonstances de sa relation amoureuse avec l'homme marié.	mafand	Senegalese News (MAFAND)
wo-ar-0040	Ci wile tur, la woowe bépp réewum Afirig amul xàjj ak seen, waaye rawatina réewi Afirig sowu jant yi.	وبهذه الصفة أناشد جميع البلدان الأفريقية دون استثناء، ولا سيما بلدان غرب أفريقيا.	À ce titre, il lance un appel à tous les pays africains sans exception, mais particulièrement ceux d'Afrique de l'Ouest.	mafand	Senegalese News (MAFAND)
wo-ar-0161	Yombul di aar nit ku bëgg a dooni Njiit yor naal bu ame nii solo, ba pare di dugg ci coow yu ñàkke nii fayda.	من الصعب أن تدافع عن شخص يطمح أن يكون رئيسا ومسؤولا عن مشروع مهم كهذا، ثم ينشغل بمثل هذه التفاهات.	c'est difficile de defendre une personne qui aspire d'etre president en portant un projet aussi important est se retrouver dans ces histoires de bassesse	mafand	Senegalese News (MAFAND)
wo-ar-1156	ñun li ñu soxal mooy, teraanga ji ñu fi am ba pare, kenn du ci wàññi lenn.	فما يهمنا نحن هو الشرف حصلنا عليه هنا، ولن يسلبنا أحد منه شيئا.	Encore une fois On n’est ni avec SUEZ, ni avec la SDE peu importe celui qui sera là au 1er janvier 2020, le plus important est que les intérêts des agents ne soient pas menacés.	mafand	Senegalese News (MAFAND)
wo-ar-0586	Ndawu réew mii di Usman Sónko dàq na koppari pólótig yi ñuy jox kilifay réew mi.	نفى النائب عثمان سونكو توزيع الأموال السياسية على سادة الوطن.	En outre, le député OUSMANE SONKO fustige l’existence des fonds politiques répartis aux différentes institutions de la République.	mafand	Senegalese News (MAFAND)
wo-ar-0541	Balaa ngay wax yokkuteg dundinu askan wi, seetal ne liggéey yu rëy yi nguuru Senegaal def, misaal la ci jeexital yu bon yi mu am ci ñi dëkk ci béréb yi mbir mi laal.	قبل الحديث عن تحسين الظروف المعيشية للسكان، لاحظ أن المشاريع الضخمة التي نفذتها الحكومة السنغالية هي مثال على الآثار السلبية التي تركتها على سكان المناطق المعنية.	En effet, plutôt que de participer à l’amélioration des conditions de vie des populations, il constate que les grandes infrastructures réalisées par l’État sénégalais s’illustrent davantage par leurs impacts négatifs sur les résidents des zones touchées.	mafand	Senegalese News (MAFAND)
wo-ar-0430	Mu ngi dund ci ni mu yége mbaboorum Free mi.	إنه يستمتع بحملة فِرِ.	Il surfe sur la sémantique de la campagne de Free.	mafand	Senegalese News (MAFAND)
wo-ar-0017	Moo ngi nekk mbooru ñaari jiggéen yu bokkul jëmukaay, doon ay xarit ca seenug gone.	إنها قصة امرأتين لهما سلوكيات متعارضة، وهما صديقتان منذ الطفولة.	Il s’agit l’histoire de deux femmes au comportement opposé, amies depuis la plus tendre enfance.	mafand	Senegalese News (MAFAND)
wo-ar-1152	Ab sañ-san bu mu moomal boppam te bokku ko ak geneen kilifa.	امتياز شخصي لا يتقاسمه مع أي سيد آخر.	Une prérogative exclusive et personnelle qu’il ne partage avec aucune autre autorité ou corps constitué.	mafand	Senegalese News (MAFAND)
wo-ar-0867	Alxuraan ji nekkul almet bu ñuy jëfandikoo saa boo amee ay jëflante yoo bëgg a faj.	ليس القرآن علبة كبريت نستخدمها في كل مرة تحصل فيها على حسابات للتصفية .	Le coran n’est pas une boite d’allumettes qu’on utilise à chaque fois qu’on veut régler des comptes.	mafand	Senegalese News (MAFAND)
wo-ar-0363	Bala nga koy xam Gàmmu jot, wala Màggal, wala Póppëngin.	قبل أن تعرفه، يأتي عيد المولد النبوي، أو مغال، أو بوباغين.	Il faut attendre le Gamou pour s'en rendre compte, ou le Màggal, ou Pópangin.	mafand	Senegalese News (MAFAND)
wo-ar-0053	Li mbas mi di wund mooy, mu am ay xeeti koom ak ay liggéey yu war a génn ci tëralinu njënd meek njaay mi.	ما يكشفه هذا الوباء هو أن هناك سلعا وخدمات يجب وضعها خارج قوانين السوق.	Ce que révèle cette pandémie c’est qu’il est des biens et services qui doivent être placés en dehors des lois du marché.	mafand	Senegalese News (MAFAND)
wo-ar-0840	Te gannaaw seen yeewute, waa Barcelone mujjee nañoo bàyyiku ni ay cuuj.	وبعد أن استفاقوا، صار برشلونة منهارا مثل الكتاكيت.	Dès lors, Liverpool était poussé par son incroyable public, et malgré son expérience, les Barcelonais craquaient comme des poussins.	mafand	Senegalese News (MAFAND)
wo-ar-1095	Réewum Farãas dafa yég ne mu ngi gën di ñàkk doole ji mu amoon ci Senegaal.	شعرت فرنسا أنها تفقد قوتها في السنغال تدريجيا.	La France a le sentiment de perdre progressivement son monopole au Sénégal.	mafand	Senegalese News (MAFAND)
wo-ar-0484	Kilifag soldaar yu juróomeelu wàll gi, Kolonel Suleymaan Kande, dànkaafu woon na ca tàmbalig weeru féewriye, ba muy nangu dëkk ya fippuy Kasamaas ya sancoon – Bajoŋ ak Sikun, ne bépp ñaawtéef ci askan wi dañu koy jàppe ni wooteb xare.	كان قائد المنطقة العسكرية الخامسة، العقيد سليمان كاند، قد حذر عندما كان يستعيد قاعدتي بَجُونغ وسِكون اللتين استولى عليهما متمردوا كازامانس في بداية شهر فبراير، قائلا إن أي أعمال عنف ترتكب ضد السكان ستعتبر بمثابة إعلان حرب.	Le commandant de la zone militaire numéro 5 avait prévenu lors de la reprise des bases du Mouvement des forces démocratiques de Casamance (MFDC) – les bases de Badiong et Sikoune - début février dernier: Toute exaction commise sur les populations sera considérée comme une déclaration de guerre , avait dit le colonel Souleymane Kandé.	mafand	Senegalese News (MAFAND)
wo-ar-0862	moom kay way-tàggatu gi dafay wone boppam rekk jàll, mbaa mu wàcc ba ca béréb bu xonk te wóoradi bi (ak ay mën-mën yu tuuti).	فإما أن يتألق اللاعب وينجح فقط أو يهبط إلى المنطقة الحمراء والخطيرة (مع فرص قليلة).	Un club intermédiaire qui évolue plus dans le registre commercial; soit le joueur brille et reussit, soit il est relégué dans la zone rouge (avec peu d’opportunités).	mafand	Senegalese News (MAFAND)
wo-ar-1132	Nee na am na dogu bu am, ak jàppaleg Njiitu réew mi, gu ngornmaŋ bi	قال إن هناك إرادة بدعم من رئيس الجمهورية والحكومة	Il y a une volonté politique avec l’appui du président de la République, du gouvernement, pour accompagner le développement et la promotion de la Finance islamique en Afrique de l’Ouest, a-t-il souligné.	mafand	Senegalese News (MAFAND)
wo-ar-0339	Nasub joxey koppar bi dina tax dëkk yi nga xam ne ñi ngi ci yoonu suqaliku gën a dooleel seeni bérébu fajukaay ak ni ñuy saytoo ñi feebar, fexe ba ñi feebar te gën a ndóol mën a faju, tàggat ay ndawi kër doktoor yoo xam ne ñooy nekk ci kanam ak fexe ba boole askan wi ngirug kóolute.	يمكّن برنامج التمويل البلدان النامية من تعزيز أنظمتها الصحية ومراقبة الأمراض، وتحسين فرص الحصول على العلاج لأفقر المرضى، وتدريب العاملين الصحيين في الخطوط الأمامية ومحاولة جمع المواطنين معا من أجل الثقة.	Le programme de financement devra permettre aux pays en développement de renforcer leurs systèmes sanitaires et la surveillance de la maladie, d’améliorer l’accès des malades les plus pauvres au traitement, de former les agents de santé de première ligne et de promouvoir la participation citoyenne afin de maintenir la confiance des populations.	mafand	Senegalese News (MAFAND)
wo-ar-1240	(petorol bi tollu ci ñeen-fukk ci téeméer boo jël ci li muy am at mi yépp ak ci askan wi, askan woowu mu ngi tollu ci téeméer ak juróom-ñeen-fukki milyoŋ ak juróom-benn)	(النفط الذي يمثل أربعين بالمائة من الناتج المحلي الإجمالي، وشعبه الذي يبلغ 196 مليون نسمة)	Le nouvel entrant usera de ses dotations factorielles (pétrole qui représente 40% du PIB et de son capital humain riche de 196 millions d’habitants) pour saisir les opportunités qu’offre ce marché commun.	mafand	Senegalese News (MAFAND)
wo-ar-0291	Barça daanu na, waaye mooy wéy di nekk ci bopp bi ndax Réal ak Atletico kenn ku ci nekk dafa témboo.	خسر برشلونة، لكنه ظل متصدرا لأن كلا من ريال وأتلتيكو تعادلا.	Le Barcça s’incline mais reste leader malgré tout car le Real et l’Atletico, tous tenus en échec par respectivement le Bétis et le Séville, n’ont pas su profiter du faux des Blaugranas.	mafand	Senegalese News (MAFAND)
wo-ar-0273	Moom ban xeetu nit la?	أي نوع من الأشخاص هو؟	Bassirou gueye n'etait meme pas présent aux obsèques de feu samba sall lui ce quel genre de personne, un homme sans coeur sokhor jusqu'à ne pas assister à l'enterrement de la personne qui a sauve le Sénégal des bras de macky sall	mafand	Senegalese News (MAFAND)
wo-ar-0170	Li am mooy, ki waroon a dooni tàggatkatu Paris Saint-Germain mujjee naa xaar ba Carlo Ancelotti àggaleel Pep Guardiola, ngir mu daan ponkalum Munich bi.	في الواقع، كان على الرجل الذي كان سيصبح مدربا لباريس سان جيرمان أن ينتظر كارلو أنشيلوتي يخلف بيب غوارديولا ليتغلب على عملاق ميونيخ.	En fait, celui qui allait devenir le coach du Paris Saint-Germain a dû attendre que Carlo Ancelotti prenne la suite de Pep Guardiola pour enfin battre le mastodonte munichois.	mafand	Senegalese News (MAFAND)
wo-ar-0647	Dogalu bàyyeem dañu ko war a xaatim yónne ko njiiti réew yeek nguur yu Kurél giy saytu koom-koom beek koppar yi ci réewi Afirig sowu jànt	يجب توقيع قرار انسحابها وإرساله إلى رؤساء دول الاتحاد الاقتصادي والنقدي لغرب أفريقيا.	Sa décision de retrait doit être notifiée à la conférence des chefs d’Etat et de gouvernement de l’UEMOA .	mafand	Senegalese News (MAFAND)
wo-ar-0660	Nañu fàttali ñii nga xam ne mënuñu liggéey bi, ne mënuñoo tëj kenn kaso, su fekkee ne sàrt bi amutoon laata muy def li ñu koy toppe, loolu biral nañu ko ci dog juróom-benn bu Ndey àtte Senegaal.	دعونا نذكر هؤلاء عديمي الكفاءة أنهم لا يستطيعون إدانة أي شخص إذا لم يكن القانون موجودا قبل ارتكابهم ما يحاكمون عليه كما تنص المادة السادة من الدستور السنغالي.	Rappelons à ces incompétents, le principe de NON-RETROACTIVITE de la loi et stipulé à l’article 6 de la constitution du Sénégal : Nul ne peut être condamné si ce n’est en vertu d’une loi entrée en vigueur avant l’acte commis.	mafand	Senegalese News (MAFAND)
wo-ar-1163	Benn bés, lu yàggatul dara, askan wi dina wàcc ci mbedd mi, fésal li ko naqari yépp.	سيأتي يوم ينزل فيه الناس إلى الشوارع للاحتجاج.	Mais, un jour, bientôt, le peuple sortira de sa torpeur pour marcher sur ces crabes.	mafand	Senegalese News (MAFAND)
wo-ar-0127	Lii lépp ngir doomu jàngoro ju ñu mënul a gis ak bët kese!	كل هذا من أجل فيروس لا نستطيع رؤيته حتى بالعين المجردة!	Tout ça pour un virus qu’on ne peut même pas voir à l’œil nu!Nous avons même vu, dans une vidéo, un faiseur d’almanach qui recommandait à ses adeptes de prendre un bain avec une eau imbibée de charbon noir, comme si le virus a peur du noir.	mafand	Senegalese News (MAFAND)
wo-ar-0822	Moo tax xaalisu ëro bi bareetul ci seen ja yi.	ولهذا السبب أصبحت عملة اليورو نادرة في أسواقها.	Les pays de la CEMAC refusent de reconduire les accords vieux de 75 ans, qui les lient à la France et l’euro qui se fait rare sur leurs marchés.	mafand	Senegalese News (MAFAND)
wo-ar-0417	Afirig la mbootaayi àdduna yi di taafantoo ngir dajale koppar yu sakkan.	أفريقيا هي ذريعة للمنظمات العالمية لحشد قدر هائل من الأموال.	Les récentes sorties de Macron et de Guterres sont on ne peut plus claires : l’Afrique est le prétexte pour les organisations mondiales tutélaires de mobiliser énormément de ressources.	mafand	Senegalese News (MAFAND)
wo-ar-0202	nga xam ne ab xew-xewu diine buy dajale ay junniy doom-aadama ci bokk moomeel boobu nekk ci diwaann Cees.	وهو حدث ديني يجذب آلاف من الأشخاص إلى العاصمة في منطقة تياس.	Selon lui, la Police nationale a déployé à Tivaouane près de 2000 éléments notamment de la brigade de recherches et de la police judiciaire, dans le cadre de la sécurisation du Gamou, une manifestation religieuse qui draine des centaines de milliers de personnes dans ce chef-lieu de département dans la région de Thiès.	mafand	Senegalese News (MAFAND)
wo-ar-0502	Mooy futbalkatu Afirig bi njëkka jot Onze d’Or ginnaaw Dijje Dorokbaa ca atum 2004.	أصبح أول لاعب أفريقي يفوز بجائزة أونز الذهبية منذ ديدييه دروغبا في عام 2004.	Il devient le premier joueur africain à recevoir le Onze d’Or depuis Didier Drogba en 2004.	mafand	Senegalese News (MAFAND)
wo-ar-0930	Ñoom am nañu balu oor, waaye yaw, xolu oor nga ame.	لديهم الكرة الذهبية، ولكن لديك قلب من ذهب.	Eux, ils ont le ballon d’or mais toi tu as le cœur en or.	mafand	Senegalese News (MAFAND)
wo-ar-0457	Diwaani Ndar, Maatam, Luga ak Kaasamaas ñoo ëpple ci ndimbali réewum Espaañ ci Senegaal.	تستحوذ مناطق سانت لوي وماتام ولوغا وكازامانس على الجزء الأكبر من المساعدات الإسبانية للسنغال.	Les régions de Saint-Louis, Matam, Louga et la Casamance concentrent la majeure partie de l’aide espagnole au Sénégal.	mafand	Senegalese News (MAFAND)
wo-ar-0665	Defar bu bon ak ndox mi yóbbaale ko (dëkk yu Luba, Weynaan, Kelimaan, Nguy 1 ak 2, Ñaaxeen).	منفذة بشكل سيء، وجرفتها المياه (سدود لوبا ووِيْنَان وكلِمان وانغوي 1 و2 وانياخين).	mal exécutés et emportés par les eaux (barrages de Louba, Weynane, Kélimane Ngouye 1 & 2, Niakhène .	mafand	Senegalese News (MAFAND)
wo-ar-0569	Sidaan ak Reyaal dañoo nekk ci ay jafe-jafe laata ñuy am seen ndam lu njëkk ci LD ak Galatasaraay mi aw yoonu ñibbi.	واجه زيدان وريال مدريد صعوبة قبل أن يحققا أول فوز لهما ضد غلطة سراي الذي في طور المغادرة.	D'après ce journal, le contrat de location et le Cmc de la BMW étaient faux.	mafand	Senegalese News (MAFAND)
wo-ar-1101	Li mënoon a doon yoon wu mujj wu maas gu jëm mag te xarañ mën a jël kub bi.	يمكن أن تكون الفرصة الأخيرة لجيل ذهبي متقدم في السن يمكنه الفوز بالكأس.	Ce qui pourrait être la dernière opportunité de trophée pour une génération dorée vieillissante.	mafand	Senegalese News (MAFAND)
wo-ar-1058	Kàngam ci wàllu yoon ak jumtukaay xarala, Emaniyel Joox jàpp na ne mënuñu wax waxi njëg lu wàcc waaye li ñu war a wax mooy, njëg lu ñu seetaat.	يعتقد إيمانويل جوخ المتخصص في القانون الرقمي؛ أنه لا يمكننا الحديث عن سعر منخفض بل عن أسعار تمت مراجعتها.	Spécialiste du droit numérique, Emmanuel Diokh estime, pour sa part, qu’on ne peut pas parler de baisse, mais plutôt d’une révision des tarifs.	mafand	Senegalese News (MAFAND)
wo-ar-0755	Daañu fa dajeek sax ñu yore seeni lijaasa ba noppi di jaay ay lëjum, ay dàll wala sax yu nekk ay defarkati dàll.	حتى أننا نلتقي بخريجين وهم يبيعون الخضروات والأحذية أو يصنعون الأحذية.	On y rencontre même des diplômés en train de vendre des légumes, des chaussures, à faire de la cordonnerie.	mafand	Senegalese News (MAFAND)
wo-ar-1071	ñeent ci ñoom bañoon, ñu jàpp leen,	ورفض أربعة منهم وتم احتجازهم،	Un peu, plus tard, la gendarmerie, sous l’ordre de Dia, forcèrent les députés à évacuer les lieux, quatre d’entre eux refusèrent et furent prise en otage, ils furent finalement libérés par parachutiste sous l’ordre de Senghor.	mafand	Senegalese News (MAFAND)
wo-ar-0701	Bi ma jàngee ay téeréem, dama toog xalaataat lu bari,	وعندما قرأت كتبه، جلست وأعدت التفكير كثيرا،	Quand j'ai lu ses livres, j'ai beaucoup réfléchi, ça m'a fait prendre conscience de beaucoup de choses, surtout ce qui touche notre langue nationale ainsi que notre culture et nos valeurs.	mafand	Senegalese News (MAFAND)
wo-ar-0076	Déggul tegtali Sëriñ Muntaqaa yi?	لم يستمع إلى تعليمات سرين منتقى؟	il ne pourra pas se representer en 2024. il n'a pas ecouter les consignes de serigne Mountakha?	mafand	Senegalese News (MAFAND)
wo-ar-0071	Te sax yenn ci sunu xaaj yi duñu mës a set, ak lu mbooloo mi mën a def ngir ëlbati mbir yi, ni ko sunu naataago Àngalteer yi yéglee.	وأن بعض منتجاتنا لن تكون أبدا صحية، بغض النظر عن كيفية إعادة تحديث الشركة لها، كما أفاد زملاؤنا البريطانيون.	Dans une présentation interne diffusée aux cadres dirigeants, vue par le Financial Times, le géant de l'alimentation reconnaît que plus de 60% de ses grands produits de consommation et boissons ne répondent pas à la définition de santé et que certaines de nos catégories ne seront jamais saines, quelle que soit la façon dont le groupe les reformule, comme rapporté par nos confrères britaniques.	mafand	Senegalese News (MAFAND)
wo-ar-0221	Manuñu lu dul gën a yokk liggéey bi, boolee gën a góor-góorlu ci ndajey bitim-réew yi. Loolu la fësal ca RFI.	"أوضح لRFI ""كل ما يمكننا القيام به هو أن نثابر في العمل ونحاول بذل قصارى جهدنا في الاجتماعات الدولية""."	On ne peut que continuer à travailler et à tenter de réaliser des performances durant des meetings internationaux, expliquait-il déjà à rfi.	mafand	Senegalese News (MAFAND)
wo-ar-0078	Mu dolli ne : ca nguur ga woon, doon na jar benn njuumte ci abiyoŋu njiital réew mi, ci atum 2007, ngir gaawtu amug beneen abiyoŋu, ñetti at ci kanam.	وأضاف: في النظام السابق، تطلب الأمر حادثة واحدة على متن طائرة الرئاسية في عام 2007 للإسراع في شراء طائرة أخرى بعد ثلاث سنوات.	Qui poursuit : Sous l’ancien régime, il avait fallu un seul incident à bord de l’avion de commandement présidentiel, en 2007, pour hâter l’acquisition d’un autre appareil, trois années plus tard.	mafand	Senegalese News (MAFAND)
wo-ar-0468	Ma nga tambalee njàngam leetaram ca Sorbon.	بدأ دراسة الأدب في جامعة السوربون.	Il commença des études en lettres à Sorbonne, et fut agrégé en grammaire.	mafand	Senegalese News (MAFAND)
wo-ar-1120	G.E, lu ñu mën a jële mbégte, ci yeggee Njiitu réew mi li xew, gët yi muy xool doxinu njiiteef gi, moo xam muy njiiteef gu mag gi wala njiiteef giy am ci gox-goxaan yi.	G.E, فرصة جيدة سنكون سعداء بها لعرض ما حدث على رئيس الجمهورية، وحول وجهة نظره في أداء الإدارة سواء من حيث الإدارة المركزية أو الإدارة اللامركزية.	G. E. l’heureuse opportunité, d’abord de rendre solennellement compte au Président de la République, du regard qu’elle porte sur la marche de l’Administration, celle-ci étant considérée aussi bien dans sa dimension centrale, que dans sa dimension décentralisée.	mafand	Senegalese News (MAFAND)
wo-ar-0651	Nganug Watara ga neexul.	لم يُستقبل واتارا بحفاوة.	Pas de dessert pour Ouattara, c’est la mine renfrognée qu’il a claqué la porte de l’Élysée.	mafand	Senegalese News (MAFAND)
wo-ar-0049	Karim Benzema wone na boppam, waaye dafa moy benn penaati.	تألق كريم بنزيما لكنه أهدر ركلة جزاء.	Karim Benzema s’est montré mais a manqué un penalty.	mafand	Senegalese News (MAFAND)
wo-ar-1057	Zaha moo naroon na yàq lépp bu Firmiñoo dugalul woon ñaareelu bit bi nga xam ne, moo tax ñu jël ndam li.	كاد زاها أن يفسد كل شيء لولا الهدف الثاني الذي سجله فيرمينو والذي حسم فوزهم.	Sadio Mané buteur encore une fois, mais l’égalisation de Wilfried Zaha allait tout compromettre si Firmino n’avait pas inscrit le 2e but de son équipe, synonyme de victoire.	mafand	Senegalese News (MAFAND)
wo-ar-0773	Xam naa ñaar ñoo xam ne ginnaaw ba ñu jógee ca këru njiitu jëwriñ ga, dañoo soppeeku ay xalamkatu nguur goo xam ne yoonam nekkul ci askanam.	أعرف شخصين أصبحا بعد مغادرتهما منزل رئيس الوزراء متملقين لحكومة لا تلق بالا لشعبها.	Comme j’en connais deux également qui après leur passage à la primature se sont, par le biais de la transhumance et de l’appétit pouvoiriste, mutés en caisse de résonnance d’un pouvoir désengagé envers son peuple.	mafand	Senegalese News (MAFAND)
wo-ar-0522	Kuy jëmale ay waxam ci ñi ndóol la ñi koy ŋàññ di wax.	يقول منتقدوه إنه يوجه كلامه للفقراء.	Populiste pour les moins réceptifs et les détracteurs, on dira populaire pour ceux qui sont tombés sous son charme.	mafand	Senegalese News (MAFAND)
wo-ar-0222	Dawalkat bii di Usmaan Njaay am na jabar ak ñetti doom.	السائق عثمان ندياي متزوج وأب لثلاثة أطفال.	Le chauffeur Ousmane Ndiaye est marié et père de trois enfants.	mafand	Senegalese News (MAFAND)
wo-ar-0860	Soppu ak neex a jege, lu ndaw te reelu, mujjee naa taxawal ab poñ bu ñu xam ci géewu pólótig bi.	محبوب وودود، صغير وخفيف الظل، انتهى به الأمر إلى وضع بند شهير في الساحة السياسية.	Pétillant et captivant, un tantinet taquin, il a su arriver à point nommé et bien s’implanter dans le champ politique.	mafand	Senegalese News (MAFAND)
wo-ar-0852	Ado nekk na fi mu nekk nii fitna ci déndu Afirig sowu-jant gi.	أصبح ADO الآن فتنة لمنطقة غرب أفريقيا.	Lors de sa visite en France, notre cher président sénégalais n’a pas hésité à dénoncer le comportement irresponsable d’ADO qui constitue désormais une menace pour la sous-région.	mafand	Senegalese News (MAFAND)
wo-ar-0756	Waaye kiy tàggat gaynde yi nee na yemul rekk ci menn pexem futbal.	لكن مدرب الأسود قال إنه غير مقيد باستراتيجية لعب واحدة.	Mais le coach des Lions soutient ne pas être figé sur un système de jeu.	mafand	Senegalese News (MAFAND)
wo-ar-0134	Lii lépp a tabax gëm-gëmu Umar Jara, Kilifa ci wàllu mën-mënu nit, Abbaas Ndaw, nekk na léegi bérébu liggéeyukaay bu am solo ngir dooleem ak nit ñu am solo ñi ko séq, maanaam ay jëmmi nite.	كل هذا عزز قناعة عمر ديارا، مدير الموارد البشرية، بأن عباس نداو أصبح شركة تنافسية بفضل كفاءته وقيمة الأشخاص الذين يشكلونها، وخاصة رأس مالها البشري.	Tout cela fonde la conviction de Oumar Diarra Responsable RH, Abas Ndao est devenu une entreprise compétitive et performante de par la compétence et la valeur des hommes qui le composent, notamment le capital humain .	mafand	Senegalese News (MAFAND)
wo-ar-1039	Xaalis bi ñu ci dajale mu ngi jëm ci yenn naal yu aju ci enersi, jumtukaay ak dooleel xeex bi ñuy xeex mbënn mi.	تم تخصيص الأموال التي تم جمعها لعدد من المشاريع والأدوات المتعلقة بالطاقة، والأدوات ولتعزيز السيطرة على الفيضانات.	La somme collectée était destinée au financement d’un certain nombre de projets dans les secteurs de l’énergie, les infrastructures et le renforcement du programme de lutte contre les inondations.	mafand	Senegalese News (MAFAND)
wo-ar-0824	Fajkat bii di Róos WARDINI, nekk njiital ONG Médicol International nee na bokk na ci fajkat yi fiy ñëw te jóge Corée, ñoo xam ne seen xam-xam ci wàllu bëñ la màcc, ñii ci wàllu xol, ñi ci mbiri jigéen ak yeneen ak yeneen.	قالت الطبيبة رُوزْ وَرْدِينِي، رئيسة أو إن جي ميديكول إنترناشيونال، إن الفريق الطبي الكوري القادم إلى هنا يضم أطباء خبراء في طب الأسنان، وآخرين في القلب، وأمراض النساء والتوليد وغيرها.	L’équipe médicale coréenne est notamment constituée de pédiatres, de cardiologues, de dentistes, de gynécologues et d’autres spécialités, a notamment indiqué à l’APS, le docteur Rose Wardini, présidente de l’ONG Médicol International.	mafand	Senegalese News (MAFAND)
wo-ar-0375	Ginnaaw lu ëpp juróom-ñaari at yu mu def ci nguur gi, laaj leen lu tax askanu Senegaal wéy di des ci ndóol ?	بعد قضاء أكثر من سبع سنوات في السلطة، اسألوا لماذا لا يزال الشعب السنغالي يعاني من الفقر؟	Après plus de sept années au pouvoir, demandez-vous pourquoi les Sénégalais baignent dans l’agonie ?	mafand	Senegalese News (MAFAND)
wo-ar-0712	Ki yore wàllu tàggatu gi ca Dakaar Sakere Këer, Olivier Brice Sylvain te ñu tuumaal ko mbiru càkkuy xale yu ndaw ba police teg ko loxo, dafa wéddi ba mu set wecc ne li ñu koy waxal naan dafa doon raayaate wala di def lu ni mel, dara du ci dëgg.	نفى أوليفييه بريس سيلفان المسؤول عن التدريب في داكار ساكري كور، والمتهم بالتحرش الجنسي بالأطفال، والذي اعتقلته الشرطة، بوضوح أن ما قيل له عن اللمس الجنسي أو ما يشبهه غير صحيح.	Accusé de pédophilie et arrêté par la police, le responsable de la cellule de performance du centre de formation de Dakar Sacré-Cœur, Olivier Brice Sylvain, a rejeté les faits d’attouchement sexuels qui lui sont reprochés.	mafand	Senegalese News (MAFAND)
wo-ar-0117	Siifkat mënul yedd kenn.	لا يمكن للمغتصب أن يلوم أحدا.	Un délinquant sexuel n a pas de leçon à donner.	mafand	Senegalese News (MAFAND)
wo-ar-0938	kondaaneb weccee bi muur gën gaa gàtt ñetti weeri dugal koom-koom ci réew mi, ak yeneen ak yeneen.	واحتياطيات النقد الأجنبي التي تغطي ثلاثة أشهر على الأقل من الواردات وغيرها.	Une condition sine qua none fixée aux pays souhaitant faire partie de la future zone monétaire est la satisfaction des critères dits de convergence :– Dette publique inférieure à 70% du PIB ;– Déficit budgétaire inférieur à 3% du PIB ;– Taux d’inflation inférieur à 10% ;– Réserves de change couvrant au moins 3 mois d’importation ;– Etc.	mafand	Senegalese News (MAFAND)
wo-ar-0434	Njiitu réew mi Maki Sàll jëmmal na naalub def Kër Masaar diwaan.	لقد جسّد الرئيس ماكي سال مشروع تحويل كَرْ مسار إلى مقاطعة.	Le Président Macky Sall vient d’acter le projet de départementalisation de Keur Massar.	mafand	Senegalese News (MAFAND)
wo-ar-1269	Yoon teggi loxoom etijaŋ yi, Porofesëer Baabakar Jóob ak Giy Maris Saaña xeexu ñépp la, askan wépp a ko laaj.	إن إطلاق سراح الطلاب والبروفيسور بابكر ديوب وغوي ماريس سانيا قضية وطنية ومطلب شعبي.	La libération immédiate des Étudiants, du Professeur d’université Babacar Diop et de Guy Marius Sagna est une cause nationale et une exigence populaire.	mafand	Senegalese News (MAFAND)
wo-ar-0447	Mbër kaamil nga, dinga jógaat bu baax.	أنت بطل صامد، وستعود أقوى مما كنت.	Tu es un champion inébranlable,Tu rebondiras plus fort.	mafand	Senegalese News (MAFAND)
wo-ar-0673	Dañu lay soog a fal kiy lëkkale liggéey bi ci kurélu Val d’Oise, yan ñooy say naal ?	لقد تم انتخابك للتو منسقا لوحدة فَال دُوَاز، فما هي خططك؟	Tu viens d’être élue coordinatrice de la cellule du val d’Oise, quels sont tes projets ?	mafand	Senegalese News (MAFAND)
wo-ar-0364	Mën nañu ko méngale ak ab bérébu daw-làqu, way-fippu yooyu bokk ci pàcci MFDC.	ويمكن مقارنتها بمكان لجوء المتمردين المنتسبين إلى فروع MFDC.	Elle serait donc une base de repli pour ces rebelles délogés affiliés aux branches du MFDC dirigées par César Aoute Badiate et Ibrahima Kompasse Diatta.	mafand	Senegalese News (MAFAND)
wo-ar-0491	Moom ak suñu Gayndey Beach soccer yi.	هو وأسودنا لكرة القدم الشاطئية.	Lui et nos lions de Beach soccer.	mafand	Senegalese News (MAFAND)
wo-ar-0446	M. D. : lan moo tax nga dem PASTEF ?	م. د :ما الذي دفعك للانضمام إلى PASTEF؟	M. D : Qu’est-ce qui vous a motivé à militer pour PASTEF?	mafand	Senegalese News (MAFAND)
wo-ar-0343	Ñoo ngi leen di fàtteli ne ab ndawal askan lañu jàpp, nekkul ab sàmbaa-bóoy.	ونذكركم أن من اعتقل فهو نائب وليس حثالة.	Nous vous attendons sur la condamnation et sa teneur ;Nous vous attendons sur la fameuse grâce distribuée comme un bonbon ;Tout en vous rappelant que c’est un deputé qui a été appréhendé et non un citoyen simple.	mafand	Senegalese News (MAFAND)
wo-ar-0720	Doxali nu VAP yi nga xam ne dafay boolee ñu yore suuf ak ñoo xam ne amuñu suuf waaye am nañu xaalis, ci diirub ñetti at lees koy amal.	سيمتد برنامج VAP الذي سيجمع بين ملاك الأراضي والأشخاص الذين لديهم أراض ولكن لديهم أموال لمدة ثلاث سنوات.	Le programme des VAP, qui permettra de mettre en relation des propriétaires terriens et des personnes disposant de fonds mais non de terres, s’étalera sur 3 ans.	mafand	Senegalese News (MAFAND)
wo-ar-1184	Ga nañu réew mi mu delloo medaayi xaalis yi mu jëlee woon ca finaal ba mu ñàkkoon ci digganteem ak Kamërun.	كما أن البلد ملزم بإعادة الميداليات الفضية التي حصل عليها في النهائيات التي خسرها أمام الكاميرون.	Le pays est aussi contraint de rendre les médailles d’argent qui lui ont été décernées lors de la finale perdue face au Cameroun.	mafand	Senegalese News (MAFAND)
wo-ar-0066	Waaye yile leeral yépp niruwul lu am njeexital ci ja bu weccee yi, maanaam yu ni mel.	لكن يبدو أن هذه التفسيرات كلها لا تؤثر على سوق صرف العملات؛ أي السوق الموازية.	Mais ces explications globales ne semblent pas avoir d’effet sur le marché de change, notamment le marché parallèle.	mafand	Senegalese News (MAFAND)
wo-ar-0887	Waxul sax ci mbënd mi nekk ci yeneen dëkk yi bokkul ak Ndakaaru.	لم يتحدث حتى عن الفيضانات في الأماكن الأخرى غير داكار.	Il n’a même pas mentionné les inondations dans les localités autres que Dakar.	mafand	Senegalese News (MAFAND)
wo-ar-0328	Bi muy wax dafa doon boolee làkku almãa ak wu àngale.	عندما كان يتحدث، كان يتناوب بين لغتي الألمانية والإنجليزية.	Ils parlaient dans un mélange d'allemand et d'anglais et n'utilisaient aucun terme scientifique, mais il était parfois difficile de les suivre.	mafand	Senegalese News (MAFAND)
wo-ar-0358	Ndax ñoom kiliyaan yi dañu jàpp ne bànk yooyu yaataluñu ba noppi seeni mbir dafa yéex te ngir nga jot ci ñoom dafay xaw a metti.	لأن الزبناء يعتبرون أن تلك البنوك غير مرنة وبطيئة وصعبة الوصول إليها.	Les banques traditionnelles peinent à conquérir un grand nombre de segments de clients qui considèrent qu’elles sont trop rigides, lentes et difficiles d’accès.,	mafand	Senegalese News (MAFAND)
wo-ar-1220	Ci jamono yii, Mamadu Alfaa Jàllo, njiitu Nahju Agro-industrie, ŋàññi na seen doxalin, bëgg ñu xoolaat ko.	انتقد رئيس Nahju Agro-industrie، ممد ألفا ديالو، في تلك الآونة حكمهم وطلب منهم مراجعته.	Récemment, Mamadou Alpha Diallo, président-directeur général de Nahju Agro-industrie, les a remis en cause.	mafand	Senegalese News (MAFAND)
wo-ar-1079	Am na ci tamit ñàkk gëm-gëm, ñàkk jëmu wala ñàkk mën-mën ci yenn way-pólotig yi nga xam ne, dafa mel ni dañu dugg ci pólotig ndax rekk aw yoon la wuy may nit ki alal, darajaal ko.	كما أن هناك افتقارا للقناعة، والرؤية، والمهارات لدى بعض السياسيين الذين يبدو أنهم انخرطوا في السياسة لأنها وسيلة لكسب المال والوجاهة.	Il y a aussi le manque de conviction, de vision, de compétences, chez certains politiques dont on a l’impression qu’ils ont embrassé la fonction uniquement parce que c’était le moyen le plus facile de se réaliser au plan personnel.	mafand	Senegalese News (MAFAND)
wo-ar-0271	Gën nañoo yokk njàmbaarte waa PSG ba ñu àgg ci teg-dóor yi, jël ndam ci njàmbaarteg Tomas Koubek mi doon jàpp bal yi.	لقد زادوا من خطورتهم أكثر من باريس سان جيرمان حتى وصلوا إلى ركلات الترجيح وفازوا بفضل تألق توماس كوبيك في حراسة المرمى.	Ils ont trouvé les ressources mentales pour pousser le PSG jusqu’aux tirs au but et l’emporter grâce notamment à un Tomas Koubek impérial dans les buts.	mafand	Senegalese News (MAFAND)
wo-ar-0383	Léeg-léeg ñuy raay nguur gi cig woyofal, léeg-léeg ñuy mel ni ñuy jàmmaarlook moom.	تارة يتملقون السلطة لتسهيلها، وتارة أخرى يتظاهرون بأنهم ضدها.	Tantôt ils caressent le pouvoir dans le sens du poil, tantôt ils font semblant d'être contre.	mafand	Senegalese News (MAFAND)
wo-ar-0057	Bépp doomu Senegaal ju fees ak jàmm te tegu ci yoon war naa dëggal ngir ñu bàyyi leen.	يجب على جميع السنغاليين الذين يحبون السلام ويتصفون بالعدالة المطالبة بإطلاق سراحهم.		MasakhaNER	Senegalese News (MasakhaNER)
wo-ar-0431	Liy dëgg mooy yokkute du am te doxal yoon ci dundinu nit ñi amul.	والحقيقة أنه لن يكون هناك تطور بدون عدالة اجتماعية.	La vérité est qu’il n’y aura pas une émergence sans une justice sociale forte.	mafand	Senegalese News (MAFAND)
wo-ar-1160	Li may laaj mooy lan moo fi soppeeku ba ñu xam njëgu ropplaanu Wàdd te lu Maki mënuñu koo xam,	أتساءل ما الذي تغير بحيث نعرف سعر طائرة وادْ ولا يمكننا معرفة سعر طائرة ماكي،	Je me demande qu'est-ce qui a changé pour que le prix de l'avion de Wade soit connu et celui de Macky doit être un secret d'état.	mafand	Senegalese News (MAFAND)
wo-ar-0396	Defin wi dafa mujje soof ba yéematul kenn,	لقد أصبحت هذه الممارسة تافهة لدرجة أنها لا تصدم أحدا،	La pratique est devenue banale au point qu’elle ne choque ni n émeut personne, mieux, elle est acceptée et entre dans l’ordre normal des choses surtout en période de campagne électorale.	mafand	Senegalese News (MAFAND)
wo-ar-0359	Mënuñu woon xalaat ne dee gaa ngi leen di xaar ci Xàllu 7 wi (RN7) booy waaj a agsi Ñokolokobaa.	لم يكونوا يتخيلون أن الموت سيكون في انتظارهم على الطريق السريع رقم 7 (RN7)، بالقرب من متنزه نيوكولو كوبا.	Ils ne pouvaient imaginer que la mort leur tendrait les bras sur la RN7, à hauteur du parc Niokolo Koba.	mafand	Senegalese News (MAFAND)
wo-ar-1062	Rax-ci-dolli jàmmaarlook mbas mu law fépp mi ak tàrde ca Oran,	بالإضافة إلى أن مواجهة الجائحة المنتشرة في كل مكان والتأخير في وهران،	Puis, face à la pandémie et à des retards à Oran, les autorités algériennes et la Confédération africaine d’athlétisme (CAA) avaient envisagé une délocalisation à Alger, pour la fin juin.	mafand	Senegalese News (MAFAND)
wo-ar-0918	Mooy sunu xaalis!	إنه كنزنا!	Cette ferveur populaire et militante ne cessera jamais !Tant que SONKO ne devient pas président, cet enthousiasme citoyen ne s’estompera pas !C’est notre argent !	mafand	Senegalese News (MAFAND)
wo-ar-1257	li ñu leen di toppe mooy, rawale ab defkatu ñaawtéef.	ويحاكمون بتهمة إيواء المجرمين.	Quant à ses trois complices, en l’occurrence Dame Sy, Cheikh Ndiaye et Abdou Faye, ils sont toujours en interrogatoire à la Section de Recherches et sont poursuivis pour recel de malfaiteurs.	mafand	Senegalese News (MAFAND)
wo-ar-0231	Ba ñu tubaab yi nootee ci atum 1957, ak ba nga xamee ne dañoo boole woon réew yu bare, def leen benn ci atum 1958, ak ba Senegaal ak Mali xaatimee ab déggoo ngir nekk menn réew, loolu yépp Mawdo moo nekkoon njiitu jëwriñu réewum Senegaal.	كان مَوْدو رئيسا للحكومة السنغالية في ظل الاستعمار الفرنسي لعام 1957، وعندما تم جمع العديد من الدول معا كدولة واحدة في عام 1958، وعندما اتفقت السنغال ومالي على تشكيل اتحاد.	Maodo, fut le chef du gouvernement sénégalais, d’abord sous la loi-cadre de 1957, sous la communauté de 1958, et enfin sous la fédération du Mali.	mafand	Senegalese News (MAFAND)
wo-ar-0785	Ci tënk daal sàkku ñu andiy saafara ci suñuy yitte te loolu dafa war sax dàkk ci xelu njiit yi.	وباختصار؛ أن نطالب بإيجاد حلول لمشاكلنا، ويجب أن تبقى دائما في أذهان رؤسائنا.	Nous devons exiger la transparence dans la gestion de nos sous, exiger des services de base corrects, exiger que les ressources soient mieux distribuées, bref exiger et obtenir la prise en compte de nos préoccupations, et que celles ci soient placées au cœur des politiques du gouvernement.	mafand	Senegalese News (MAFAND)
wo-ar-0990	Jënd ag daamar gu màndargawoo Ford Santafe Sport (2016) laata tabaski bi, moom laajoon na, ci li Le Témoin wax, Aminata Balde mi teewoon ci kanamam ci anamu lëkkalekat buy yëngu ci këru liggéeyukaay gi, Unit Transit sise Mole II bi ci pooru Ndakaaru bi, ngir liggéeyu duwaañ bi.	بحسب Le Témoin، إنه طلب شراءَ سيارة من نوع فورد سانتافي سبورت (2016) قبل عيد الأضحى من أمينة بالدي التي مثلت أمامه على أنها وكيلة من شركة Unit Transit sise Mole II في ميناء داكار للتخليص الجمركي.	Ayant acheté un véhicule de marque Ford Santafe Sport (2016) avant la Tabaski, il avait sollicité, rapporte Le Témoin, Amina Baldé qui s'était présentée à lui comme transitaire exerçant à la société Unit Transit sise au Mole II du port de Dakar pour le dédouanement.	mafand	Senegalese News (MAFAND)
wo-ar-0097	Dëgg-dëggiy jullit ñooy ñi nga xam ne amuñu ci seen jëmm lu dul Boroom bi, alxuraanu Boroom bi, cëslaayi ponki islaamu Boroom bi ñooy ñaanal àdduna, ba ci mbindéef yi gën a xeebu.	المسلمون الحقيقيون، هم الذين ليس في أرواحهم إلا الله، وقرآنه، والمبادئ الأساسية لإسلامه، يصلون من أجل الجميع بمن فيهم أدنى الكائنات.	FOULBES NDILLE!Les vrais-es Musulmans-es, à savoir celles-ceux qui n'ont dans leurs corps-âmes que Dieu, le Coran de Dieu, les Principes fondamentaux de l'Islam de Dieu, prient pour tout le monde y compris les mesquins êtres.	mafand	Senegalese News (MAFAND)
wo-ar-0405	Doomi Bayern yi dañoo amoon wërsëg ci joŋante boobu.	وكان الحظ حليف بايرن في تلك المباراة.	Les Bavarois n’étaient pas vernis sur ce match puisqu’ils ont trouvé le cadre 4 fois et ont cadré plus de 11 fois dans ce match.	mafand	Senegalese News (MAFAND)
wo-ar-0626	Bu ñu xamee ne bàrke ci béréb wala ci mbir dàqul yeneeni jafe-jafe yu jóge ca Yàlla, misaal mi mooy Kaaba gi doon ci jullit yépp bàrke te doonoon bérébu xërëm ay xarnu, ginnaaw demug Ibraayima ak ndonoom. (Majaalis, atum 2010, xëtu ñeenti téeméer ak fan-weer ak juróom-ñeent)	إذا عرفنا أن وجود البركة في مكان أو شيء لا ينفي وجود بعض مصائب من الله؛ ومثال ذلك الكعبة التي هي محل البركة عند المسلمين جميعا، كانت معبدا للوثنية لعدة قرون بعد رحيل إبراهيم وذريته. (مجالس، عام 2010، صفحة 439)	Sachant toutefois que la présence de la Baraka en un lieu ou en une chose n’exclut point celle de certaines contingences terrestres et maux humains tout à fait naturels, à l’instar de la ka’ba qui, bien qu’étant pour les musulmans le foyer par excellence de la Baraka, constitua pourtant le temple de l’idolâtrie pendant des siècles, après la disparition de Abraham et de ses vertueux descendants (éditions Majalis, 2010, p. 239).	mafand	Senegalese News (MAFAND)
wo-ar-0650	Xibaaru Jeynaba Saar mi ñu fal kiy lëkkale liggéey bi ca Bórdoo, Farãas.	خبر من جَايْنابا سار التي انتخبت منسقة لCellule de Bordeaux في فرنسا.	News de Dieynaba SAR qui vient d’être élue Coordonnatrice de la Cellule de Bordeaux en France.	mafand	Senegalese News (MAFAND)
wo-ar-0297	Li ñuy waxtaanee tay te mooy delloosiwaat ni àll beek li dëkkee meloon,	ما سنتحدث عنه اليوم هو إصلاح النظم البيئية،	Le thème de la célébration de cette journée, La restauration des écosystèmes, rejoint bien l'initiative de l'association Ecolibri, dont l'objectif est de récupérer des espaces pollués et/ou encombrés de la capitale et de les transformer en poumons verts.	mafand	Senegalese News (MAFAND)
wo-ar-0167	Ci at mi, Senegaal dina fay lu ëpp ñetti téeméer ak juróom-fukki milyaar (350) ci bor booleek jafe-jafey askan wi : ñàkk xëyu ndaw ñi, mbey mi, napp amatul, ñàkk di wéy.	ستدفع السنغال هذا العام أكثر من 350 مليار دولار من الديون بالإضافة إلى مشاكل الشعب المتمثلة في: البطالة بين الشباب، والزراعة، وفقدان مصايد الأسماك، والفقر المستمر.	Cette année, le Sénégal paiiera plus de 350 millliards de dette avec la crise sociale: le chômage des jeunes, l'agriculture, la pêche n'existe plus, la pauvreté continue.	mafand	Senegalese News (MAFAND)
wo-ar-0300	Bu ñu gisee ne coppitey nasi pexe yiy am ci diggante réew yi ni mu gaawee ba nga xam ne Europe a ngi dundu jafe-jafe yi am ci OTAN bi nga xam ne yàggul dara,	وعندما نرى أن التغيرات الجيوستراتيجية التي تحدث بين الدول سريعة لدرجة أن أوروبا تشهد أزمات حدثت في OTAN مؤخرا،	La période est opportune quand on sait que certains appellent à un nouveau Bretton Woods tant les institutions de la finance mondiale ont montré leurs limites, quand on sait que les changements géostratégiques sont si rapides que même l’Europe explose avec les soubresauts de l’OTAN que Macron a récemment qualifiée en état de mort cérébrale (sic).	mafand	Senegalese News (MAFAND)
wo-ar-0871	Kon, fàww nga nekk ku xamul tus ngir mën a taxawal yoon wuy xeex jublu ci sàmm kumpa,	إذن، لا بد أن تكون جاهلا مركبا لتطوير خط دفاع يهدف إلى السرية الدفاعية،	Donc, il faut être vraiment nul pour élaborer une ligne de défense fondée sur le secret défense, car en extrapolant sur le prix catalogue d'un Airbus A320 on peut facilement, à quelques centaines de millions près, déterminer le coût de l'avion de commandement.	mafand	Senegalese News (MAFAND)
wo-ar-0174	US Monastir moo leen daan ci alxames ji ci njuréefu juróom-ñett-fukk ak juróom-benn ci juróom-benn-fukk ak ñaar (86-62).	وخسروا أمام المنستير الأمريكي بنتيجة ستة وثمانين مقابل اثنين وستين 86-62 يوم الخميس.	Ils ont été battus par l'US Monastir ce jeudi sur la marque de 86-62.	mafand	Senegalese News (MAFAND)
wo-ar-0262	Fexe ba lempo yemamaay, ñi war a fay ñépp di fay amagul Senegaal fi mu tollu nii.	إن محاولة جعل الضريبة شاملة، ويدفعها كل من هو مسؤول عنها، ليست متاحة بعد في السنغال.	Fexe ba lempo yeembambaay, ñi war a fey ñépp di fey amagul Senegaal fi mu tollu nii.	mafand	Senegalese News (MAFAND)
wo-ar-1069	Maanaam, keroog bañ nee mbas dikkal na réewum Siin, keroog laa doon jël samay matuwaay, tëj biir réew mi.	بمعنى أنه في اليوم الذي قالوا فيه إن الصين شهدت جائحة، أخذت احتياطياتي من ذلك اليوم وأغلقت البلاد.	Maanaam, keroog bañ nee mbas dikkal na réewum Siin, keroog laa doon jël samay matuwaay, tëj biir réew mi.	mafand	Senegalese News (MAFAND)
wo-ar-0868	ADD : ca MOJIP FARÃAS, am nanu ay naal yu bare yu jëm ci jigéeni waa Senegaal.	ADD: في MOJIP FRANCE لدينا العديد من المشاريع التي تستهدف المرأة السنغالية.	ADD : Au MOJIP FRANCE , nous avons beaucoup de projets à destination des femmes sénégalaises.	mafand	Senegalese News (MAFAND)
wo-ar-1215	Francfort moo daan Bayern.	تغلب فرانكفورت على بايرن.	C’est le Bayern qui s’est incliné contre Francfort.	mafand	Senegalese News (MAFAND)
wo-ar-0023	Lépp a ngi doore ci bésu ñetti fan ci weeru suweŋ bi, boori juróom-ñeenti waxtu (9h) bu teg fanweeri simili (30min), bi njiital kurélu bëj-penku sàndarma yi, Kolonel DawI Maane, jot na wooteb telefon bu koy yégal teewaayu Baay Móodu Faal mi ñuy dàkkantale Booy Jinne ca Tàmbaakundaa.	بدأ كل شيء في الثالث من شهر يونيو، حوالي الساعة التاسعة (9h)، عندما تلقى قائد الفيلق الشرقي للدرك، العقيد DawI Maane، مكالمة هاتفية لإبلاغه بوجود Baay Móodu Faal الملقب بBooy Jinne في تامباكوندا.	Tout a commencé ce 3 juin, aux environs de 9 h 30, quand le commandant de la Légion Est de la gendarmerie, le colonel Davy Mané, a reçu un appel téléphonique l’informant de la présence de Baye Modou Fall alias Boy Djiné à Tambacounda.	mafand	Senegalese News (MAFAND)
wo-ar-1176	Am na jamono yoo xam ni danga war a wut say pexey bopp yu lay dugal ci taarix.	هناك أوقات يتعين عليك فيها أن تحصل على استراتيجيات بنفسك والتي ستدخلك إلى التاريخ.	Il y’a des moments où il faut se donner les moyens d’entrer dans l’Histoire.	mafand	Senegalese News (MAFAND)
wo-ar-0096	Bile coono bu askan wi di dund moo ngi jóge ci loxoy njiitu réew mi Maki Sàll kepp, ak nguuram gi mu bokk ak ay nit ñu denc ay milyaar.	إن هذه المعاناة التي يعيشها السكان هي مسؤولية الرئيس ماكي سال وحده وحكومته وأشخاص أخفوا مليارات.	Cette souffrance des populations relève de la responsabilité personnelle et exclusive du président Macky Sall et son gouvernement de milliardaires.	mafand	Senegalese News (MAFAND)
wo-ar-1209	Waaye muy laaj ropplaan buy jar juróom-benn-fukk wala juróom-ñett-fukki milyaar, mu mel ni dañuy for xaalis bi.	لكنه يطلب طائرة بقيمة ستين أو ثمانين مليارا وكأننا نلتقط المال.	Mais il fait la commande d'un avion de 60 ou 80 milliards comme si on ramassait l'argent.	mafand	Senegalese News (MAFAND)
wo-ar-0817	Waaye yaa jël raw-gàddu gi ci Ërob ak joŋante yu bare yoo xam ne kenn dugalu la ab bal.	ولكنك البطل في أروبا مع العديد من المباريات التي لم يتمكن أحد من هز شباكك.	tu n'es pas champion des clubs anglais, mais champion des clubs européens, avec un record de clean sheets.	mafand	Senegalese News (MAFAND)
wo-ar-0635	Liggéeykat wala mbootaayu liggéekat yi doonul moomeelu nguur gi te ñu leen di ŋàññ te teguñu ko fenn ndax luu tuuti li ñu joxe ci xeex bi.	يتم انتقادالقطاع الخاص أو جمعيته دون وجه حق لمشاركته المتواضعة في المعركة.	Le Privé national qui d’ailleurs paradoxalement subi de critiques infondées pour sa modeste participation au combat.	mafand	Senegalese News (MAFAND)
wo-ar-0970	Gaynde yi ñoo ngi bokk ci kippu D mi, ñu bokk ko ak Cameroun, Sud du Soudan ak ñaareel bi jàll ci kippu E bi, ci joŋanteb toogloo yi.	يتواجد الأسود في المجموعة D إلى جانب الكاميرون وجنوب السودان والمتأهل الثاني من المجموعة E من التصفيات.	Les Lions sont logés dans la poule D en compagnie du Cameroun, du Sud Soudan et du deuxième qualifié de la poule E des éliminatoires.	mafand	Senegalese News (MAFAND)
wo-ar-0154	Jublu gi mooy fexe ba gaawal dugalug xarala yi ci nguuru Gauteng gi jaare ko ci samp nekkin gu am doole ci kéew gi.	الهدف هو تسريع عملية التحول الرقمي لحكومة محافظة غوتنغ من خلال إنشاء نظام ديناميكي في البيئة.	L’objectif étant de réussir à accélérer la transformation numérique du gouvernement provincial de Gauteng à travers la création d’un écosystème dynamique.,	mafand	Senegalese News (MAFAND)
wo-ar-0683	Ni ko L’As waxee, kilifag Pastef gi daje na ak jaaykat yi, waxtaan ak ñoom, càmbar seeni jafe-jafe te di xalaat ci pexe yu mu leen saafaraa.	"ووفقًا لـ""لاس""، التقى المدير العام لشركة باستف بالتجار، وتحدث إليهم، وحلل مشاكلهم ويفكر في الحلول الممكنة."	Selon L’AS, à cette occasion, l’Administrateur général de Pastef a rencontré les commerçants, a échangé avec eux, analysé leurs problèmes et réfléchi sur des pistes de solutions à apporter.	mafand	Senegalese News (MAFAND)
wo-ar-1211	(juróomi junne ak juróom-ñett-fukk ak juróom-ñett yu teg ñeen-fukk ak juróom yu nekk ci téereb limu borom kër yi, ñeenti téeméer ak fukk ak benn yu teg juróom-ñeenti téeméer ak juróom-fukk ak juróom ci borom kër yu ñu seppi ci askan wi ak téeméeri junne ngir mbooloo yu benne yi)	(خمسمائة وثمانية وثمانون ألفا وخمس وأربعون في كتاب عدد أصحاب العائلات، وأربعمائة وأحد عشر ألفا وتسعمائة وخمس وخمسون لأصحاب الأسر المستهدفة من الشعب، ومائة ألف لمجموعات محددة)	Ils donnent un montant de 57 289 289 292 FCFA payé pour l’achat des denrées alimentaires pour 1 100 000 ménages (588 045 RNU, 411 955 ciblages communautaires et 100 000 pour les groupes spécifiques) à raison 66 000 FCFA le kit par ménage.	mafand	Senegalese News (MAFAND)
wo-ar-1011	Jërëjëf ci jéem a def luy tax nga yelloo sa payoor ngir mën a ñëw taxaw jàkkaarlook ñun di ñu wax waxi liggéey bu yemb te mucc-ayib!	شكرا على محاولتك القيام بما يجعلك تستحق راتبك لتأتي وتقف أمامنا وتُحدثنا عن أعمال كاملة لا تشوبها شائبة!	Merci d’essayer de mériter votre salaire afin de pouvoir revenir nous regarder en face et nous parler de vraies réalisations !Dakar, le 13 Novembre 2019.	mafand	Senegalese News (MAFAND)
wo-ar-1127	woo ko ñetti yoon,	ناديها ثلاث مرات،	Profondément blessée, Ndaté-la-vertueuse fit dire par sa jeune fille à Khanju-la-libertine cette réplique dont vous vous rappelez surement Interpelle-la à trois reprises, puis dis-lui ma mère dit que teen bi gueun’oon’a fee deek mu root rootaleella (Il fut une période où l’eau du puits était bien plus rare, et pourtant elle a tiré de l’eau, et en a tiré pour toi).	mafand	Senegalese News (MAFAND)
wo-ar-1063	kilifay Alseri, ak Kurélu Afirig gi yore mbirum daw (tàggat-yaram) dañu fasoon yéene toxal ca Alsee, ci njeexitalu weeru suweŋ.	فكرت السلطات الجزائرية والاتحاد الأفريقي لألعاب الجري (رياضة) في نقل الحدث إلى الجزائر العاصمة في نهاية شهر يونيو.	Puis, face à la pandémie et à des retards à Oran, les autorités algériennes et la Confédération africaine d’athlétisme (CAA) avaient envisagé une délocalisation à Alger, pour la fin juin.	mafand	Senegalese News (MAFAND)
wo-ar-0389	ca booba, suñu jigéen ñiy dee ci jàngoroy kañseer, ndax ñàkk masin buy jëfandikoo ay ceeneer ngir neenal jànoroy jooju ci yaram, te muy jar ñeenti milyaar ci xaalisu Seefaa.	بينما تموت نساؤنا من السرطان بسبب عدم وجود أجهزة العلاج الإشعاعي لإزالة المرض من الجسم التي تكلف أربعة مليارات سيفا.	Après huit années à la tête de l’état, Macky Sall entretient encore 6000 abris provisoires, des écoles en état de délabrement, les étudiants en grève permanente faute de conditions d’études minimales, le taux de réussite au baccalauréat en 2019 est à 37,7% … une absurdité ! Le régime du président Macky Sall a dépensé 307 milliards pour l’achat de véhicules administratifs, pendant que nos femmes meurent de cancer, faute d’appareils de radiothérapie qui coutent 4 Milliards de FCFA .	mafand	Senegalese News (MAFAND)
wo-ar-0501	wax nañu ne baaxul.	وقلنا إنه لم يكن جيدا.	On a travaillé sur le décret de 2005, on a dit que ce n’est pas bon.	mafand	Senegalese News (MAFAND)
wo-ar-0995	Gan kuréelu pólótig moo mën a màng mbooloo mu tollu nii, te du leen jox njëgu oto, du ñam wu ñuy lekk, wala ay yére ?	أي حزب سياسي يمكنه أن يجذب مثل هذا الحشد دون أن يوفر لهم ثمن السيارة، أو طعام يأكلونه، أو ملابس؟	Quel est ce parti qui peut drainer autant de foules sans les assurer ni transport, ni nourriture ni vêtements ?	mafand	Senegalese News (MAFAND)
wo-ar-0246	Ñu daldi koy defar bu soobee Boroom Bi.	وسنصلحها إن شاء الله.	Askan wee nu tax a jóg, moom lanuy xeexal ba keroog Yàlla di teg réew mi ci sunuy loxo, nu daldi koy defar bu soobee Boroom Bi.	mafand	Senegalese News (MAFAND)
wo-ar-0991	Waaye, dafa soppi li mu naroon, bi mu gisee nataal yi ci wetu bayaal bi (téeméer ak fukk ak juróom-benneel), gannaaw bi àttekat bi àddoo cib widéwoo.	لكنه غير قراره بعد أن رأى الصور على حدود الملعب (116)، بعد أن تدخل الحكم عبر شريط فيديو.	Mais il a changé sa décision au vu des images en bord de terrain (116e), après intervention de l’arbitre assistant vidéo.	mafand	Senegalese News (MAFAND)
wo-ar-0112	"Waaye noo bokk li fés muy bëgg sa réew, ndax kurélu pólotig gaa ngi tudd ""Bëgg sa réewum Senegaal ngir Liggéey, lu Baax ak Mbokkoo""."	"لكننا نشترك في المظهر وهو الوطنية، لأن الحزب يسمى ""الوطنيون السنغاليون للعمل والأخلاق والأخوة""."	Mais nous partageons particulièrement le patriotisme parce que notre parti s’appelle Patriotes du Sénégal pour le Travail, l’Éthique et la Fraternité.	mafand	Senegalese News (MAFAND)
wo-ar-1030	Boo seetee, ñett ba juróomi at ci ginnaaw, ni ma doon waxe farañse laa doon waxe wolof.	إذا نظرت إلى السنوات الثلاث أو الأربع الماضية، ستجد أن الطريقة التي أتحدث بها اللغة الفرنسية هي نفسها التي كنت أتحدث بها اللغة الولوفية.	Boo seetee, 3 ba 5i at ci ginnaaw, ni ma doon waxe farañse laa doon waxe wolof.	mafand	Senegalese News (MAFAND)
wo-ar-0083	Dawalkat bi yàq motoom, jaar na ci kawam njëkk muy réeri.	السائق الذي اصطدم بدُعْرُوْمَته داسته قبل أن يختفي.	Le chauffeur qui a percuté son scooter est passé sur son corps avant de disparaître.	mafand	Senegalese News (MAFAND)
wo-ar-0722	Ñi seen xam-xam màcc ci wàll wi yàgg nañoo àrtu.	لقد حذر الفنيون منذ فترة طويلة.	Les techniciens ont souligné que les risques sont nombreux mais les autorités ne leur ont jamais prêté l'oreille pour savoir ce dont ils souffrent.	mafand	Senegalese News (MAFAND)
wo-ar-0622	te ñépp dañu koo war a xeex.	ويجب على الجميع الوقوف ضدها.	Selon lui, cette réforme qu’agite la majorité est rétrograde, antidémocratique et inopérante et qu’il y a nécessité pour tous des démocrates de se dresser contre.	mafand	Senegalese News (MAFAND)
wo-ar-0575	Jàppoo ko noonu rekk njiit li.	استمر على هذا النحو أيها الرئيس.	Continuez ainsi prési.	mafand	Senegalese News (MAFAND)
wo-ar-0789	Ci beneen joŋante bi ci kippaango G bi, ci ñaar-fukkeelu simili bi ak juróom waa Russie yi lakk caax yi, waaye bi ñu noppalujee ba ñëwaat, waa Almaañ yi wane nañu beneen xar-kanam.	في المباراة الأخرى في المجموعة السابعة، افتتح الروس التسجيل في الدقيقة الخامسة والعشرين، ولكن بعد العودة من الشوط الأول ظهر الألمان بوجوه جديدة.	Dans l’autre rencontre du groupe G, le score a été ouvert à la 25e mn par les Russes de Saint Pétersbourg mais les Allemands sont revenus des vestiaires avec de nouvelles ambitions.	mafand	Senegalese News (MAFAND)
wo-ar-0803	Ñi jot ci feebar bi, bu ñu demee seen kër, mën nañoo wàll màggat ñi, ak ñi nga xam ne dañoo ame yeneen feebar,	من الممكن للأشخاص المصابين بالمرض، عند عودتهم إلى المنزل، أن ينقلوه إلى كبار السن وغيرهم من المصابين بأمراض أخرى،	Ceux qui seraient infectés, une fois chez eux, sont susceptibles de contaminer les personnes âgées et autres vivant avec des comorbidités, des catégories d’individus qui succombent très vite à la COVID-19.	mafand	Senegalese News (MAFAND)
wo-ar-0624	jox ay ñoñam bal bi,	وهيأ الكرة لزملائه،	Dans le match remporté par Liverpool (2-0), le Lion a provoqué le pénalty qui a offert le premier but à son équipe marqué par Mohamed Salah.	mafand	Senegalese News (MAFAND)
wo-ar-0299	Jamono ji baax na su ñu xamee ne ñenn ñaa ngi woote ngir amaat beneen Bretton Woods ndax kuréeli koom yu bànku àdduna bi dañoo wone seenug tële.	إن هذه الفترة مناسبة عندما نعلم أن البعض يدعو إلى بريتون وودز أخرى لأن مؤسسات المالية الدولية قد أظهرت محدوديتها.	La période est opportune quand on sait que certains appellent à un nouveau Bretton Woods tant les institutions de la finance mondiale ont montré leurs limites, quand on sait que les changements géostratégiques sont si rapides que même l’Europe explose avec les soubresauts de l’OTAN que Macron a récemment qualifiée en état de mort cérébrale (sic).	mafand	Senegalese News (MAFAND)
wo-ar-0706	Usmaan Sónko moo ngi nas wër réew mi yépp ngir gën a joxey xibaar ci yéene ji mu am ci réew mi ak li koy doxal.	يخطط عثمان سونكو للقيام بجولة وطنية لتقديم المزيد من الأخبار حول نيته في الدولة وما سيطورها.	Ousmane Sonko prévoit d’effectuer une tournée nationale pour plus communiquer sur le programme et participer à ces différentes activités.	mafand	Senegalese News (MAFAND)
wo-ar-0276	Ay ponki xalaat yu niroo ngi ci tënku yoon bi.	تم تضمين معايير تقارب مماثلة في خارطة الطريق.	Des critères de convergence sont inscrits dans la feuille de route.	mafand	Senegalese News (MAFAND)
wo-ar-0898	Daf maa niru ne Sónko xamatul fi muy teg tànkam.	لديّ انطباع بأن سونكو لم يعد يعرف أين يتجه.	Jai comme l'impression que Sonko n'a plus de repères.	mafand	Senegalese News (MAFAND)
wo-ar-0748	yàgg a mébét senegaalug jàmm, senegaalug naataange, Senegaal gu moom boppam ak gu boole xeet ak diine yépp, te suuf féete leen kaw.	وكان يتمنى سنغالا يسودها السلام، والازدهار، والسيادة، وتجمع كل الشعوب والأديان التي تعيش على الأرض.	Ton joli sourir, signe d’une passion sans anicroche de la vérité et de la dignité restera à jamais gravé dans nos coeurs ainsi que celui de tous les autres patriotes qui ont perdu la vie sur le chemin de l’édification de la nouvelle société sénégalaise, paisible, souveraine, prospère et plurielle.	mafand	Senegalese News (MAFAND)
wo-ar-0492	Juróom-ñaari fan ci weeru sulet, dige bi di T1784/17 ngir jot ci Sea Premium xaatim nañu ko ci diggante sekerteeru njiitu réew mi ak tabaxkat bi, Ocea SA.	في السابع من يوليو 2017، تم توقيع على عقد T1784/17 لاقتناء سي بريميوم بين الأمين العام لرئاسة جمهورية السنغال والشركة المصنعة Ocea Sa.	Le 07 juillet 2017, le contrat T1784/17 pour l’acquisition de la vedette Sea Premium 100 est signé entre le Secrétaire général de la Présidence de la République du Sénégal et le constructeur, Ocea Sa.	mafand	Senegalese News (MAFAND)
wo-ar-0233	Bokkug ja bu néew gi ñu nemmeeku ci yenn gox yi, ñi yor këri kaaraange yee ko teg seen bopp.	يرجع معدل اختراق السوق المنخفض في بعض المناطق إلى ممارسات شركات التأمين نفسها.	Mais la faiblesse du taux de pénétration, dans certaines régions spécifiques, est aussi due aux pratiques des assureurs eux-mêmes.,	mafand	Senegalese News (MAFAND)
wo-ar-0718	M2D bi Seex Tijaan Jéey jiite ak Usmaan mu doyadi mii mooy firnde lañu ci pólótig boo xam ne ci wàllu fitna la tënku,	إن M2D التي يقودها الشيخ تيجان جي وهذا الوضيع عثمان شهادة على سياسة تتعلق بالفتنة،	Le M2D avec cheikh tidiane dieye le caniche de Sonko sont le symbole de la délinquance politique que le régime de Macky semble caresser dans le sens du poil alors qu'il ne peuvent mobiliser au delà des bandits de Dakar et banlieue	mafand	Senegalese News (MAFAND)
wo-ar-0951	muy sukkandiku ci ay wax yu jege dëgg, di bàyyi ñaareelu wote yi ci diggante Beje ak Sóróo.	مستندا إلى أقوال أقرب إلى الواقع، ومتخليا عن التصويت الثاني بين بيجه وسورو.	Macron refuse de cautionner l’entêtement de Ouattara face au risque de guerre civile et se basant sur des pronostics plus proches de la réalité prédit plutôt un deuxième tour entre Bédié et Soro.	mafand	Senegalese News (MAFAND)
wo-ar-0386	Ginnaaw juróom-ñetti at ci boppu réew mi, Maki Sàll a ngi seetaan juróom-benni junniy mbaari négandinku, ay daara yu yàqu yaxeet, ay ndongo yu dëkk ci bank seeni loxo ndax ñàkk li gën a tuuti ci seen nekkinu njàng,	بعد ثماني سنوات على رأس الدولة، لا يزال ماكي سال يتجاهل ستة آلاف ملجأ مؤقت، ومدارس في حالة يرثى لها، وطلاب في إضراب دائم لعدم توفر الحد الأدنى من المتطلبات التعليمية،	Après huit années à la tête de l’état, Macky Sall entretient encore 6000 abris provisoires, des écoles en état de délabrement, les étudiants en grève permanente faute de conditions d’études minimales, le taux de réussite au baccalauréat en 2019 est à 37,7% … une absurdité ! Le régime du président Macky Sall a dépensé 307 milliards pour l’achat de véhicules administratifs, pendant que nos femmes meurent de cancer, faute d’appareils de radiothérapie qui coutent 4 Milliards de FCFA .	mafand	Senegalese News (MAFAND)
wo-ar-0572	Xam nañu ne Senegaal soriwul diggante boobu.	عرفنا أن السنغال غير بعيدة عن هذا الوضع.	On note qu’on est loin de cette situation au Sénégal.	mafand	Senegalese News (MAFAND)
wo-ar-0191	Atum ren mee gën a baax mu daaw ci doomu Senegaal bi ci dugal fukk ak juróom-ñetti bal,	سجل اللاعب السنغالي هذا الموسم، وهو الأفضل مقارنة بالموسم الماضي، ثمانية عشر هدفا،	Cette saison, le Sénégalais est déjà 18 buts inscrits en Premier League et a battu son record dans le championnat anglais (12).	mafand	Senegalese News (MAFAND)
wo-ar-0819	Mu ngi yoroon ab woto boo xam ne kenn kuy yëngatu ci wàllu dem ak dikk moo ko moom.	وكان يقود سيارة تابعة لشخص يعمل في مجال النقل.	Conducteur de profession, S. Sarr a été surpris nuitamment à Grand-Yoff, par un vigile en service au niveau de la Zone de captage en train de dérober une bonbonne de gaz de neuf (9) kilogrammes dans un véhicule appartenant à un autre acteur du transport.	mafand	Senegalese News (MAFAND)
wo-ar-1139	Aali Nguy Njaay biral na ne tëralin wu benne woowule, njëwriñu wér-gu-yaram ji war koo amal li ko dalee at mii di ñëw, dina tax lopitaal yi gën a mucc-ayib.	قال علي انغوي انجاي إن هذا التصميم الخاص الذي سيضعه وزير الصحة اعتبارا من العام المقبل سيجعل المستشفيات أفضل.	Ce programme spécial que le ministère de la Santé et de l’Action sociale mettra en place à partir de l’année prochaine contribuera à relever le niveau technique de la structure sanitaire, a assuré Aly Ngouille Ndiaye.	mafand	Senegalese News (MAFAND)
wo-ar-0694	Ñeneen ñi sax dañuy jéem a jàppal tànk animaatëer bi nga xam ne, jéemul a leeral mbir mi xaana di wone jéppi gu mu def ñeneen ñi.	وحتى أن البعض يحاول تبرئة المذيع الذي لم يحاول أبدا أن يشرح ما حدث، بل يظهر كراهيته للآخرين.	Quant au débat libre et délibéré sur les réseaux sociaux, il a glissé allègrement du viol au mariage précoce avec là aussi, chez certains, une indignation communautaire qui peine à prendre l’ascenseur pour l’étage de la Nation, situé un cran au dessus, et chez d’autres, de sombres tentatives de donner raison à la jeune animatrice par des statistiques fétides qui, à défaut de renforcer la vérité des faits, établit la preuve de la haine de l’autre.	mafand	Senegalese News (MAFAND)
wo-ar-0530	Ndagam wax nañu ne benn Ëro mooy ñaari téeméer ak ñeen-fukki EKO, lu ñuy wéral la ndax joxeeguñu njëg lu mujj gi.	وبما أنهم تحدثوا عن أن اليورو الواحد يعادل ألفين ومائتي إيكو فهو للتحقق لأنهم لم يحددوا القيمة النهائية.	Ne nous emballons pas, car l’éco est un moyen de dévaluer nos francs actuels, puisqu’on parle d’un euro pour 1200 écos à vérifier car ils n’ont pas précisé la valeur finale.	mafand	Senegalese News (MAFAND)
wo-ar-1100	Soxna si Kan la, moom miy jabaru jaaykatu dorog bu mag bi jënd benn ci bato yi yeboon kokaayin bi.	إنها السيدة كَنْ زوجة مهرب المخدرات الكبير الذي اشترى أحد الزوارق التي كانت تحمل الكوكايين.	Il s’agit de Madame Kane, l’épouse d’un narcotrafiquant qui a acheté l’une des vedettes qui convoyait la cocaïne.	mafand	Senegalese News (MAFAND)
wo-ar-0290	waaye Yàlla jub ak jëf la bëgg.	ولكن الله يحب الاستقامة والعمل.	Certe vous me direz que oui on a 95% de Muslims, 4% de chrétiens mais Dieu aime la droiture, et l'action.	mafand	Senegalese News (MAFAND)
wo-ar-1089	Bulo yi futbal nañu bu baax ndax ki ñu génne ci ndoorteelu futbal bi,	ولعب البلوز جيدا بفضل لاعب طُرد في بداية المباراة،	Bien aidé par une expulsion en début de match, les Bleus ont déroulé.	mafand	Senegalese News (MAFAND)
wo-ar-0618	Wax jooju daa juddu ànd ak ñëwug Maki.	ظهر هذا التعبير مع مجيء ماكي.	Cette expression est née avec l'avènement de Macky.	mafand	Senegalese News (MAFAND)
wo-ar-1114	Su jigéenu jullit bëgg a muuru, war na koo mën a def.	إذا أرادت المرأة المسلمة أن ترتدي الحجاب، فيجب أن تكون قادرة على ذلك.	Si une femme musulmane veut porter le voile, elle doit pouvoir le faire.	mafand	Senegalese News (MAFAND)
wo-ar-0498	Samp nañu ay laaj yu am solo ci tolluwaayu réew mi ak ëllëgam te gis nañu ci diir bu gàtt aw yoon.	لقد طرحنا أسئلة مهمة حول الوضع الحالي لبلدنا ومستقبله، وسرعان ما وجدنا طريقنا.	Nous nous sommes posés les bonnes questions sur l’état actuel de notre pays et son devenir, et nous avons vite trouvé notre voie.	mafand	Senegalese News (MAFAND)
wo-ar-1216	Kurél giy xeexal Bàmbiloor tey mettitlu naqaram ba léegi, bind na Njiitu réew mi ab bataaxal bu muy fésal ag ñàkk a àndam bu baax ci jépp jëf juy wut a nangu li xas tege seeni yoxo di seen moomeel (lu ñuy jëfandikoo, koom),	قد بعثت الخلية التي تقاتل من أجل بامبلور وهي لا تزال في حالة غضب رسالة إلى رئيس الجمهورية تعرب فيها عن معارضتها الشديدة لأي عمل من شأنه أن يسترد ما في أيديهم من المكاسب (ما تتناولها وتدخرها)،	La cellule de défense des intérêts de Bambilor qui rumine toujours sa colère, a adressé une lettre ouverte au président de la République dans laquelle elle fait part de sa détermination à s'opposer farouchement à tout acte susceptible de remettre en cause des acquis sociaux et économiques, des liens de parenté et de solidarité ou tout agissement ou décision de nature à mettre en danger notre survie et celle des générations futures.	mafand	Senegalese News (MAFAND)
wo-ar-0611	Seetal rekk, guddig weeru koor, ci ngelaw li, ñuy fanaane taxaw guddi ba bët set.	تأمل هذا، في ليلة رَمَضَانَ، في الرِيح، يقومون الليل كله.	Seetal rekk, guddig weeru koor, ci ngelaw li, ñuy fanaane taxaw guddi ba bët set.	mafand	Senegalese News (MAFAND)
wo-ar-1099	nit ñi nite saagawuñu sama mbokk mi bi mu joxee xalaatam.	لم يسب الأشخاص الناضجون أخي عندما أعطى رأيه.	Je pense que ce monsieur est libre de donner sa version des faits comme tout sénégalais mais parce qu’il ne partage pas la vision de soi-disant président Sonko qui est un parent Diola qu'on doit l'insulter et les gens murs n'ont pas insulté mon parent quand il a donné son avis.	mafand	Senegalese News (MAFAND)
wo-ar-1165	du leen tax a dellu ginnaaw mukk.	لن تجعلها تتراجع أبدا.	Un pouvoir qui marche sur des jambes cagneuses, tordues, un régime irisé, capable de changer en fonction des intérêts de quelques décideurs tapis dans l’ombre ne les feront jamais reculer.	mafand	Senegalese News (MAFAND)
wo-ar-0308	Ñàkk a jëmmal li jëwriñ ji yore wàllu ndox meek cetal gi xaatim, ñàkk a boolee liggéeykat yi nga xam ne lépp ñoom la ndax am pàcc boo xam ne dugal nañu ci seen loxo te bay nañu seen waar ci kuréel gi ñu war a taxawal.	عدم تجسيد ما وقع عليه رئيس وزارة المياه والصرف الصحي، وعدم إشراك الموظفين الذين فعلوا كل شيء لأنه كان هناك جزء ساهموا فيه وقاموا أيضاً بكل شيء تجاه الجمعية التي سيتم تأسيسها.	Non respect du protocole d’accord signé avec le Ministère de l’Hydraulique et de l’Assainissement (MHA) devenu Ministère de l’Eau et de l’Assainissement (MEA)Non implication des agents qui sont les acteurs principaux car futurs agents du repreneur dans le processus de création de la nouvelle société alors qu’ils en sont actionnaires.	mafand	Senegalese News (MAFAND)
wo-ar-0680	Franz Fanon mu jamonoom, Ali Sariyati, xam-xamam màcc ci dundug askan, joxe na leeral bu am solo ci baat bi di « boroom xam-xam bu am njàng » ci téereem bii di Xay ak dëppaleek jamono:	"قدم علي شريعتي، عالم الاجتماع وفرانز فانون عصره، توضيحا مثيرا لمفهوم المثقف في كتابه ""الحداثة والحضارة"":"	Le Franz Fanon de son époque, Ali Shariati, éminent sociologue, fait une clarification intéressante du concept intellectuel dans son livre intitulé civilisation et modernisation : Est intellectuel, celui qui est conscient de sa situation humaine dans le temps et l’espace historique et sociologique qui est le sien, et à qui cette conscience dicte un sentiment de responsabilité.	mafand	Senegalese News (MAFAND)
wo-ar-0101	Ci biir xeex bi la am kenn ci ñoom ku ci ame ay gaañu-gaañu yu metti.	وأثناء القتال أصيب أحدهم بجروح خطيرة.	Et c’est au cours de la bagarre que l'un d'eux a été grièvement blessé.	mafand	Senegalese News (MAFAND)
wo-ar-1036	fukk ak ñaar ci fukki réew ak juróom yi bokk xaalisu seefaa (CFA) ñu ngi leen boole ci réew yi seen nit ñi suqalikuwul dara, maanaam xeetu IDH wi mujj te PNUD xalaat ko;	تم تصنيف اثنتي عشرة دولة من أصل خمس عشرة دولة المشتركة في عملة سيفا ضمن الدول غير النامية؛ أي أحدث نوع IDH الذي صممه PNUD؛	Cette monnaie de plomb :– est un facteur du sous-développement : douze des quinze États africains de la zone franc sont classés parmi les pays à niveau de développement humain faible , soit la dernière catégorie de l’IDH conçu par le PNUD– ne favorise pas l’intégration régionale (moins de 10% du total des échanges commerciaux de ses pays membres)– représente un frein à l’attractivité de la zone (3% seulement des investissements directs étrangers (IDE) entrants en Afrique).	mafand	Senegalese News (MAFAND)
wo-ar-0547	Digé bor la.	الوعد دين.		MasakhaNER	Senegalese News (MasakhaNER)
wo-ar-0051	Dalalug Bruno Le Maire mënul nëbb màggetug xaralab njuréefu farañse yi mënul a dékku soxlaay waa farãas yi ci jamonoy fitna gi.	لا يمكن لدعوة برونو لو مير أن تخفي تقادم جهاز الإنتاج الفرنسي غير المستعد لتلبية الاحتياجات الفرنسية في أوقات الأزمات.	L’invite de Bruno Le Maire ne peut cacher la vétusté d’un appareil de production française qui n’est pas prêt pour répondre aux besoins exceptionnels en temps de crise.	mafand	Senegalese News (MAFAND)
wo-ar-0827	Usmaan Sónko, mi nga xam ne Mamadu Ja mooy royukaayam ci pólótig ba mu tudde ko sax béréb bi pàrteem bi nekk, ci baat yii la ko tënk : lan mooy nguur?	عثمان سونكو الذي جعل مامادو جا أيديولوجيته في السياسة لدرجة أنه أطلق عليه اسم مقر حزبه لخصها بهذه الكلمات: ما هي السلطة؟	Voter, pour ne citer qu’un exemple, est un devoir, dans la conception que je me fais de la démocratie, beaucoup plus qu’un droit, à tel point que l’esprit de la Constitution sénégalaise me semble exclure la possibilité, pour un citoyen, de faire acte de renonciation volontaire à la qualité de citoyen participant aux préoccupations de la politique de la Cité… Et Ousmane Sonko, qui fit de Mamadou Dia un de ses pères idéologiques en politique (D’ailleurs le siège de son parti porte son nom), l’étaye par ces mots : Et d’ailleurs, qu’est-ce le pouvoir si ce n’est simplement un sacerdoce, le serment de s’oublier et de se sacrifier pour sa patrie… Ce qui est indispensable à un leadership étatique de qualité, c’est d’avoir un bon background intellectuel et socioprofessionnel, une vision claire, une détermination à servir sa nation sur la base de l’intégrité, du désintéressement, du patriotisme, un cran indéfectible et une bonne équipe…… Ces définitions, loin d’être des idéaux seulement, sont omniprésentes dans les discours et les actes politiques de ces deux leaders.	mafand	Senegalese News (MAFAND)
wo-ar-1249	Siin a ngi dugal 44,6% te Farãas moom di dugal 5,3%.	حيث تستثمر الصين 44.6% بينما تستثمر فرنسا 5.3%.	Cette visite, perçue par un bon nombre d’observateurs comme une mise au point, intervient dans un contexte où le dernier bulletin mensuel des statistiques économiques de l’Agence nationale de la statistique et de la démographique (ANSD) nous informe que la part chinoise dans les investissements productifs agréés dans notre pays est de loin à 44,6% sur une échelle de 0 à 45 par rapport à celle de la France qui se situe à 5,3% sur la même échelle.	mafand	Senegalese News (MAFAND)
wo-ar-0149	Njiital kurélu basket gu Ndar-géej li fi nekk nii, Baaba Tànjãa nee na moom itam moo gën a am naqar ak lu ko metti, ndeke kenn ci ñi dëddu, bokkoon na ci mbooloom Leeral mi ñëwoon këram te Soxna Laaliya jiite woon ko ngir ay laaj ci basket bi.	قال الرئيس الحالي لنادي سانت لويس لكرة السلة، بابا تانجا، إنه يشعر بحزن وأسى أكبر لأن أحد الموتى كان من بين أعضاء فريق ليرل الحاضرين بقيادة السيدة لاليا إلى منزله لإجراء مقابلة حول كرة السلة.	L'actuel président de Saint-Louis Basket Club, Baba Tandian se dit d'autant plus abattu et peiné, que l'un des disparus, était venu dans sa maison avec une équipe de Leral, conduite par Mme Lalia, pour une interview sur le basket.	mafand	Senegalese News (MAFAND)
wo-ar-0776	Amuñu ruu ga, amuñu xadar ba, amuñu mën-mën ba wala xam-xam ba, amuñu tam xel ma.	ليست لديهم الروح ولا المزاج ولا القدرة أو العلم، وليس لديهم أيضا الذكاء.	Il n'en ont ni l'âme, ni le tempérament, ni la hauteur, ni l'intelligence, ni ni.	mafand	Senegalese News (MAFAND)
wo-ar-0543	Boo ko tëkkalee ak réew mi ñu nootoon, njiiti kujje gi duñu wax jëm ci këri soldaar yi waa Farãas am ci Afirig.	بالمقارنة مع الدولة التي استعمرتنا، لا يتحدث قادة المعارضة عن قضية القواعد العسكرية الفرنسية في أفريقيا.	Par rapport à l’ancienne puissance coloniale, les ténors de cette frange de l’opposition se dérobent sur la question des bases militaires françaises en Afrique.	mafand	Senegalese News (MAFAND)
wo-ar-1102	Bi ñu leen fekkee ñu yore njureef li rekk, lañu leen song ngir jàpp leen.	بمجرد العثور عليهم وهم يحملون المنتج، تمت مهاجمتهم للقبض عليهم.	Dès qu'ils ont été trouvés porteurs du produit, l'assaut a été donné pour leur interpellation.	mafand	Senegalese News (MAFAND)
wo-ar-0954	Njiital tele bi, li ame màndargam joxe ak moomeel gi ci aju, moom ci boppam, déglu nañu ko.	تم الاستماع إلى مديرة التلفزيون التي تمتلك العلامة التجارية للنشر وحقوقه.	La directrice de la télé, qui porte son statut de diffuseur et d’éditeur, a, elle aussi, été auditionnée mais a pu, après, rentrer chez elle.	mafand	Senegalese News (MAFAND)
wo-ar-0562	Askan wiy jëfandikoo xaalis boobu kenn laaju ko ci jëfandiko gi.	لم تتم استشارة الشعب الذي سيستخدم هذه العملة بشأن استخدامها.	Sans Salah ni Firmino, les Reds ne parvenaient pas à faire trembler Ter Stegen, et c’est Messi qui passait à plusieurs reprises, par ses tirs ou ses passes, proche de provoquer l’égalisation.	mafand	Senegalese News (MAFAND)
wo-ar-0070	Ci ab woneb biir bu nu fésal ci njiit yi, te bérébu liggéeyukaay bii di Financial Times, mi doon mbër ci wàllu ñam seet ko, nangu na ne lu ëpp juróom-benn-fukk ci téeméer boo jël (60%) ci meññeefam yu mag yi ñam yi ñuy lekk ak naan yi, àndul ak ni nu tërale wér-gi-yaram.	في عرض تقديمي داخلي تم بثه على المدراء، واطلعت عليه شركة فاينانشيال تايمز، العملاقة في صناعة الأغذية، أقرت الأخيرة بأن أكثر من ستين بالمائة 60٪ من منتجاتها الغذائية الرئيسية والمشروبات لا تلبي تعريفا معترفا به للصحة.	Dans une présentation interne diffusée aux cadres dirigeants, vue par le Financial Times, le géant de l'alimentation reconnaît que plus de 60% de ses grands produits de consommation et boissons ne répondent pas à la définition de santé et que certaines de nos catégories ne seront jamais saines, quelle que soit la façon dont le groupe les reformule, comme rapporté par nos confrères britaniques.	mafand	Senegalese News (MAFAND)
wo-ar-0099	Ci lu jëm ci njëlbéenu sas wi, man de seet naa waaye gisuma dara.	فيما يتعلق بالتكليف الأول، لقد بحثت شخصيا ولكن دون جدوى.	En ce qui concerne le premier critère, personnellement j’ai beau cherché mais en vain.	mafand	Senegalese News (MAFAND)
wo-ar-0900	borom xam-xamu diine cig ngoneem, xam-xamu fàddu cig ndawam, ak amal cig màggataayam.	اللاهوتي في طفولته، وعلم الميتافيزيقية في شبابه، والوضعية في شيخوخته.	En effet Comte considère que l’esprit humain, par nature, utilise, à la suite les uns des autres, ces trois états afin de penser : théologien dans son enfance, métaphysicien dans sa jeunesse et physicien dans sa virilité .	mafand	Senegalese News (MAFAND)
wo-ar-1267	def liggéey ba ca war (dekere wala yoon).	للقيام بما يفترض أن يقوموا به (مرسوم أو قانون).	En effet, si, comme ??? il veut le faire croire, le décret remis aux agents de l’administration est un faux, cela voudrait dire que l’autorité de l’Etat et par ricochet celle du Président de la République s’est tellement affaissée que des individus s’autorisent allègrement sous son régime à mettre à la disposition des agents de l’Etat une fausse base de travail (décrets et probablement lois).	mafand	Senegalese News (MAFAND)
wo-ar-0166	Wala ci Senegaal ! Dale ci Seŋoor, A. Juuf, Laay Wàdd fekke nanu nun ñépp ay mbooloo yu mësul am, waaye seen mujjantal su ñëwee, dara du leen mën a aar !!	أو في السنغال، من سنغور، وأ. ديوف، إلى لاي واد، شهدنا جميعا حشودا لم يسبق لها مثيل، ولكن عندما تنتهي مدتهم، لن يحميهم شيء!	ou au Senegal !De Senghor, A. Diouf, Laye Wade, nous sommes tous temoins des foules jamais egales, mais quand leur terme arrive a fin, rien ne vous protegera !!	mafand	Senegalese News (MAFAND)
wo-ar-1198	Ñaari at a ngi nii, Alasaan Watara mu ngi wut jàppale gu sax dàkk ci Emmanuel Macron,	يسعى الحسن واتارا منذ عامين إلى الحصول على دعم الثابت من إيمانويل ماكرون،	Depuis deux ans, Alassane Ouattara cherche le soutien indéfectible d’Emmanuel Macron, car il serait le seul capable de garantir la stabilité et la sauvegarde des intérêts français.	mafand	Senegalese News (MAFAND)
wo-ar-1199	ndax moom rekk mooy ki war a mën a amal ag dal te sàmm lépp lu fa Farãas mën a jële.	لأنه سيكون الوحيد القادر على ضمان الاستقرار وحماية كل ما يمكن أن تأخذه فرنسا منها.	Depuis deux ans, Alassane Ouattara cherche le soutien indéfectible d’Emmanuel Macron, car il serait le seul capable de garantir la stabilité et la sauvegarde des intérêts français.	mafand	Senegalese News (MAFAND)
wo-ar-0018	Ak ndimbalu mbooloom kurélu sàndarma yiy feelu, waa Cynogroup ak waa GIGN, kurélu sowu moo jàpp ab lim bu takku ciy ngànnaay yu yéeme yu mel ni asib, diliyãa ak itam siyaaniir.	بمساعدة وحدات من فيلق الدرك للتدخل وعناصر من Cynogroup وGIGN، استولى الفيلق الغربي على عدد كبير من الأسلحة البيضاء مثل الحمض والمُخَفِّف والسيانيد.	Avec l'aide des unités de la Légion de Gendarmerie d'Intervention, des éléments du Cynogroup et du GIGN, la Légion Ouest a saisi un nombre important d'armes blanches mais, a aussi démantelé un lieu de reconditionnement de produits dangereux notamment de l'acide, du diluant et du cyanure.	mafand	Senegalese News (MAFAND)
wo-ar-0330	Ginnaaw fukk ak benneelu rëcc bu kooku ñu tëj kaso te mu siiw lool, njiital kaso yi fii ci Ndakaaru, Mbay Saar moo ci jëkk a yëkkati kàddu.	بعد هروب السجين سيئ السمعة للمرة الحادية عشرة، كان رئيس السجون في داكار، امباي سار، أول من تحدث عن الأمر علنا.	Aprèsla douzième évasion du célèbre prisonnier, l'Inspecteur Régional del'Administration Pénitentiaire de Dakar (IRAP) Mbaye Sarr est le premierà réagir.	mafand	Senegalese News (MAFAND)
wo-ar-1116	Naka la SONES mi nga xam ne, moom moo war a saytu liggéeyu këru liggéeyukaay gi yore ndox mi léegi, di amee ab cër ci këru liggéeyukaay googule ?	كيف يمكن لشركة SONES التي من المفترض أن تشرف على شركة المياه الجديدة أن تكون مساهما في تلك الشركة؟	Comment la SONES qui est censée contrôler le nouveau repreneur peut être actionnaire dans cette société ?	mafand	Senegalese News (MAFAND)
wo-ar-0825	Wote, ngir wane benn niral rek, yelleef la ci gisin bi ma am ci demokaraasi, maanaam réew moo xam ne askan wi ñooy fal ak a folli.	فالتصويت، على سبيل المثال لا الحصر، واجب في تصوري للديمقراطية؛ أي دولة ينتخب ويخلع شعبها.	Voter, pour ne citer qu’un exemple, est un devoir, dans la conception que je me fais de la démocratie, beaucoup plus qu’un droit, à tel point que l’esprit de la Constitution sénégalaise me semble exclure la possibilité, pour un citoyen, de faire acte de renonciation volontaire à la qualité de citoyen participant aux préoccupations de la politique de la Cité… Et Ousmane Sonko, qui fit de Mamadou Dia un de ses pères idéologiques en politique (D’ailleurs le siège de son parti porte son nom), l’étaye par ces mots : Et d’ailleurs, qu’est-ce le pouvoir si ce n’est simplement un sacerdoce, le serment de s’oublier et de se sacrifier pour sa patrie… Ce qui est indispensable à un leadership étatique de qualité, c’est d’avoir un bon background intellectuel et socioprofessionnel, une vision claire, une détermination à servir sa nation sur la base de l’intégrité, du désintéressement, du patriotisme, un cran indéfectible et une bonne équipe…… Ces définitions, loin d’être des idéaux seulement, sont omniprésentes dans les discours et les actes politiques de ces deux leaders.	mafand	Senegalese News (MAFAND)
wo-ar-0274	Nit koo xam ne amul xol ba bañ a fekke robub nit ki fexe ba xettali Senegaal ci yoxoy Maki Sàll.	رجل بلا قلب لدرجة عدم حضور جنازة الشخص وجد طريقة لإنقاذ السنغال من يدي ماكي سال.	Bassirou gueye n'etait meme pas présent aux obsèques de feu samba sall lui ce quel genre de personne, un homme sans coeur sokhor jusqu'à ne pas assister à l'enterrement de la personne qui a sauve le Sénégal des bras de macky sall	mafand	Senegalese News (MAFAND)
wo-ar-0035	Bile xew-xew dina tax ba waa Senegaal bàyyi xel juuwaloo gi am ci koppari ñaari këri njëwriñ yi.	ويتيح هذا الحدث للسنغاليين ملاحظة عدم اتساق الكامن في أرصدة الوزارتين.	Cette situation permet au Sénégalais de noter une incohérence au niveau des soldes des deux ministères.	mafand	Senegalese News (MAFAND)
wo-ar-0418	Te li mbuxumkati koppar yooyu di def, teguwul ci yoon.	وما يقوم به هؤلاء المختلسون غير قانوني.	Les récentes sorties de Macron et de Guterres sont on ne peut plus claires : l’Afrique est le prétexte pour les organisations mondiales tutélaires de mobiliser énormément de ressources.	mafand	Senegalese News (MAFAND)
wo-ar-0614	Ab TABURE.	مقعدٌ.	un TABOURET?	mafand	Senegalese News (MAFAND)
wo-ar-0253	Ndax dégguñu fi xibaar yuy feeñal ci lu wér ne baykat yi ay nagi ratt lañu?	ألم نسمع هنا أخبارا توضح بما فيه الكفاية أن المزارعين بقرة حلوب؟	N’a-t-on pas entendu récemment des déballages à ce sujet qui démontrent à suffisance combien le paysan est devenu une vache à lait ?	mafand	Senegalese News (MAFAND)
wo-ar-0821	Réewi CEMAC yi dañu lànk a yeesalaat jokkalante gi dox seen digganteek Farãas te mu def lu tollook juróom-ñaar-fukki at ak juróom.	رفضت دول CEMAC تجديد ارتباطها بفرنسا الذي دام خمسة وسبعين عاما.	Les pays de la CEMAC refusent de reconduire les accords vieux de 75 ans, qui les lient à la France et l’euro qui se fait rare sur leurs marchés.	mafand	Senegalese News (MAFAND)
wo-ar-0927	ndax woteb falu njiitu réew ci déndu Afirig bi, mooy des di mel ni mu mel rekk.	لأن الانتخابات الرئاسية في أفريقيا تظل كما هي.	Mais nous ne pouvons manquer d’attirer votre attention sur les épreuves qui vous attendent et vous le savez certainement parce qu’une élection présidentielle en Afrique reste ce qu’elle est.	mafand	Senegalese News (MAFAND)
wo-ar-0939	Ngir dëgëral beddeeku gi am ci anam wu rafet, njiit li, Sàll xaarul ngir jox jaarukaay buy musal beddikat yi ngir taaral ag jiitoom ak gëm-gëmam, mu melal beddikat yi niki jàngoro juy nasaxal sunu pólótig yi.	ولتعزيز هذا التفكك الحاصل بشكل جيد، لم ينتظر الرئيس سال لتقديم مخرج طارئ للمُنشقين من أجل تجميل زعامته ومبادئه ووصَفَهم كمرض ينخر سياستنا.	Pour consolider cette désintégration plutôt bien réussie, le président Sall n’a pas hésité à offrir une issue de secours aux transhumants pour asseoir son leadership au détriment de ses principes, en assimilant la transhumance à une pathologie gangrenant notre système politique.	mafand	Senegalese News (MAFAND)
wo-ar-1150	Bi ñu boolee li kujje gi am ci xob ak xobi ñi demul woteji, Njiit li falu na ak li gën a néew ci ñi bindu woon ci wote yi.	تم انتخاب الرئيس بأقلية من الذين سجلوا للتصويت بعدما قمنا بإضافة إجمالي عدد أصوات المعارضة إلى أصوات الممتنعين عن التصويت.	En effet, en cumulant le total des voix de l’opposition aux voix abstentionnistes, le Président se retrouve élu par une minorité du corps électoral.	mafand	Senegalese News (MAFAND)
wo-ar-1048	Nañu fàtteli ne Senegaal dina fay, ci tono (entere, maanaam xaalis buy yokku ci boram), ñetti téeméeri milyaar ak juróom-benn-fukk au juróom ci seefaa atum 2020, ni ko naalu yoonu xaalis bu 2020 fésalee.	لنُذَكر بأن السنغال ستدفع كفوائد (فائدة، أي الأموال المضافة إلى ديونها) ثلاثمائة وخمسة وستين مليار سيفا في عام 2020، وفقا لمشروع قانون المالية لعام 2020.	Rappelons que le Sénégal projette de payer 365 milliards de Francs CFA en intérêts sur sa dette publique en 2020, selon le projet de loi de finances initiale 2020.	mafand	Senegalese News (MAFAND)
wo-ar-0779	Dañu doon faral di wax kàddu gii: mooytuleen ki war a fey lempo ki;	اعتدنا أن نقول هذه الكلمات: احذروا الدافع للضريبة؛	Dañ nu doon faral di waxkàddu gii: mooytuleen contribuable bi (ki war a fey lempo) ; dafa ñor, day njuuj-njaaj, day nëbbutoppdi la ko waxak a waxaat.	mafand	Senegalese News (MAFAND)
wo-ar-0738	Ni ki La signare, dafay yóbbu njiiti Senegaal yi ak gan yu am solo yi diggante Dakaar ak Gore, ci anam yu ànd ak kaaraange gu àdduna yépp nangu ne noonu la war a mel.	مثل لا سي انجاريه الذي ينقل السلطات السنغالية وكذلك الضيوف المميزين بين داكار وغوريه في ظروف آمنة يقبلها العالم.	La vedette Sea Premium 100 baptisée Fatick, qui n’est donc pas un yacht pour promenades présidentielles, est destinée, comme La Signare, à transporter les autorités sénégalaises, ainsi que les hôtes de marque, de Dakar à l’île de Gorée, dans les conditions standard modernes de sécurité.	mafand	Senegalese News (MAFAND)
wo-ar-0816	Nekkoo dàllinkooru ekib yiy futbal ca Angalteer.	لستَ بطلَ الأندية الإنجليزية.	tu n'es pas champion des clubs anglais, mais champion des clubs européens, avec un record de clean sheets.	mafand	Senegalese News (MAFAND)
wo-ar-0713	Nas bii, ci lu leer nàññ, dëppoowul ak yoon ndax ni ñu ko móole, dafa desee leer.	إن هذا المشروع غير دستوري بشكل صارخ لأن صياغته غامضة.	Ce projet est de manière flagrante anticonstitutionnel en ce qu’il procède d’une rédaction très vague qui vise à doter le Président d’une habilitation à légiférer, en toutes matières, par ordonnances.	mafand	Senegalese News (MAFAND)
wo-ar-1066	Wànte yéenekaay bi xamle na ne kilifa yi tàmbali nañu ay waxtaan ngir jàmm dellusi.	ولكن أبلغت الصحيفة أن السلطات بدأت مفاوضات لاستعادة السلام.	Mais, indique le journal, les autorités ont engagé une médiation pour une issue heureuse.	mafand	Senegalese News (MAFAND)
wo-ar-0695	Ki nekkoon ab wottukat ca OM te mu war a def ab BEPF ci atum ren mi, dafa taamu jàll ci pàcc bi nekk ci diggante bi.	اختار مدافع فريق OM السابق الذي سيجتاز هذا الموسم BEPF اتخاذ خطوة وسيطة.	L'ancien défenseur de l'OM, qui passera le BEPF cette saison, a décidé de passer par une étape intermédiaire.	mafand	Senegalese News (MAFAND)
wo-ar-1044	waaye saasenegaal yi wone nañu ag jàmbaar gu mat sëkk, wone nañu ne ñoo mën saakeeñaa yi,	ولكن السنغاليين أظهروا تفوقهم، وأثبتوا أنهم أفضل من الكينيين،	Car si le score ne peut être considéré comme flatteur, tant les Sénégalais se sont montrés supérieurs aux Kényans, il ne reflète pas les difficultés rencontrées par les Lions de la Téranga qui encore une fois ont connu toutes les peines du monde pour concrétiser leurs occasions.	mafand	Senegalese News (MAFAND)
wo-ar-0980	Sama baay, ndem-si-Yàlla Mamadu, doonoon na xaritu Seex Beeco Cuun mi mu bokkaloon dëkk ak liggéey ci jamonoy 60, niki ay jàngalekat ci dëkku-kaw gi, Añag ca Kaasamaas.	كان والدي، المرحوم مامادو، صديقا للشيخ بيجو تيون الذي عاش وعمل معه في الستينيات كمدرسين في قرية أنجاك في كازامانس.	Mon père, feu Mamadou, fut très amis avec le Cheikh Bethio Thioune avec lequel il a habité et servi dans les années 60 comme enseignants dans le village de Agnak en Casamance.	mafand	Senegalese News (MAFAND)
wo-ar-0500	Càmbar nañu dogal bu 2005,	قمنا بتحليل مرسوم 2005،	On a travaillé sur le décret de 2005, on a dit que ce n’est pas bon.	mafand	Senegalese News (MAFAND)
wo-ar-1140	Bit bi arbiit bi bañal Jaraaf, bu doon Kamërun dinañu ko nangu.	الهدف الذي ألغاه الحكم لغراف كان سيُحتسب لو كان من الكاميرون.	Ce but que l'arbitre a refusé au Jaraaf aurait été accordé sur le sol camerounais.	mafand	Senegalese News (MAFAND)
wo-ar-0381	Njureef li wone na ne am na kenn ku dee, ak fukk ak juróom yu ci am ay gaañu-gaañu, te ñaar ci ñoom, sonn nañu lool, loolu la Seneweb xamle.	وأفاد سينيويب أن التقديرات تشير إلى مقتل شخص واحد وإصابة خمسة عشر آخرين، من بينهم اثنان في حالة خطيرة.	Le bilan fait d'un mort et 15 blessés dont 02 dans un état grave, a appris Seneweb.	mafand	Senegalese News (MAFAND)
wo-ar-0973	Ci jamono jooju, waa Senegaal a ngi desoon seen kër ci jàmm, cig buqat ak tóoy yu teguwul ci kanamu tëj gi.	ظل السنغاليون في تلك اللحظة هادئين في بيوتهم في جبن وضعف لا يليق في مواجهة عملية السجن.	Pendant ce temps-là, les sénégalais restent tranquillement chez eux, dans une couardise et une pusillanimité indignes devant l’emprisonnement de.	mafand	Senegalese News (MAFAND)
wo-ar-1218	Sàll miy xoole Meetar Wàdd gëti gu ñu bëgg lool, dëñul ci wax ne Wàdd moomu, warul woon a jéem a am ñetteelu ay.	لم يزل سال، الذي ينظر إلى وادْ بعيون شخص معجب به بشدة، يقول إنه ما كان ينبغي لوادْ أن يحاول الترشّح لولاية ثالثة.	Sall très admiratif de Maître Wade, ne cesse de marteler que ce dernier n’aurait jamais dû tenter de briguer un troisième mandat.	mafand	Senegalese News (MAFAND)
wo-ar-0770	Njiitu réew mi Maki Sàll wane na bëgg-bëggam ngir def mbir mi bu jógee ci boppu réew mi.	أعرب الرئيس ماكي سال عن رغبته في القيام بذلك بعد نهاية ولايته.	Le président Macky Sall est allé jusqu’à s’engager à faire ce même exercice à la fin de son mandat (cf.	mafand	Senegalese News (MAFAND)
wo-ar-0959	Jigéen ñooñu, war nañoo bokk ci ñiy jël dogal yi, ci joxe xalaat yi,	يجب أن تشارك هؤلاء النساء في صنع القرار وتقديم الأفكار،	Elle doivent participer à la prise de décision, à la réflexion, et leurs idées doivent être prises en compte dans les programmes des partis politiques qui souhaitent gouverner.	mafand	Senegalese News (MAFAND)
wo-ar-0263	Li ñuy jeexalee mooy ñu amal wote yi ci waxtu wi.	وما نختتم به هو ليُعقد الانتخابات الرئاسية في موعدها.	Nous en profitons enfin pour exiger le respect du calendrier républicain.	mafand	Senegalese News (MAFAND)
wo-ar-0723	Njiit yi dégluwuñu ñi seen xam-xam màcc ci wàll wi ngir xam lan mooy seen njàmbat.	لم تستمع السلطات إلى الفنيين لمعرفة ما يعانون منه.	Les techniciens ont souligné que les risques sont nombreux mais les autorités ne leur ont jamais prêté l'oreille pour savoir ce dont ils souffrent.	mafand	Senegalese News (MAFAND)
wo-ar-0087	Donte am na ay woroo ak ay jëf yu ñaaw, terewul amal na doxalin wu am solo wu mëna a jañ Senegaal ci yoon wu baax wi, ci lu dul dëñ.	حتى وإن كانت هناك مخالفات وممارسات بغيضة، إلا أنها خلقت ديناميكية جيدة يمكنها بلا شك أن تدفع السنغال إلى الاتجاه الصحيح.	Meme s'il y a eu des malversations et des pratiques reprehensibles, n'empeche il a impulse une bonne dynamique qui pouvait indeniablement faire bouger le Senegal dans la bonne direction.	mafand	Senegalese News (MAFAND)
wo-ar-1231	Liggéeykati meeri yi wone nañu ne mënuñu, lajj nañu ci seen sas wi.	أظهر عمال البلدية محدوديتهم وفشلوا في مهمتهم.	L'équipe municipale a montré ses limites et a failli a sa mission.	mafand	Senegalese News (MAFAND)
wo-ar-1118	Lu yées menn at ginnaaw bi ñu ko sosee, Xaalis bi ñu teg ci loxol saasenegaal bile di Mamadu Mbay, jur na ay ndefar yu bare yu ñu mën a tiitaroo.	حقق الصندوق الموكل إلى السنغالي ماماد امباي العديد من الإصلاحات التي يمكننا أن نتباهى بها بعد أقل من عام على إنشائه.	Moins d’une année après sa création, le Fonds dirigé par le Sénégalais Mamadou Mbaye peut déjà se vanter de plusieurs réalisations.	mafand	Senegalese News (MAFAND)
wo-ar-0857	Yàlla na Yàlla teeru leen ca aljana ya.	أدخلهم الله جنته.	Puisse Dieu les accueillir dans son paradis et aider Cheikh Saliou Thioune dans ses nouvelles responsabilités.	mafand	Senegalese News (MAFAND)
wo-ar-0937	limu yokkute gi yées fukk ci téeméer boo jël (10%),	معدل التضخم أقل من عشرة (10%) من الناتج المحلي الإجمالي (PIB)،	Une condition sine qua none fixée aux pays souhaitant faire partie de la future zone monétaire est la satisfaction des critères dits de convergence :– Dette publique inférieure à 70% du PIB ;– Déficit budgétaire inférieur à 3% du PIB ;– Taux d’inflation inférieur à 10% ;– Réserves de change couvrant au moins 3 mois d’importation ;– Etc.	mafand	Senegalese News (MAFAND)
wo-ar-0162	Kiy jëmmal mbooloom ndawi futbalkati réewum Portugal mi yëkkëti na màndargaam joŋante réew yi ci atum 2019 te ñoom ñu amoon ci ndam ci kanamu Pays-Bas.	رفع قائد منتخب البرتغال كأس دوري الأمم في 2019، التي فازوا بها على حساب هولندا.	Le capitaine du Portugal soulève avec ses coéquipiers le trophée de la Ligue des nations 2019, remporté face aux Pays-Bas.	mafand	Senegalese News (MAFAND)
wo-ar-0090	Yàlla na Yàlla musal Senegaal.	الله يحفظ السنغال.	Que dieu sauve le Sénégal.	mafand	Senegalese News (MAFAND)
wo-ar-1223	Ci noonu la fàtteli ne Senegaal, ci at yu mujj yii, jéem naa ràññeeku ci dugal xaalis bu lalu ci diineey lislaam.	وهكذا ذكر أن السنغال حاولت في السنوات الأخيرة أن تميز نفسها في تقديم صناديق تمويل على أساس الدين الإسلامي.	Il a ainsi rappelé que le Sénégal a essayé ces dernières années de se distinguer dans la promotion de la Finance islamique.	mafand	Senegalese News (MAFAND)
wo-ar-0319	waaye Dibala moo leeral yoon wi.	لكن ديبالا أضاء الطريق.	Un match un peu décevant mais la lumière est venue de Dybala.	mafand	Senegalese News (MAFAND)
wo-ar-0075	Du mën a bokkaat ci atum 2024.	لن يتمكن من الترشح مرة أخرى في عام 2024.	il ne pourra pas se representer en 2024. il n'a pas ecouter les consignes de serigne Mountakha?	mafand	Senegalese News (MAFAND)
wo-ar-1208	loolee nag, du li am ba doy ci dénd bi fi mu nekk nii.	وهذا لا يحدث بما فيه الكفاية في القارة في الوقت الحالي.	Mais pour remplir pleinement son rôle, l’assurance se doit d’être inclusive: ce qui n’est pas suffisamment le cas pour le moment sur le continent.,	mafand	Senegalese News (MAFAND)
wo-ar-0034	Ñi ci bokk ak ñi ci wàllsi, mën na ñoo am ak cànt juge ci xol ngir liggéey bu am solo bi ñu jot a amal.	يمكن للمشاركين والمؤيدين الحصول على شكر من القلب على العمل الجبار الذي قاموا به.		MasakhaNER	Senegalese News (MasakhaNER)
wo-ar-0309	Ñépp a ngi wax ci lii nga xam ne ba tay am na lees waxul.	الجميع يتحدث عن هذا الموضوع الذي لا يزال يكتنفه الغموض.	Tout le monde parle de ce sujet qui laisse planer un mystère.	mafand	Senegalese News (MAFAND)
wo-ar-0459	Doomu Esipt bi am fan-weeri at ak ñeent nëbbul taamug Puma mi boole ci digaaleb siiwal bi payug tukki yi soxal ab liggéeyam.	لم يخفِ المصري البالغ من العمر ثلاثة وأربعين عاما تفضيله لشركة بوما التي أدرجت، في عقد الرعاية، نفقات سفره في رحلة العمل.	L’Égyptien de 34 ans ne cache pas sa préférence pour Puma, qui avait inclus ces frais de voyages professionnels dans son package de sponsoring.	mafand	Senegalese News (MAFAND)
wo-ar-0892	Te noppi nanu ngir bokk ak yéen sunu xam-xam, la Ibraayima Ñaan dëggal, kenn la ci ñi ŋànk këlëb bi.	أكد إبراهيم انيانغ، أحد مؤسسي النادي، أنهم على استعداد لمشاركة معارفهم.	Et nous sommes prêts à partager notre savoir, rassure Ibrahima Niane, l’un des responsables du club.	mafand	Senegalese News (MAFAND)
wo-ar-1054	Bi Demburu di woo pël ñi, fekkoon na Sónko woo waa Kaasamaas ba pare.	عندما اتصل دِيمْبُر بالفولانيين، قد اتصل سونكو بالفعل بكازاماسيين.	Quand dembourou appelait les peulhs, sonko a fait son appel à la Casamance bien avant.	mafand	Senegalese News (MAFAND)
wo-ar-0858	Yàlla na Yàlla dimbali Sëriñ Saaliw Cuun ci yenam biy soog a door.	وفق الله الشيخ صالح جون في مسؤولياته الجديدة.	Puisse Dieu les accueillir dans son paradis et aider Cheikh Saliou Thioune dans ses nouvelles responsabilités.	mafand	Senegalese News (MAFAND)
wo-ar-0103	Sama goro bi gëmoon na ne mën naa koo dimbali mu taxawal kurélu pólotig gi Farãas ca Il dë Farãas ba.	كان صهري مقتنعا بأنني أستطيع المساعدة في تأسيس الحزب في فرنسا، في إيل دي فرانس.	Mon beau frère avait la conviction que je pouvais beaucoup aider à l’implantation du parti en France, plus précisément en Île de France.	mafand	Senegalese News (MAFAND)
wo-ar-1187	Mbégte mi ma am ci ndam li, mbégte du ko gën a rëy.	وسعادتي بهذا الفوز لا مثيل لها.	C’est sensationnel comme victoire, je ne pourrais pas être plus heureux.	mafand	Senegalese News (MAFAND)
wo-ar-0800	moone Usmaan Sónko laaj na leen ay laaj yu ñu tontoogul ba tey.	ومع ذلك سألهم عثمان سونكو أسئلة لم يجيبوا عنها بعد.	Le dénigrement et la diabolisation constituent ainsi les seuls arguments dont ils disposent face aux interpellations d’Ousmane SONKO.	mafand	Senegalese News (MAFAND)
wo-ar-0133	Te mu araftu àndandoom yi : dinanu dem ci wote yi ci turu Bennoo Bokk Yaakaar (BBY).	"وحذّر حلفاءه قائلاً: ""سنذهب إلى الانتخابات تحت راية بينو بوك ياكار (BBY)""."	Et de prévenir ses alliés : Nous irons aux élections sous la bannière de Benno Bokk Yakaar (BBY).	mafand	Senegalese News (MAFAND)
wo-ar-0007	Naka la dayob Maamur JÀLLO, ci lu mat, tegu te am xel nangu ko, mën cee beddeeku ci lu jëm ci ñaari jëfi nangu yi nga xam ne ag amam, kurélu ndawi péncu réew mi nangu nañu ko ?	كيف يمكن إسقاط مسؤولية مامور ديالو بشكل كلي وقانوني ومعقول، فيما يتعلق بعقدي الإذعان اللذين تعترف اللجنة البرلمانية بوجودهما؟	À ce stade, une question cruciale s’impose: comment la responsabilité de Mamour Diallo peut-elle être entièrement, légalement, raisonnablement, écartée,en ce qui concerne les 2 actes d’acquiescements dont l’existence est reconnue par la commission parlementaire ?	mafand	Senegalese News (MAFAND)
wo-ar-0787	Tëggin yu mel ni yu Usmaan Sónko, mu tegu ci gëm-gëm bu dëggu te amul benn njuuj-njaaj wala waxtaan ba juboo.	إصلاحات مثل إصلاحات عثمان سونكو التي تستند إلى مبادئ حقيقية دون أي حيل أو تنازلات.	Pour y arriver Mame MBAYE demeure convaincu que la réalisation effective du projet de société, à l’image du président Ousmane SONKO, passe par la haute conscience de la défense des principes dans la vérité et sans compromission aucune.	mafand	Senegalese News (MAFAND)
wo-ar-0506	Dem ak dikk bi, payug wàcc ci réew, njëgu sampug xàmmeekukaay yi, kerosen bi ak njëgu toppatoo bi, lépp tollu na ci fan-weeri milyoŋ ci xaalisu Seefaa.	تبلغ تكلفة الرحلة ذهابا وإيابا، وثمن الهبوط في البلاد، وتكلفة وضع العلامات، والوقود، وتكلفة العناية بها ثلاثين مليون سيفا.	En aller-retour, entre la taxe d’atterrissage, le coût du balisage, le carburant et les frais d’assistance, c’est trente (30) millions de francs Cfa.	mafand	Senegalese News (MAFAND)
wo-ar-0272	Basiiru Géy ñëwul woon sax ci robub Sàmba Sàll.	لم يكن بَشير غِي حاضرا حتى في جنازة سامبا سال.	Bassirou gueye n'etait meme pas présent aux obsèques de feu samba sall lui ce quel genre de personne, un homme sans coeur sokhor jusqu'à ne pas assister à l'enterrement de la personne qui a sauve le Sénégal des bras de macky sall	mafand	Senegalese News (MAFAND)
wo-ar-0783	sàkku ñu defaral ñu ay jumtuwaay yu baax,	وأن نطالب بإيجاد وسائل جيدة،	Nous devons exiger la transparence dans la gestion de nos sous, exiger des services de base corrects, exiger que les ressources soient mieux distribuées, bref exiger et obtenir la prise en compte de nos préoccupations, et que celles ci soient placées au cœur des politiques du gouvernement.	mafand	Senegalese News (MAFAND)
wo-ar-1134	Nee na baaxul ci ab lawax wala am njiitu réew muy wax ci mbir yooyu ci anam yu àndul ak benn teggin.	وقال إنه ليس من الجيد للمرشح أو الرئيس أن يتحدث عن تلك القضايا دون أدب.	Il se dit qu’il n’est pas bon pour un candidat ou pour un président de poser ces questions de manière frontale.	mafand	Senegalese News (MAFAND)
wo-ar-1242	Senegaal def na li waroon bi mu dajee ak ekibu Keeñaa, bu àndoon ak pasteef lool te soxlawul woon lu dul temboo rekk ngir jàll, bokk ci ñetteel yi gën, ginnaaw bu Marog daane Afirig di Sidd (Afrique du Sud) benn bit ci dara.	أنجزت السنغال ما كان عليها عند ما واجهت كينيا التي كانت في غاية الجدية ولم تكن تحتاج إلا إلى التعادل للتأهل ضمن أفضل الثوالث بعد هزيمة جنوب أفريقيا أمام المغرب بهدف مقابل لا شيء.	Face à une équipe du Kenya à qui un nul aurait suffi pour se qualifier parmi les meilleurs troisièmes après la défaite de l’Afrique du Sud face au Maroc (0-1) et qui s’est montrée très accrocheuse, le Sénégal a assuré l’essentiel.	mafand	Senegalese News (MAFAND)
wo-ar-0027	Binu jàngee sa sàkku dàqug kókkali, seetlu nanu yëngu ndaw ñi am ay mbébét yu oyof.	لقد لاحظنا حين قرأنا طلبك الساخر بشطب اسمك من القائمة هياجَ الشباب ذوي الطموحات الضئيلة.	Quel gâchis !En lisant votre demande de radiation ironique, nous avons remarqué l’agitation de jeunes à ambition leste.	mafand	Senegalese News (MAFAND)
wo-ar-0591	Ñu xam ko ci ñàkk a ànd ci xaalisu Seefaa, dafa tàmbalee ay waxam ak cosaanu xaalis bi.	يبدأ الكاتب المعروف بمعارضته لعملة سفا أقوالَه بأصل العملة.	Connu pour son opposition à la monnaie CFA, il commence tout d’abord par en déterminer les fondements historiques.	mafand	Senegalese News (MAFAND)
wo-ar-0454	Wax na tamit yërmande bi am tey bokk ak doomi Senegaal yi nekk bitim réew seen mettit wi, te réew yi leen dalal, mbas mu law mi fépp sonal leen lool,	وأعرب أيضا عن تعاطفه وتضامنه مع الجاليات السنغالية التي تضررت بلدانها المضيفة بشدة من الجائحة،	Il a également exprimé sa profonde compassion et sa totale solidarité à l’attention des Sénégalais de la diaspora dont les pays d’accueil sont durement touchés par la pandémie avant de rendre un hommage mérité au personnel médical et paramédical malgré les limites de leurs moyens de travail.	mafand	Senegalese News (MAFAND)
wo-ar-0979	B. Juuf wone na ne ci jamonoy yoon wi, la doon daw xël yu metti.	كشف ب. ديوف أنه خلال الطريق كان يقود بسرعة عالية.	B. Diouf indique que c’est durant ce trajet qu’il roulait à vive allure.	mafand	Senegalese News (MAFAND)
wo-ar-0671	Mbootaay yiy xeexal liggéeykat yi wax nañu diisaayu li gàllu ci ndoddu kilifay béréb biy fayeeku lempo bi, lu deme ni li soxal liggéeykat yi ak koppar yi.	تحدثت النقابات العمالية عن عبء مسؤولية المهام الموكلة إلى مديري مصلحة الضرائب، كتلك المتعلقة بالموظفين والأموال.	Les organisations syndicales susmentionnées ont tenu à souligner la gravité des missions assignées aux agents des administrations des impôts et du Trésor qui ainsi engagent, à plusieurs stations de travail, leur responsabilité personnelle et pécuniaire.	mafand	Senegalese News (MAFAND)
wo-ar-0920	Njiital këru liggéeyukaay bi, AGETIP, Sëñ Alaaji Maalig Gay, meeru goxu Ñàndaan, waaf na ngir wormaal ñi loru, gannaaw bi mu amee ñett ñu faatu ci mbooloom këru taskatu xibaar bii di Leeral.	ينحني المدير العام لشركة AGETIP، السيد الحاج مالك غي، عمدة بلدية ناندان احتراما للضحايا بعد وفاة ثلاثة من مجموعة صحيفة ليرال.	Le Directeur Général de l’AGETIP, Monsieur El Hadji Malick Gaye, Maire de la commune de NIANDANE, s’incline devant la mémoire des victimes, suite au décès accidentel de trois membres du personnel du Groupe Leral.	mafand	Senegalese News (MAFAND)
wo-ar-0013	Mooy ci lu ëppul ak lu néewul baatub sippili nit ci boppam ne njiit la ci benn wàllu Afirig ak ci àdduna bi, fekk ne nërmeeloom ci kanamu waa Burkinaa, sampug ndëndu waa Senegaal ca Mbooloom Afirig mi, mujjantalu yëngu-yënguy réewum Gàmbi ci dox tànki jàmm bu waa Ginne ak Móoritani,	إنه ليس أقل من التعبيرعن غرور شخص أقنع نفسه بقيادته الإقليمية الأفريقية والعالمية بينما فشل في وساطته البوركينابية، وترشيح السنغال للاتحاد الأفريقي، وتسوية الأزمة الغامبية من خلال الوساطة الغينية والموريتانية،	Il s’agit ni plus ni moins de l’expression de l’égo d’une personne qui s’était convaincue de son leadership sous régional africain et mondial alors que le flop de sa médiation burkinabé, de la candidature sénégalaise à l’UA, du dénouement de la crise gambienne par la médiation guinéenne et mauritanienne et, surtout, le scellé de sort du Franc CFA par les présidents Ouatara et Macron sont autant de symptômes du déclin diplomatique et de la perte d’influence du Sénégal sous son magistère.	mafand	Senegalese News (MAFAND)
wo-ar-0251	Ndax nasu Eco bi mën na yemb?	هل من الممكن تحقيق مشروع إيكو؟	Le projet éco pourra, pensent-ils, permettre d’y parvenir.	mafand	Senegalese News (MAFAND)
wo-ar-1161	ñu ñuy wax waxi sekkere nguur.	ثم يقولون لنا إن هذا يتعلق بأسرار الدولة.	Je me demande qu'est-ce qui a changé pour que le prix de l'avion de Wade soit connu et celui de Macky doit être un secret d'état.	mafand	Senegalese News (MAFAND)
wo-ar-0692	Bu dee nag ci wàllu joxem xalaat mi ci kuréelu jokkalante yi, dafa jóge ci wàllu siif dem ci teel a sëy, te loolu itam andi na njàqare ak mettitu xol ci askan wi.	أما بالنسبة لإبداء الرأي على وسائل التواصل الاجتماعي، فقد انتقل الأمر من الاغتصاب إلى الزواج المبكر، وأثار هذا سخطا اجتماعيا..	Quant au débat libre et délibéré sur les réseaux sociaux, il a glissé allègrement du viol au mariage précoce avec là aussi, chez certains, une indignation communautaire qui peine à prendre l’ascenseur pour l’étage de la Nation, situé un cran au dessus, et chez d’autres, de sombres tentatives de donner raison à la jeune animatrice par des statistiques fétides qui, à défaut de renforcer la vérité des faits, établit la preuve de la haine de l’autre.	mafand	Senegalese News (MAFAND)
wo-ar-1106	Stv, ki ñuy waxal dafa ñuy xamal tolluwaayu cër bi.	يُعلمنا الشخص الذي نتحدث معه بموضع عضو Stv.	Stv, notre interlocuteur nous fait comprendre la position de l’organe.	mafand	Senegalese News (MAFAND)
wo-ar-0147	Ci négandikug ndajeem daan mu toog yi, ak njëkk ndajeem géew mu tar mi ci seen digganteek Algérie alxames, futbalkati Sénégal yi ñoo ngi ci tanki toppandoo Egypte, Nigéria ak Maroc, yenn ci naataangoom yi ëpp solo, ñoom ñépp ñoo daan ci seen joŋante yu njëkk yi.	وفي انتظار الأدوار الإقصائية وقبل مواجهة الجزائر القوية يوم الخميس في المجموعة، تسير السنغال على خطى مصر ونيجيريا والمغرب، بعض منافسيه الآخرين الأكثر جدية، الذين فازوا جميعهم في مبارياتهم الافتتاحية.	En attendant les rencontres à élimination directe qui sonnent souvent le glas de ses espoirs, et avant le choc en poule contre l’Algérie jeudi, l’équipe du Sénégal est au rendez-vous, en imitant l’Egypte, le Nigeria et le Maroc, ses autres concurrents les plus sérieux, tous vainqueurs de leur première rencontre.	mafand	Senegalese News (MAFAND)
wo-ar-0721	Aljuma jii yemook bésu ñaar-fukki fan ak juróom-ñett, njiital xëy mi, Sëñ. Móodu Faal def na ay siifey lëkkaloo ak këri liggéeyukaay yu bare yu nguur gi moomul, te fukk ci ñoom, ay jigéen na leen di jiite.	في يوم الجمعة الثامن والعشرين وقّع مدير الشغل، السيد مود فال، سلسلة من اتفاقيات الشراكة المتعددة مع شركات خاصة بما في ذلك عشر شركات تديرها نساء.	Ce vendredi 28 mai 2021, le directeur de l’Emploi M. Modou Fall a procédé à une série de signatures de convention de partenariat avec une trentaine d'entreprises privées, dont 10 dirigées par femmes (cheffes d’entreprise).	mafand	Senegalese News (MAFAND)
wo-ar-0172	Indiwoo fi lu dul ay, ci dëkk bi, defoo fi dara, ba ci yëf yi gën a yomb muy jàmm, ay kàmbal nit, ak araftu kese.	لم تجلب سوى التعاسة في المدينة، ولم تنجز أي شيء ولو أبسط الأشياء وهو السلام، بل وضع كمين للناس، وتهديدهم فقط.	Tu n'as apporté que du malheur thi deuk bi defo fi dara meme pas la chose la plus facile qui est diam la paix des complots et des menaces kesse	mafand	Senegalese News (MAFAND)
wo-ar-1245	Defleen ndànk, bu ñu gaaw a wax.	كونوا حذرين، ولا نتحدث بسرعة.	Attention toutefois à ne pas tirer de conclusions hâtives.	mafand	Senegalese News (MAFAND)
wo-ar-0772	am na ñu solo ba nga xam ne moom sax bu dul moom, réew mi nga xam ne am na bànneexu jiite ko, mën naa nekk ci dal.	بحيث إذا لم يكن هو، فإن الدولة التي يتمتع بقيادتها ستكون مستقرة.	Se passer de lui parce que les institutions qu’il aura mises en place ou contribué à renforcer sont si solides que lui-même ne soit pas indispensable pour la stabilité du pays qu’il a eu l’insigne honneur de diriger.	mafand	Senegalese News (MAFAND)
wo-ar-0063	Mujjee xàddi, M2D suul na yéene xaar bi jaare ko cib yégle buy dooraat ñaxtu yi ci askan wi ngir yëngal nguur gi.	وبعد أن سئمت M2D من الانتظار، قررت استبدال نية الإنتظار بالإعلان عن استئناف المظاهرات العامة للضغط على السلطة.	Las d’attendre, le M2D a déterré la hache de guerre en annonçant la reprise des manifestations publiques pour mettre la pression sur le pouvoir.	mafand	Senegalese News (MAFAND)
wo-ar-0028	Muy soog a juge ci wër-wërloo gi ci réew mi ngir koom-koom gi ci bésu ñaar-fukk ak juróom-ñeent (29) ci weeru mee ba ca benn fan ci weeru suwe 2021, ci la Maki Sàll delloosi loolu.	لم يكد يعود من جولته الاقتصادية من يوم التاسع والعشرين (29) من مايو إلى اليوم الأول من يونيو 2021 داخل البلاد، حتى أعاده ماكي سال مرة أخرى.	À peine est-il revenu de sa tournée économique du 29 mai au 1er juin 2021 à l'intérieur du pays, que Macky Sall remet ça.	mafand	Senegalese News (MAFAND)
wo-ar-0848	Tënkub ay jukki yu Lazare Ki-Zerbo, CETIM, 2015.	مجموعة من النصوص للازار كي زيربو، CETIM، 2015.	Recueil de textes introduit par Lazare Ki-Zerbo, CETIM, 2015).	mafand	Senegalese News (MAFAND)
wo-ar-0187	Waa Russie dañoo lànk a topp dogalub OPEP biy digle ñu wàññi njëgu peterol bi.	رفضت روسيا الانصياع لقرار أوبك بشأن خفض أسعار النفط.	La Russie refuse de suivre l’OPEP pour une baisse référencée des prix du pétrole, l’Arabie Saoudite se braque en appliquant une baisse sur les prix de sa production et les USA s’invitent aux discussions entre les deux pays.	mafand	Senegalese News (MAFAND)
wo-ar-0440	Nde, kilifay yi gàlloo yoon ci réewi Afirig sowu jànt yi jox nañu Senegaal àppub juróom-benni weer Senegaal ngir mu tàmbali neenalug sàrt bi mu jàllale ci Péncu Ndawi réew mi fukki fan ak benn ci weeru desàmbar ci atum 2018, te kenn waxtaanewu ko.	لأن قادة القانون في دول غرب أفريقيا حددوا مهلة ستة أشهر للسنغال للمضي قدما في إلغاء هذا القانون الذي أقرته الجمعية الوطنية دون مناقشة في الحادي عشر من ديسمبر 2018.	En effet, la juridiction sous-régionale a fixé un délai de 6 mois à l’Etat du Sénégal pour procéder à la suppression pure et simple de cette loi adoptée sans débat par l’assemblée nationale le 11 décembre 2018.	mafand	Senegalese News (MAFAND)
wo-ar-1270	Rom-poye Liberte Siis, ci wetu ñaari yoon yi, dafa mujj nekk ab bérebu dox-daje dëgg léegi.	الدوار ليبرتيه 6، نحو الممرين، أصبح مفترق طرق حقيقي الآن.	Au Rond-point Liberté 6, plus précisément vers les 2 voies, un véritable carrefour a fini de s’y installer.	mafand	Senegalese News (MAFAND)
wo-ar-0836	Ñiy yëngu ci caada dañoo mës a bëgg xeltu, kon warul jaaxal kenn li ñu bëgg a niroole li ñuy def ak dëgg gi.	لطالما كان الفنانون مفتونين بالعلم، لذا لا ينبغي أن يكون مفاجئا لأحد أن يرغبوا تشبيه أعمالهم بالطبيعة.	Les artistes étant toujours fascinés par la science ce n’est donc pas un hasard qu’ils veuillent reproduire la nature à l’identique.	mafand	Senegalese News (MAFAND)
wo-ar-1031	Ginnaaw waxtaan wa, way-bokk SAID ak SUTT dañu jël dogal yile:	قرر أعضاء SAID وSUTT بعد المناقشة ما يلي:	Au terme des échanges, les membres des bureaux du SAID et du SUTT ont décidé de :– De conjuguer, désormais, leurs efforts afin de mieux prendre en charge la défense des intérêts matériels et moraux de leurs membres, notamment sur les questions transversales ;– Et de travailler à la mise sur pied d’un cadre d’action unitaire des syndicats du Ministère des Finances et du Budget et, de façon plus globale, à travailler à l’efficacité de luttes syndicales pour de nouvelles conquêtes au profit des travailleurs dans la fonction publique.	mafand	Senegalese News (MAFAND)
wo-ar-0139	Kiiraay gu mujj gi gën ci joŋante Ligue 1 bi jiitu na Alphonse Areola, Edouard Mendy, Benjamin Lecomte et Anthony Lopes.	يتقدم خط الدفاع الأخير في الدوري الفرنسي على ألفونس أريولا وإدوارد ميندي وبنجامين ليكومت وأنتوني لوبيز.	Le dernier rempart de la meilleure défense de Ligue 1 devance Alphonse Areola, Edouard Mendy, Benjamin Lecomte et Anthony Lopes.	mafand	Senegalese News (MAFAND)
wo-ar-0006	Ci bile tolluwaay, ab laaj bu am solo taxaw.	في هذه المرحلة، سؤال مهم يطرح نفسه.	À ce stade, une question cruciale s’impose: comment la responsabilité de Mamour Diallo peut-elle être entièrement, légalement, raisonnablement, écartée,en ce qui concerne les 2 actes d’acquiescements dont l’existence est reconnue par la commission parlementaire ?	mafand	Senegalese News (MAFAND)
wo-ar-0109	ku xam-xamam màcc ci wàllu xarala yi, dund na wàññikug téeméer ak fukk ak juróom-ñetti junni ak ñeenti téeméer ak juróom-benn-fukk ak ñett (118 463) ci payoor gu waroon a nekk juróomi téeméer ak juróom-ñeent-fukk ak juróom-benni junni (596 000) ci Seefaa ;	وتعرض مهندس حاسوب لخصم مبلغ مائة وثمانية عشر ألفا وأربعمائة وثلاثة وستين (118.463) من راتبه المقدر بخمسمائة وستة وتسعين ألف (596.000) سيفا،	Un ingénieur informaticien subit une retenue de 118 463 francs sur un salaire imposable de 596 000 francs ;	mafand	Senegalese News (MAFAND)
wo-ar-0348	Duñu la jox seen balu oor bi!	لن يعطوك كرتهم الذهبية!	Ils ne te donnerons pas leur ballon d’or!L’histoire bégaye !Je sais qu’il y a de ces jours où.	mafand	Senegalese News (MAFAND)
wo-ar-1110	Saajo Maane, (ataakãa Liverpool bi): kenn mësul gis lii !	ساديو ماني (مهاجم ليفربول): شيء لم يسبق له مثيل.	Sadio Mané (attaquant de Liverpool) : c’est incroyable !	mafand	Senegalese News (MAFAND)
wo-ar-0159	Sang bi Faal, mi mënul a lijjante mbiri biir réew mi mu dëkk, du moom mooy indil dara réewu Tchad, lu dul yokk jaar-jaaram ci këyitu tegtalam geek am alal ju takku ngir waajal àllatereteem gi nga xam ne neex na ba noppi.	أما السيد فَالْ الذي لا يستطيع تسوية الشؤون الداخلية في بلده، ليس هو من يجلب إلى تشاد شيئا سوى إضافة رحلاته في سيرته الذاتية وكسب المزيد من المال لتقاعده المريح بالفعل.	Mr Fall qui ne peut pas regler les affaires interieures dans son propre pays ne va rien apporter au Tchad sinon que d alleger son long CV et gagner bcp plus d argent pour sa retraite qui est deja bien aisée.	mafand	Senegalese News (MAFAND)
wo-ar-0649	Ginnaaw ñaari ndam ci digganteem ak Tanzanie (ñaari bal ci dara) ak Keeñaa (ñetti bal ci dara) ak benn làjj ci kanam Alseri (benn bal ci dara), Gayndey Teraanga yi futbalkatu PSG ba woon, Aliy Siise, di tàggat, ñoo génne Ugàndaa ci joŋante bi (benn ci dara).	بعد فوزين على تنزانيا (بهدفين مقابل لاشيء) وكينيا (بثلاثة أهداف مقابل لاشيء) وخسارة واحدة أمام الجزائر (بهدف مقابل لاشيء) أقصت أسود التيرانجا، الذين يدربهم لاعب باريس سان جيرمان السابق أليو سيسيه، أوغندا (1-0) من هذه البطولة.	Après deux succès contre la Tanzanie (2-0) et le Kenya (3-0), et une défaite devant l’Algérie (1-0) en phase de groupes, les Lions de la Teranga, entraînés par l’ancien joueur du PSG Aliou Cissé, ont écarté l’Ouganda (1-0) en huitièmes de finale.	mafand	Senegalese News (MAFAND)
wo-ar-0469	Doonoon na ku ñaw-xam-xam ci nëwu.	كان عالما متمكنا في علم النحو.	Il commença des études en lettres à Sorbonne, et fut agrégé en grammaire.	mafand	Senegalese News (MAFAND)
wo-ar-0039	Maa ngi nuyu bépp way-dalal, bépp tàggatug pólotig amul xàjj ak seen.	أرحب بجميع الضيوف وجميع الأحزاب السياسية دون استثناء.	Je salue tous ses invités, toutes formations politiques confondues.	mafand	Senegalese News (MAFAND)
wo-ar-0548	Këlëbu almaañ bi bàyyi na ñett ci ay liggéeykatam yu mag ñu dem ci seen coobare bopp.	قام النادي الألماني بتسريح ثلاثة من كبار موظفيه ليغادروا طوعا.	Le club allemand laisse partir libre trois de ses cadres.	mafand	Senegalese News (MAFAND)
wo-ar-0248	Dëgg la, bu jëkk ñu bari ci ñu wutoon kaaraange, ñiy yëngatu ci wàllu woowu, ci lu tegewul ci jom wala njub, fullaaluñ leen woon.	والحقيقة هي أن الكثير من المؤَمَّنين في السابق لم يحظوا باحترام من قبل العاملين في هذا المجال بسبب افتقار الأخير إلى انعدام والنزاهة.	En effet, par le passé, de nombreux assurés se sont trouvés lésés par des assureurs peu scrupuleux qui confondaient chiffre d’affaires et résultat.,	mafand	Senegalese News (MAFAND)
wo-ar-0986	mu jur ay doxalin yu ñaaw ci ñi ñàkk mbooloo mi, andi ay njort yu ñaaw ak ay noonoo.	مما أدى إلى سلوك سلبي مع مؤسسي المجموعة وخلق شكوك سيئة وسوء فهم.	Cela m’a blessé, ainsi que toute l’équipe, car ces messages ont été intentionnellement divulgués aux médias, créant des interférences négatives avec le personnel, créant des doutes et des malentendus.	mafand	Senegalese News (MAFAND)
wo-ar-0413	Li Guwarjolaa wax Tuxël : ca atum 2016, ba Peb Guwarjolaa di waaj a jóge ca Bundesliga : Tomas dinga ma wéetal lool, lool.	ما قاله جوارديولا عن توخيل: في عام 2016، عندما كان بيب جوارديولا يستعد لمغادرة البوندسليجا: سأفتقدك يا توماس كثيرا كثيرا.	Ce que Guardiola dit de Tuchel:En 2016, lorsque Pep Guardiola s'apprêtait à quitter la Bundesliga: Thomas me manquera beaucoup, beaucoup.	mafand	Senegalese News (MAFAND)
wo-ar-0357	Bànk yu jëkk yi am nañu jafe-jafe ngir am ay kiliyaan yu bare.	تكافح البنوك التقليدية من أجل كسب عدد كبير من الزبناء.	Les banques traditionnelles peinent à conquérir un grand nombre de segments de clients qui considèrent qu’elles sont trop rigides, lentes et difficiles d’accès.,	mafand	Senegalese News (MAFAND)
wo-ar-1182	Ñu ngi fàtteli tamit ne, bu Abdulaay Wàdd di jot ci nguur gi atum 2000, dafa fekk ne Mawdo Mamadu Ja, Abdulaay Bàccili, Ammat Dãasoxo, Mustafaa Ñas, Maki Sàll ak yeneeni doomi réew mi dañu caa bokk bokk bu ñu fésalul.	ونذكر أيضا أنه عندما وصل عبد الله واد إلى السلطة عام 2000، ساهم في ذلك بشكل غير مُصرح به كل من مَوْد ممَدُ جَهْ، وعبد الله باثيلي، وحمات دانسوكو، ومصطفى انياس، وماكي سال وغيرهم من أبناء الوطن	NOUS rappelons également que c'est grâce à l'implication explicite de Maodo Mamadou DIA, Abdoulaye Bathily, Amat Dansokho, Moustapha Niasse, Macky Sall et d'autres Patriotes authentiques que m. Wade Abdoulaye est arrivé au pouvoir en 2000.	mafand	Senegalese News (MAFAND)
wo-ar-0426	Siiwal bi jur na ndamal Usmaan Sónko lu yaatu lool ci suñu diwaan ci wotey palum njiitu réew mi yu féewiriyee atum 2019.	أدى الترويج إلى الفوز الساحق لعثمان سونكو في منطقتنا في الانتخابات الرئاسية في فبراير 2019.	Ces hommes et ces femmes de talents ont brillamment participé à la vulgarisation de notre projet de société pour le Sénégal, en Nouvelle-Aquitaine et partout ailleurs, résultant en la victoire écrasante d’Ousmane Sonko dans notre département, aux élections présidentielles de février 2019.	mafand	Senegalese News (MAFAND)
wo-ar-1205	Gëm-gëm boobu (bu xasee ba am ginnaaw ay xalaat yu xóot) dafay am leneen lu dëxëñu ci baatu gëmm.	تلك القناعة (عند اكتسابها بعد تفكير عميق)، سيكون هناك معنى آخر تتضمنه كلمة تسكير العينين.	Cette conviction (une fois acquise au terme d’une solide réflexion) est doublée d’une autre idée exprimée par le mot gëmm signifiant, cette fois-ci, le fait de fermer les yeux.	mafand	Senegalese News (MAFAND)
wo-ar-0151	Lefu mindum (CEP) mooy fi ñu war a leerale ne ci jenn jamono ji ñuy dégloo kàddoom ya (ndax jot nañu koo déglu ñaari yoon),	صفحة تقرير (CEP) هو المكان الذي يجب أن يُوضح فيه أي من جلسات استماعه (لأنه تم الاستماع إليه مرتين)،	page du rapport de la CEP) C’est le lieu de préciser qu’au cours d’une de ses auditions (car il a été entendu deux fois), Monsieur Meïssa NDIAYE, Chef de bureau des domaines de Ngor Almadies, a insisté sur le fait qu’il ne faisait que représenter le Directeur des Domaines à la commission de conciliation, mais cette déclaration est contredite par le décret n°77-563 du 3 juillet 1977 qui organise ladite commission: le Receveur des Domaines de Ngor Almadies en est un membre de droit, contrairement au Directeur des Domaines qui n’en est ni membre ni représenté.	mafand	Senegalese News (MAFAND)
wo-ar-0842	Waaye nag, leer na ne tekkib yile limu màggaay, ci ay góor-góorlu yu leer te yàgg jëm ci yokk nekkinu askan wi ci déndu Afirig, doyul dara, daanaka sax amul fenn.	ومع ذلك؛ من الواضح أن ترجمة معدلات النمو هذه إلى جهود واضحة ومستدامة نحو تحسين الظروف المعيشية لسكان أفريقيا غير مكتملة أو تكاد تكون معدومة.	Pourtant, force est de constater que la traduction de ces taux de croissance, en des améliorations concrètes et pérennes des conditions de vie des populations du continent, est au mieux très incomplète, au pire presque inexistante.,	mafand	Senegalese News (MAFAND)
wo-ar-0114	Mauricio Pochettino moo dugal Fernando Llorente, mi dugal balu ndam li seen digganteek Manchester City ñeenti bal ci ñett (4-3).	أدخل ماوريسيو بوتشيتينو فرناندو يورينتي الذي سجل هدف الفوز أمام مانشستر سيتي أربعة أهداف ضد ثلاثة (4-3).	Mauricio Pochettino a lancé Fernando Llorente, auteur du but de la qualification contre Manchester City (4–3).	mafand	Senegalese News (MAFAND)
wo-ar-0379	Ci genn gis-gis, Ahmat-Ahmat fomm na déggoo beek Puma, te joxewul ngànt, loolu la genn kilifaag koom-koomu CAF bind.	كتب مديرٌ مالي في الكاف أن أحمد أحمد ألغى الاتفاق مع بوما من جانب واحد دون أي سبب.	Unilatéralement, Ahmad Ahmad annule sans raison l’accord avec Puma, écrit un responsable des finances de la CAF.	mafand	Senegalese News (MAFAND)
wo-ar-0228	Lu ci bare, dafay faral di seetlu ne nit ñi amuñu benn yég-yég ci jafe-jafey wér-gu-yarami joŋantekat yi ci seen wàllu xel.	لطالما كان لديه انطباع بأن الناس ليس لديهم أي اعتبار للصحة العقلية للمنافسين.	J'ai souvent eu l'impression que les personnes n'ont aucune considération pour la santé mentale des athlètes et je le vois à chaque fois que je participe à ces questions-réponses.	mafand	Senegalese News (MAFAND)
wo-ar-0724	Blues yi defaat nañu jalloore ju mel noonu, maanaam daan Skyblues ci silimi bu mujj ci waxtu wi ñaari bit ci benn, ci ndoortel weeru mee, ñetti ayu-bés laata joŋanteb daj-dëppu Ligg dee sàmpiyoŋ bi.	وحقق البلوز إنجازا مماثلا، بمعنى هزيمة سكاي بلوز في الدقيقة الأخيرة بهدفين مقابل هدف واحد في بداية شهر مايو قبل ثلاثة أسابيع من نهائي دوري أبطال أوروبا.	Les Blues ont remis ça début mai, à trois semaines de la finale de la Ligue des champions, en s'imposant à la dernière minute contre les Skyblues en championnat (2-1).	mafand	Senegalese News (MAFAND)
wo-ar-0879	Xar sunu tànku tubay ngir am nattukaayu yaram ci bérébu jàngukaay yeek bérébi tàggatu yi.	سنفعل كل ما في وسعنا للحصول على مقياس الحرارة بالأشعة تحت الحمراء أمام قاعات المحاضرات وقاعات المحاضرات.	Exiger le passage au thermoflash devant les amphithéâtres et les salles de T. D;Renforcer le service de sécurité dans les campus sociaux chargé de limiter le surpeuplement dans les chambres avec le fameux système de clandotage;Mettre l’accent sur l’information et la sensibilisation par le biais des affiches, flyers, panneaux publicitaires à propos des mesures barrières;Revoir le découpage du calendrier universitaire pour le reste de l’année et adapter le quantum horaire aux réalités de la pandémie;Penser à un programme minimal en mettant l’accent sur les chapitres essentiels majeurs selon le quantum horaire à couvrir, comme c’est le cas avec les classes de Terminales dans le cycle secondaire;Combiner le présentiel avec l’enseignement à distance: privilégier les enseignements à distance pour les cours magistraux et maintenir les TD et TP en présentiel;Multiplier les groupes de TD et de TP pour éviter les classes pléthoriques, surtout au niveau des L1, L2 et L3, dans les établissements où les infrastructures pédagogiques le permettent.	mafand	Senegalese News (MAFAND)
wo-ar-1109	Gaawu bile la ñaari ekibu Àngalteer, Chelsea ak Manchester City di laale ngir finaalu Ligg-dee-sàmpiyoŋ bi.	يلتقي هذا السبت ناديان إنجليزيان هما تشيلسي ومانشستر سيتي في نهائي دوري أبطال أوروبا.	Ce samedi, deux clubs anglais, Chelsea et Manchester City s’affrontent pour la finale de la Ligue des Champions.	mafand	Senegalese News (MAFAND)
wo-ar-0888	Nekkul ne dara taxul ba PASTEF mi doon génn ci kuréli pólótig yu néew yiy faral di bàyyi ay kopparu denc ca këru jëwriñ ji ñu dénk biir réew mi.	ليس من قبيل الصدفة أن يكون باستيف أحد الأحزاب القليلة التي عادة ما تقدم حساباتها إلى وزارة الداخلية.	Ce n’est pas pour rien que PASTEF est l’un des rares partis à déposer régulièrement ses comptes au niveau du ministère de l’intérieur.	mafand	Senegalese News (MAFAND)
wo-ar-0350	Xam naa am na ci ay bés.	أعلم أن هناك أياما.	Ils ne te donnerons pas leur ballon d’or!L’histoire bégaye !Je sais qu’il y a de ces jours où.	mafand	Senegalese News (MAFAND)
wo-ar-0031	Liy xaar saasenegaal yi mooy dayob lim yi ci nekk ak tolluwaayu yoon wi desee leer, ak bu nguur gi ci kanamu njombe yu dul jeex.	إن ما يقلق السنغاليين هو حجم المبالغ المعنية والموقف غير الواضح للعدالة والسلطة في مواجهة فضائح لامنتهية.	Ce qui interpelle les sénégalais, c’est l’ampleur des sommes en jeu et l’attitude incompréhensible de la justice, du pouvoir, face à ce gros scandale sans précèdent.	mafand	Senegalese News (MAFAND)
wo-ar-0011	Danuy xaar ba ñu addukalpe nit, wala ñu ray ko, takk-der yiy soog a génn ngir ramaas guddi.	ننتظر حتى يتم الاعتداء على مواطن أو قتله، لتخرج الشرطة لتنفذ مداهمات أمنية ليلية.	On attend qu'on agresse ou tue un citoyen pour que la police sortent faire des rafles nocturnes.	mafand	Senegalese News (MAFAND)
wo-ar-0688	Su ñu sukkandikoo ci Meetar Kan, liy sababu yokkute gii mooy li saytukatu koomu réew mi indi ay jubbanti ci njëgu njureef yi.	ووفقاً للسيد كَنْ، فإن سبب هذه الزيادة هو قيام الجمارك بإجراء تعديلات على أسعار المنتجات.	Pour Me Kane, cette augmentation aurait eu pour cause un redressement de la classification tarifaire de ces produits par la douane.	mafand	Senegalese News (MAFAND)
wo-ar-0594	Lëñbëtu tàkk-der yi ca këram tax na ñu teg loxo ci as caag su def fan-weeri xeer ak benn yu karak, juróm-benni mbuusi kokaayin, di peese genn-wàllu liibar.	عندما فتشت الشرطة منزله، عثروا على حقيبة صغيرة تحتوي على واحد وثلاثين كراكا وستة أكياس من الكوكايين تزن نصف كيلو.	Une perquisition à leur domicile a permis de mettre la main sur une sacoche contenant 31 cailloux de crack et 6 sachets de cocaïne de 250 grammes.	mafand	Senegalese News (MAFAND)
wo-ar-0678	te xamle tamit ne ni ñuy dajalee lempo yi, muccul ayib.	وأبلغ أيضا أن الطريقة التي يتم بها تحصيل الضرائب لا تخلو من خطأ.	Lorsque Sonko évoquait un déficit budgétaire de 100 milliards de francs CFA, l’économiste Abdoulaye Seck qualifiait cela de tension de trésorerie , quoi qu’il en soit nous peinons à renflouer nos comptes, car nous n’avons pas un organisme de collecte des impôts digne de ce nom.	mafand	Senegalese News (MAFAND)
wo-ar-0265	Jot nañu ñaari milyaar yu toftal juróom-benn, benn milyaar bu toftal fukk ak juróom-ñeent ak benn milyaar ci ay dolaar.	وقد توصلوا بمليارين وستمائة مليون دولار، ومليار وتسعمائة مليون، ومليار دولار واحد.	Ils ont respectivement reçu 2,6 milliards, 1,9 milliard et 1 milliard de dollars.,	mafand	Senegalese News (MAFAND)
wo-ar-0507	Njiitu réew mi Sàll yégle na ne dina wax ak askan wi ak waa àdduna, laata muy amal am ndaje ci mbir moomu, la ci ki joxe xibaar bi yokk.	أضاف المصدر نفسه أن الرئيس سال أبلغ أنه سيتحدث مع الشعب والمجتمع الدولي قبل أن يعقد مجلسا رئاسيا حول هذه القضية.	Le président Sall a informé qu’à l’occasion, il délivrera un message à l’endroit de la communauté nationale et internationale, en attendant la tenue d’un Conseil présidentiel sur la question’’, ajoute la même source.	mafand	Senegalese News (MAFAND)
wo-ar-0186	Ci atum 1928 la demoon Farãas, nekk fanweer ak ñaari at yu mu fa génnul.	ذهب إلى فرنسا عام 1928م حيث مكث فيها اثنين وثلاثين سنة دون أن يخرج منها.	En 1928, il se rendit en France, où il resta 32 ans sans interruption.	mafand	Senegalese News (MAFAND)
wo-ar-0138	Ci fukki at yu ànd ak ndimbal, wóor na ne jokkalante xarala yi dina war a mat ci sama xalaat, kon sunu nit ñi war nañoo mën a doxal loolu niki ni ñu koy amale ci diggante Aibd-Mbuur.	في عشر سنوات من الامتياز، من المؤكد أن نقل التقانة يجب أن يكون شاملا في رأيي، لذلك يجب أن تكون مواردنا البشرية قادرة على إدارة هذا الأمر كما يقومون في امتداد إبد-امبور.	En 10 ans de concession, certainement le transfert de technologie devrait être effectif à mon avis, alors nos ressources humaines doivent être capables de gérer cela comme ils sont entrain de le réussir sur le tronçon Aibd-Mbour.	mafand	Senegalese News (MAFAND)
wo-ar-0653	Sàmpiyonaa Afirig yooyu ca suweŋ ci atum 2020 lañu ko njëkkoon a jàpp.	كانت تلك البطولة الأفريقية مقررة في الأصل في يونيو 2020.	Ces Championnats d’Afrique étaient initialement prévus en juin 2020 à Oran.	mafand	Senegalese News (MAFAND)
wo-ar-0093	Ci ab fekki réewum Russie bu wóoradi, 'Gones' yi mujjee nañu nërmeelu ñaari bit ci tus.	في رحلة خطيرة إلى روسيا، خسر فريق 'Gones' أخيرا بنتيجة هدفين مقابل صفر.	En déplacement périlleux en Russie, les Gones se sont finalement inclinés sur un score de 2 buts à zéro.	mafand	Senegalese News (MAFAND)
wo-ar-0517	Doy na waar de, bii yoon moom, dañoo dal ci nit ku xamul li gàllu ci ndoddam.	لسوء الحظ، صادفنا هذه المرة شخصا لا يعرف المسؤولية الملقاة على عاتقه.	Malheureusement nous sommes cette fois-ci tombés sur un irresponsable d’un genre nouveau.	mafand	Senegalese News (MAFAND)
wo-ar-0008	Ci jamonoy wote yi, damaa jëloon ay fani noppaliku ngir dem seeti askanu Ndakaaru, Cees, Luga ak Kebemeer.	خلال الحملة الانتخابية، لقد أخذتُ إجازة لبضعة أيام للقاء سكان داكار وتياس ولوغا وكيبيمر.	Pendant la campagne électorale j’avais pris quelques jours de congés pour aller à la rencontre des populations de Dakar, Thiès, Louga et Kébémer.	mafand	Senegalese News (MAFAND)
wo-ar-0145	Masayeer Siise tabb nanu ko muy kiy topp ci njiit li, ak doon njiital British Petroleum ngir réewu Senegaal.	تم تعيين مسيير سيسي نائبا للرئيس والمدير العام لبريتيش بتروليوم للسنغال.	Massaer Cissé est nommé vice-président et directeur général de British Petroleum pour le Sénégal.	mafand	Senegalese News (MAFAND)
wo-ar-0778	F. Bojãa nekk ki jiite wàllu jokkalante bi ci bérébu fajukaay bi dañu koo tuumaal ne dafa luubaal lu tollu ci juróom-ñaar ???	ف. بوديان، رئيس شعبة الإنعاش بالمَصحَّة متهم باختلاس مبلغ 7؟؟؟	En effet, la cheffe de la Division de recouvrement de la structure sanitaire, F. Bodian, est accusée de détournement de 7.	mafand	Senegalese News (MAFAND)
wo-ar-0436	Njiitu Mbootaayu njiiti gox-goxaat yu Senegaal wax na ne Xalifa Sàll nit ku mucc-ayib la, ku jiital doomu-aadama ci ay jëfam.	قال رئيس جمعية رؤساء البلديات في السنغال إن خليفة سال رجل مثالي يُقدم الناسَ في أعماله.	Le président de l'Association des maires du Sénégal (AMS) de conclure : Khalifa Sall est un homme exceptionnel qui place l’humain au centre de ses actions.	mafand	Senegalese News (MAFAND)
wo-ar-0165	Foofu la jafe-jafe bi féete ci mbir mii.	هناك تكمن الصعوبة في هذه المسألة.	C'est là où se situe d'ailleurs le hic dans cette affaire.	mafand	Senegalese News (MAFAND)
wo-ar-0376	Ca atum 2013 ba léegi njàmbaarte la doomu Espaañ ji wone.	لم يظهر الإسباني منذ عام 2013 إلى الآن سوى الإصرار.	Depuis 2013, le bilan sportif penche en faveur de l'Espagnol.	mafand	Senegalese News (MAFAND)
wo-ar-0448	Guney Ngaala Silla yi ñoo dóor Tanzanie ñetti bal ci benn ci seen ñaareelu génn.	فاز رجال انغالا سيلا على تنزانيا ثلاثة أهداف مقابل هدف في خروجهم الثاني.	Les hommes de Ngalla Sylla se sont imposés devant la Tanzanie sur la marque de 3-1 pour le compte de leur deuxième sortie de la poule A.	mafand	Senegalese News (MAFAND)
wo-ar-0791	Baay Móodu Faal ñu gën koo xam ci turu Booy Jinne dafa rëcc dibéer fanweeri fan ci weeru mee ci kasog Camp pénal gi nga xam ne ci ruq bu am kaaraange lañu ko fa dencoon.	فرّ باي مود فال، المعروف باسم بوي جن، يوم الأحد الموافق الثلاثين من شهر مايو من سجن كامب بانيل حيث كان محتجزا في جناح آمن.	Baye Modou Fall Alias Boy Djiné s'était évadé le dimanche 30 mai de la prison du Camp pénal où pourtant il était admis dans le quartier de haute sécurité.	mafand	Senegalese News (MAFAND)
wo-ar-0554	Amul benn liggéeyu xamtu dëgg, dëgg, bu taxasul jëme genn wet.	أنه في الحقيقة لا يوجد عمل علمي لم يتحيز.	Il est vrai que la neutralité axiologique est un idéal et qu’il n’existe pas de travail scientifique “neutre“ au sens vrai du terme.	mafand	Senegalese News (MAFAND)
wo-ar-0529	Bu ñu yàkkamti, ndax EKO bii am pexe la ngir daaneel xaalisu Seefaa.	دعونا لا نتعجل، لأن إيكوا وسيلة لخفض قيمة سيفا.	Ne nous emballons pas, car l’éco est un moyen de dévaluer nos francs actuels, puisqu’on parle d’un euro pour 1200 écos à vérifier car ils n’ont pas précisé la valeur finale.	mafand	Senegalese News (MAFAND)
wo-ar-0769	Gaaw a dog, mooy dog rekk bu jant bi sowee, ngir waxam ja.	تعجيل الفطر، هو الإفطار عند غروب الشمس، لقوله.		MasakhaNER	Senegalese News (MasakhaNER)
wo-ar-1034	waaye tamit gën a taral xeex bi ngir amaat yeneeni ngëneel, dem bay taxawu liggéeykati nguur gi yépp ci seeni jafe-jafe.	وأن ينخرطوا كذلك في نضالات فعالة من أجل تحقيق مكاسب جديدة حتى يساعدوا جميع الموظفين الحكوميين في يوم من الأيام على حل مشاكلهم.	Au terme des échanges, les membres des bureaux du SAID et du SUTT ont décidé de :– De conjuguer, désormais, leurs efforts afin de mieux prendre en charge la défense des intérêts matériels et moraux de leurs membres, notamment sur les questions transversales ;– Et de travailler à la mise sur pied d’un cadre d’action unitaire des syndicats du Ministère des Finances et du Budget et, de façon plus globale, à travailler à l’efficacité de luttes syndicales pour de nouvelles conquêtes au profit des travailleurs dans la fonction publique.	mafand	Senegalese News (MAFAND)
wo-ar-0753	Li ci gënoon a doy waar mooy ni futbalkat yi doon xeexee bu ñu ñàkkee bal bi.	الأمر الأكثر غرابة هو كيف كان اللاعبون يقاتلون عندما يفقدون الكرة.	Ce qui était le plus impressionnant, c'était la mentalité avec laquelle l'équipe défendait à la perte du ballon.	mafand	Senegalese News (MAFAND)
wo-ar-0355	Kon, nekkul rekk mbiru njiiti réewi Afirig yi kese, waaye yëfu ndawi askan wi la itam.	لذا ليست مسألة تخص رؤساء الدول الأفريقية فحسب، بل إنها أيضا مسؤولية نواب الأمة.	La monnaie étant un instrument d’exercice de la souveraineté, elle est aussi du ressort des Parlements et pas simplement des chefs d’État africains.	mafand	Senegalese News (MAFAND)
wo-ar-1157	Ay at a ngi nii, ñoom ñooñee ñuy àrtu kilifa yi balaa bëy di wëy mbuus.	لقد حذروا هُم أنفسهُمْ السلطات لعدة سنوات لأن الوقاية خير من العلاج.	Ces dernières attirent l’attention des autorités depuis plusieurs années pour éviter que l’irréparable ne se produise.	mafand	Senegalese News (MAFAND)
wo-ar-0279	Bu ñu bàyyee xel peyoorug saytukat yi ak njëndum soble ak pombiteer, njëg laa ngi tollu ci juróomi milyaar yu tegal juróomi téeméer ak juróon ñeen-fukk ak ñetti milyoŋ ak juróom-benn-téeméeri junni ak fukk ak benn ak téeméer ak fukk ak ñeent ak ñaari fiftin.	مع الأخذ بعين الاعتبار المدفوعات لمراجعي الحسابات وشراء البصل والبطاطس، يبلغ الرصيد خمسة مليارات وخمسمائة وثلاثة وتسعين مليونا وستمائة وأحد عشر ألفا وخمسمائة وإثنين وسبعين.	En effet, en tenant compte du paiement des vérificateurs ainsi que de l’acquisition d’oignons et de pommes de terre, le solde indique 5 593 611 572 F CFA (compte non tenu des 2 500 000 000 F CFA).	mafand	Senegalese News (MAFAND)
wo-ar-1206	Ci suñu xalaat, ñun dañu won waa Senegaal yi ne pólótig bi léegi, dañu ko war a defee neneen nu dul ni muy demee.	من وجهة نظرنا؛ نحن أظهرنا للسنغاليين أن السياسة يجب أن تمارس الآن بشكل مختلف.	A notre niveau nous devons à mon sens montrer aux sénégalaises que la politique peut et doit être faite autrement.	mafand	Senegalese News (MAFAND)
wo-ar-0704	Su ñu sukkandikoo ci Libération Online, boroom rëcc gu siiw gi jàppees na ko ca Misira, moo ngi àndoon ak ñett ñu ko doon jàppale.	وفقا لليبراسيون أونلاين فقد تم إلقاء القبض على الهارب الذي اشتهر فراره في مِسِره برفقة ثلاثة أشخاص كانوا يساعدونه.	Selon Libération online, le célèbre fugitif a été appréhendé à Missirah, en compagnie de trois complices présumés.	mafand	Senegalese News (MAFAND)
wo-ar-1256	Ñett ñi ko dimbale nag ñoom, ñu di Daam Si, Seex Njaay ak Abdu Fay, ñu nga ba tey ci yoxoy takk-der yi, Màkkaanu takk-der yi (Section de Recherches), ñu leen di déglu,	فلا يزال الثلاثة الذين ساعدوه، دام سِه، وشيخ انجاي، وعبد فاي، في قبضة قوات الدرك، في مكانهم (قسم التحقيق الجنائي)، قيد التحقيق	Quant à ses trois complices, en l’occurrence Dame Sy, Cheikh Ndiaye et Abdou Faye, ils sont toujours en interrogatoire à la Section de Recherches et sont poursuivis pour recel de malfaiteurs.	mafand	Senegalese News (MAFAND)
wo-ar-0866	ngir fayul benn bal bu waa Tanzanie mball.	ليثأر من التنزانيين الذين أضاعوا كرة.	Le milieu de Bruges Krépin Diatta a marqué le deuxième but d’une magnifique reprise des 20 mètres, pour sanctionner une relance ratée des Tanzaniens sur un corner.	mafand	Senegalese News (MAFAND)
wo-ar-1173	Léeg-léeg, ñu lijjanti mbir mi ba du jur gàllankoor ci benn boor.	نعتني بالأمر في بعض الأحيان حتى لا يتسبب في أي عراقيل لأي طرف.	Léeg-léeg, ñu lijjanti mbir mi ba du jur gàllankoor ci benn boor.	mafand	Senegalese News (MAFAND)
wo-ar-0884	Boole njàngum teewaay meek njàngum soree mi.	الاعتماد على التعليم المدمج.	Exiger le passage au thermoflash devant les amphithéâtres et les salles de T. D;Renforcer le service de sécurité dans les campus sociaux chargé de limiter le surpeuplement dans les chambres avec le fameux système de clandotage;Mettre l’accent sur l’information et la sensibilisation par le biais des affiches, flyers, panneaux publicitaires à propos des mesures barrières;Revoir le découpage du calendrier universitaire pour le reste de l’année et adapter le quantum horaire aux réalités de la pandémie;Penser à un programme minimal en mettant l’accent sur les chapitres essentiels majeurs selon le quantum horaire à couvrir, comme c’est le cas avec les classes de Terminales dans le cycle secondaire;Combiner le présentiel avec l’enseignement à distance: privilégier les enseignements à distance pour les cours magistraux et maintenir les TD et TP en présentiel;Multiplier les groupes de TD et de TP pour éviter les classes pléthoriques, surtout au niveau des L1, L2 et L3, dans les établissements où les infrastructures pédagogiques le permettent.	mafand	Senegalese News (MAFAND)
wo-ar-0493	Ci pólótig, Usmaan Sónko wax nee na gëmul ay kéemaan ak jëfi kenn nit rekk.	من الناحية السياسية، قال عثمان سونكو إنه لا يؤمن بالمعجزات والأعمال الفردية.	Sur le plan politique, Ousmane Sonko a indiqué qu’il ne croit pas au messie encore moins aux actions isolées ou individuelles.	mafand	Senegalese News (MAFAND)
wo-ar-1148	Nee na demokaraasi dëgg, nekkul ci mbañ-gàcce waaye mu ngi ci bor yi.	قال إن الديمقراطية الحقيقية لا توجد في صناديق الاقتراع بل في الديون.	La vraie démocratie, dit-il, n’est pas dans les urnes mais dans la dette.	mafand	Senegalese News (MAFAND)
wo-ar-0566	Defin wi gën mooy jariñ sa réew.	القيام بالعمل على أفضل وجه هو ما سيفيد وطننا.	D’une part, j’ai rappelé au ministre que la création de cette allocation forfaitaire mensuelle est incompréhensible pour un gouvernement dont l’argument a été jusqu’ici la maitrise de la masse salariale.	mafand	Senegalese News (MAFAND)
wo-ar-0180	Ndax ci ni yoon tëddee fii ci Senegaal, man nañu jaay li ñu waroon a dàmpee ak nit, te muy méngook foqati, jëfandikoo ko ngir faj ci soxlay askan wi.	هل من الممكن، بموجب القانون السنغالي، أن نبيع مبدأ التعويض المرادف لنزع الملكية واستعماله لتحقيق المصلحة العامة؟	En droit Sénégalais peut on vendre un principe d’indemnisation synonyme de principe de créance en matière d’expropriation pour cause d’utilité publique ?	mafand	Senegalese News (MAFAND)
wo-ar-0182	Ki jiite bérébu bëre bi nekk Mbuur te mu joti koppar ngir bëre ak Bàlla Gay 2 ci bésu ñaar fukki fan ak juróom-benn ci weeru suweŋ biy ñëw, bëgg na itam dajeek Ëmmë Seen.	كما يرغب رئيس محل المصارعين في امبور، الذي حصل بالفعل على عرض مسبق لنزال بالا غاي 2 في يوم السادس والعشرين من يونيو القادم، في خوض نزال مع المصارع أَمَّ سين.	Le chef de l’écurie de Mbour qui a déjà reçu une avance pour lutter avec Balla Gaye 2 le 26 juin prochain, veut également en découdre avec le lutteur Eumeu Sene.	mafand	Senegalese News (MAFAND)
wo-ar-0869	Leer na ne du ci Jëwrin ji ñu dénk koppar yeek koom-koom gi, du ci Njiital réew mi, moo war a wax di ko jaare ci jëf ju ñu yoonal,	من الواضح أنه ليس من الواجب أن يقول وزير المالية والاقتصاد، ولا رئيس الجمهورية بموجب القانون،	Sous ce rapport, il est évident qu’il n’appartient pas au Ministre des Finances et du Budget, ni même au Président de la République, de dire par un acte réglementaire ce qui est imposable ou ce qui est exonéré.	mafand	Senegalese News (MAFAND)
wo-ar-1026	Dañu am ayib boo xam ne dafa mel ni dañu ko judduwaale, nañ ko wax te dee:	لدينا عيب يبدوا وكأننا ولدنا به، دعونا نعترف بذلك:	Nous avons un défaut presque congénital avouons-le : nous ne sommes pas de la race de ceux qui font profil bas quand l’adversaire semble disposer plus d’armes qu’eux.	mafand	Senegalese News (MAFAND)
wo-ar-0043	waaye lu moy loolu, am naa nit ñi, yég-yég yi,dund gi,	ولكن أبعد من ذلك، حصلت على دعم الناس والعواطف والحياة،	Je suis né gagnant et j’étais ici pour conquérir des trophées, mais au-delà de cela, il y a les êtres humains, les émotions, la vie et j’ai le sentiment que ces choses n’ont pas été valorisées, et qu’il n’a pas été compris que la dynamique d’un grand club se maintient comme ça.	mafand	Senegalese News (MAFAND)
wo-ar-0728	bokk na ci yooyu : bépp jumtuwaay, xaalisu gox wala goxaat, xaalisu këru liggéeyukaayu nguur ngi, xaalisu kuréel goo xam ne ñépp la amal njariñ wala sax mu nekk kuréel goo xam ne nguur gi moomu ko waaye moom lay liggéeyal ak yu deme noonu.	أي أداة، أو أو مال إقليمي أو محلي، أو مال وزارة حكومية، أو مال منظمة ذات النفع العام أو منظمة ليست جزءا من الحكومة ولكنها تعمل لصالحها، أو ما شابه ذلك.	Est passible du délit de détournement de deniers publics toute personne qui aura détourné ou soustrait ou tenté de détourner ou de soustraire, des deniers ou effets en tenant lieu, des pièces, titres de paiement, valeurs mobilières, actes contenant ou opérant obligation ou décharge, effets mobiliers, denrées, œuvres d’art ou objets quelconques au préjudice de l’Etat, d’une collectivité publique, d’un établissement public, d’une société nationale, d’une société d’économie mixte soumise de plein droit au contrôle de l’Etat, d’une personne morale de droit privé bénéficiant du concours financier de la puissance publique, d’un ordre professionnel, d’un organisme privé chargé de l’exécution d’un service public, d’une association ou fondation reconnues d’utilité publique.	mafand	Senegalese News (MAFAND)
wo-ar-0763	"""Njaatige dëgg mooy mëne fu ne"","	"""وحقيقة الزعامة هي القدرة على الإدارة في كل مكان""،"	Les messages ‘‘Seule une vraie force, permet d'appeller partout au Sénégal’’ ; ‘‘Le vrai truc de grand, c'est de pourvoir remplir ses obligations partout’’ ; ‘‘Le vrai boss domine partout’’ ; ‘‘C'est le vrai cool qui peut se connecter avec la 4G+ partout au Sénégal’’ montrent clairement une tentative de discréditer le concurrent Free, avec notamment une constance dans les messages : le réseau avec les mots ‘‘partout’’ et ‘‘n'importe où’’ qui font allusion à la couverture du territoire.	mafand	Senegalese News (MAFAND)
wo-ar-0705	Ginnaaw yëngu-yënguy Aamadu Saaña ci ndoorte li, ak ndamal ñett ci dara ci seen digganteek Tahiti, ñoo ngi doon xaar jàmmaarloo bu gën a tar seen digganteek Cafeteros yu Colombie.	بعد عرض أمادو سانيا في المباراة الافتتاحية والفوز على تاهيتي بثلاثة أهداف مقابل لا شيء، كانوا ينتظرون مواجهة أكثر صعوبة أمام كافيتيروس الكولومبي.	Après le show Amadou Sagna en ouverture, et le succès 3-0 contre Tahiti, l’opposition s’annonçait plus corsée face aux Cafeteros colombiens.	mafand	Senegalese News (MAFAND)
wo-ar-0620	Dinañu topp mbir mi ba fu mu yem, loolu la wax.	وقال إننا سنتابع هذه القضية حتى النهاية.	Nous comptons suivre ce dossier jusqu’au bout》, a-t-il insisté.	mafand	Senegalese News (MAFAND)
wo-ar-0458	Naal boobu dina tax ba juróom-ñaar-fukki junni ak juróom-ñaar ak ñeenti téeméer ak juróom -ñaar-fukki njël (77 470) jot ci kuraŋ.	سيوفر ذاك المشروع لسبع وسبعين ألفا وأربعمائة وسبعين (77.470) أسرة إمكانية الوصول إلى الكهرباء.	Le projet permettra un accès au réseau électrique à 77 470 ménages pour la première fois.,	mafand	Senegalese News (MAFAND)
wo-ar-0414	Ñeen-fukk ak juróom ñaar ci téeméer boo jël (47%), méngale ko ak yeneen réew yi mel ni Farãas ak Amerig yi nga xam ne wér-gu-yaram farataal nañu ko ba boole ci koppar yi réew miy jëfandikoo ci at mi.	سبعة وأربعون في المائة، مقارنة ببلدان أخرى مثل فرنسا والولايات المتحدة الأمريكية، حيث الصحة ضرورية لدرجة أنها تحتل مكانة هامة في الأموال التي تنفقها الدولة سنويا.	47 %, comparé à d’autres pays comme la France et les États Unis où la santé se situe en bonne place des choix budgétaires.	mafand	Senegalese News (MAFAND)
wo-ar-0749	Dafay def ay widéwoo yu bare yoo xam ne moo ngi ko duppe Càmbar gafag réew mi.	يقوم بإنتاج الكثير من مقاطع الفيديو تحت عنوان Càmbar gafag réew mi.	Il propose ainsi une série de vidéos intitulée Càmbar gafag rewmi dans laquelle il revient en profondeur sur la Loi de finances intiale 2020 et la répartition du budget pour l’année à venir.	mafand	Senegalese News (MAFAND)
wo-ar-1113	Taggat yarambi bi di Downhill skiing mingi bayyéko ci lum néew-néew ci fukk ak juroom gnarélu xarnu bi, ci attum 1861 la nju dëkk Noorwees ubbi mbotayu ski bu njeekk fële ca Australia.	يعود تاريخ التزلج على المنحدرات كرياضة إلى القرن السابع عشر على الأقل، وفي عام 1861 تم افتتاح أول ناد للتزلج بواسطة النرويجيين في أستراليا.		MasakhaNER	Senegalese News (MasakhaNER)
wo-ar-0275	Limal lépp lu mën a firndeel dendale bi.	اذكر جميع العوامل التي تبرر هذه المقارنة.	Citer tous les éléments qui justifient cette comparaison.	mafand	Senegalese News (MAFAND)
wo-ar-0476	te metti woon na, bi ma gisee ni nit ñiy dunde foofa.	وكانت صدمة عندما رأيت كيف يعيش الناس هناك.	C’était la première fois que je voyais mes grands-parents et mes cousins et c’était un choc de voir comment les gens vivaient là-bas.	mafand	Senegalese News (MAFAND)
wo-ar-1138	Ci seeni wax, jëwriñ jile di Sakariyaa Jaw digoon na leen ay payoor waaye ba tey, furaas dàlli xëddeen.	وبحسب أقوالهم؛ وعدهم الوزير زكريا جَوْ بأجور ولكن حتى الآن فهو مجرد وهم.	Selon eux, il y a de cela 10 ans, le ministre Zakaria Diaw leur avait promis les indemnités, mais malheureusement jusqu'à ce jour, il n'en est rien.	mafand	Senegalese News (MAFAND)
wo-ar-0257	Te it moo yeggale liggéey yi taxawoon boobu ba tay.	وأكمل أيضا المشاريع التي كانت خاملة حتى الآن.	Il devient le prolongement de l’exécutif de Wade à la primature trois ans durant et donne vie aux chantiers restés alors en inertie jusqu’ici.	mafand	Senegalese News (MAFAND)
wo-ar-0268	Laaj dafay sampu su fekkee ne dañu gis ne ki teewal Càdd Ronaldóo la woteel teg ci Mbape.	يثير التساؤل عندما نرى أن ممثل تشاد صوّت لرونالدو ثم امَبَابِي.	Oui, on se le demande quand on voit que le représentant de Tchad a voté Ronaldo en première position et Mbappé en deuxième position.	mafand	Senegalese News (MAFAND)
wo-ar-1159	Cees dina wéy di des ci yoxoy Idy ba faw!	ستبقى تياس بين يدي إِدِ إلى الأبد!		MasakhaNER	Senegalese News (MasakhaNER)
wo-ar-1239	Ki ñëw bees dina jëfandikoo jumtukaayi njureefam	سيستخدم الوافد الجديد موارده الإنتاجية	Le nouvel entrant usera de ses dotations factorielles (pétrole qui représente 40% du PIB et de son capital humain riche de 196 millions d’habitants) pour saisir les opportunités qu’offre ce marché commun.	mafand	Senegalese News (MAFAND)
wo-ar-0437	Rax-ci-dolli, wéq wi, ndaw si taxu ko woon a jóg,	أضف إلى ذلك؛ أن الركلة لم تكن موجهة للمرأة؛	En plus le coup de pied n'était même pas destiné à la dame, elle s'est interposée à l'altercation c'est là qu'elle a recu le coup de pied qui visait un homme qui filmait la scène en raison des menaces de mort de Julius Malema (député sud african) à l'encontre de la députée malienne qui voulait se présenter comme candidate pour son pays.	mafand	Senegalese News (MAFAND)
wo-ar-0409	Aps nee na daamaarug juróom-ñaari toogu (7palaas), te mu jóge woon Conk-Esil moo xalangu ca Buluf, ca diiwaanu Sigicoor, ba mu am kenn ku ca faatu ak juróom-benn yu am ay gaañu-gaañu.	وفقًا لAPS انقلبت سيارة ذات سبعة مقاعد (7مقاعد) كانت قادمة من كونك-إسيل على طريق بلوف في منطقة زيغينشور مما أسفر عن مقتل شخص واحد وإصابة ستة آخرين.	En effet, renseigne l’Aps, une voiture de type 7 places, en provenance de Thionck-Essyl, s’est renversée sur la boucle du Blouf, dans la région de Ziguinchor (Sud), faisant un mort et six blessés.	mafand	Senegalese News (MAFAND)
wo-ar-1112	Loolu doyul, nga taafantoo guural gi, di jël dogal yu la neex.	ولم تكتف بذلك، فتتذرع بالحكومة لتتخذ أي قرار تريده.	Loolu doyul, nga taafantoo guural gi, di jël dogal yu la neex.	mafand	Senegalese News (MAFAND)
wo-ar-1004	Sa doom ji bëggul a yéeg.	لا يرغب ابنك في الترقية.	Ton fil ne veut pas s'émanciper et il veut compter sur toi pour etre président.	mafand	Senegalese News (MAFAND)
wo-ar-0033	Njëgu gerte gi ñu siiwal juge na ci fanweer ak ñetti dërëm, ci atum 2012, jàll ci juróom-fukki dërëm ci jamono ju mujj ji.	ارتفع السعر الرسمي للفول السوداني من ثلاثة وثلاثين درهم في عام 2012 إلى خمسين درهم في الفترة الأخيرة.	Le prix officiel de l'arachide est passé de 165 en 2012 à 250 francs CFA lors de la dernière campagne.	mafand	Senegalese News (MAFAND)
wo-ar-0537	woo naa la ci mbiru lempo ba ca Péncu Ndawi réew mi.	ودعوتك بخصوص مسألة الضريبة في الجمعية الوطنية.	C’est pourquoi, vous prenant au mot, je vous interpelle sur la situation fiscale de l’Assemblée Nationale.	mafand	Senegalese News (MAFAND)
wo-ar-0092	Aksidãa yi dinañu dikke nguuru Senegaal juróom-ñaar-fukk ak juróomi milyaar (75).	تكلف هذه الحوادث دولة السنغال خمسة وسبعين مليارا (75).	Ces accidents coûtent également 75 milliards à l'État du Sénégal.	mafand	Senegalese News (MAFAND)
wo-ar-0587	Bi ñuy màggal bès bi àdduna sépp jagleel kéewnga gi, juróomi fan ci weeru suweŋ, àll bu ndaw nekk ci biir Ndakaaru la Ndawal Mbootaayug réewi Tugal yi ci Senegaal, Irène Mingasson, ubbi ca Wakaam.	في إطار الاحتفال باليوم العالمي للبيئة في الخامس من شهر يونيو، افتتحت سفيرة الاتحاد الأوروبي لدى السنغال، إيرين منغاسون، غابة صغيرة في واكام بداكار.	Dans le cadre de la célébration de la Journée mondiale de l'Environnement, qui s'est tenue ce 05 juin, une première micro-forêt urbaine de la ville de Dakar, a été inaugurée, à Ouakam par l'ambassadrice de l'Union européenne (Ue) au Sénégal, Irène Mingasson.	mafand	Senegalese News (MAFAND)
wo-ar-0077	Ci tënk réew mii wayuñu.	باختصار، هذا البلد ليس جادا.	En résumé ce pays n'est pas sérieux.	mafand	Senegalese News (MAFAND)
wo-ar-0371	Ci njeexitalu joŋante bi la àttekat bi, Bamlak Tessema Weyesa, te mu nekk doomu Ethiopie, fësal ne Tunisie am nañu ab teg-dóor ndax Idiriisa Gànna Géy looxoom daa laal bal bi.	احتسب الحكم الإثيوبي باملاك تيسيما وييسا ركلة جزاء لتونس في الدقائق الأخيرة من المباراة بسبب لمسة يد من إدريسا غانا غي.	En toute fin de match, l’arbitre éthiopien Bamlak Tessema Weyesa a sifflé un deuxième penalty pour la Tunisie après une main d’Idrissa Gana Gueye dans sa surface.	mafand	Senegalese News (MAFAND)
wo-ar-0321	Ñi topp ci moom mooy kuréel gu mag ki nga xam ne njiitu Réew mi Idiriisa Sekk, Aagibu Sumaare, Paab Jóob, Isaa Sàll ak laykat bii di Madike Ñaŋ ñoo ko taxawal.	وتبعه التحالف الكبيرالذي تم تشكيله من قبل زعيم Réew mi إدريس سيك، وآجيب سماري، وباب ديوب، وعيسى سال وماديكي انيانغ.	Il sera suivi par la Grande coalition, formée autour du leader de Rewmi Idrissa Seck, et comprenant Haguibou Soumaré, Pape Diop, Issa Sall, Me Madické Niang…	mafand	Senegalese News (MAFAND)
wo-ar-1028	Jeexitalu ay mbir yu lëj yu dal ci koom-koom bi la,	إنها آثار نهاية ظواهر معقدة على الاقتصاد؛	C’est le résultat de phénomènes complexes affectant l’économie, mais toute hausse de prix n’est pas synonyme d’inflation.	mafand	Senegalese News (MAFAND)
wo-ar-1018	Xaalis bi këri liggéeyukaay yi di dugal ci ndefar mi dafay bokk ci liy gën a diisal lempo yi ñuy fay.	ستشكل الأموال المتأتية من دخل الشركات في الإنتاج عبئا على الضرائب التي يتعين عليها دفعها.	Si ce même gouvernement décide au contraire d’augmenter les impôts (revenus et entreprises), cela servira par exemple à ralentir la demande (les ménages n’auront suffisamment de revenus) et les coûts de production vont intégrer cette augmentation des charges fiscales pour les entreprises.	mafand	Senegalese News (MAFAND)
wo-ar-0863	Maki Sàll a ngi liggéey sunu réew mi, ci jamono ji doomu mbedd yiy nekk ci tele yeek rajoy Ndakaaru yi di nu ray saa su nekk ak seen njàngat yu amul solo yi.	يعمل ماكي سال لبلادنا بينما يقتلنا الأوغاد دائما على شاشات التلفاز والإذاعات في داكار بتحليلاتهم السخيفة.	Macky Sall is working for our Country while you son of bitches storming our TVs and Radios in Dakar killing us everyday with your bullshit analysis.	mafand	Senegalese News (MAFAND)
wo-ar-0030	Diggante yi, ñoo ngi juge, ci sama gis-gis, ci sañ-sañ bi saafarãas yi wone ci seen i njiit.	في رأيي، تأتي هذه الفوارق من مستوى المتطلبات التي يمتلكها الفرنسيون تجاه حكامهم.	Ces écarts viennent à mon avis du niveau d’exigence que les français ont envers leurs gouvernants.	mafand	Senegalese News (MAFAND)
wo-ar-0509	te wane ngor ak rafetal ndax lii lañu ñu laaj : mukk bu ñu mbañeelug askan wi yóbbu ci def lu wacc yoon.	وأن نظهر الكرامة والإحسان لأننا مدعوون إلى ذلك: لا ينبغي أن تحرضنا كراهية الشعب على ارتكاب الظلم أبدا.	Quand l’adversaire n’a que caricatures, mensonges, propos malveillants et réducteurs comme armes notre devoir est de refuser de descendre aussi bas que lui et de résister avec dignité et élégance car il nous est demandé ceci : Que la haine envers un peuple ne vous incite pas à commettre des injustices.	mafand	Senegalese News (MAFAND)
wo-ar-0625	Moxamet Sala njëkk a dugal.	وسجل محمد صلاح الهدف الأول.	Dans le match remporté par Liverpool (2-0), le Lion a provoqué le pénalty qui a offert le premier but à son équipe marqué par Mohamed Salah.	mafand	Senegalese News (MAFAND)
wo-ar-1000	Ndax mës nañoo dund ci Senegaal, benn yoon rekk, wu nga xam ne jamonoy wote ju amul ger askan week sunu milyaar yi, nga xam ne fa muy jóge duñu ko mës a leeral ?	هل سبق لنا أن شهدنا في السنغال ولو لمرة واحدة فقط فترة انتخابية لم تكن فيها حالة رشوة الشعب بملياراتنا التي لن يقوموا بتوضيح مصدرها أبدا؟	A-t on vécu une seule fois au Sénégal une campagne électorale sans qu’il ne soit fait cas d’achat de consciences en masse avec des milliards de nos francs dont l’origine licite n’a jamais été justifiée ?	mafand	Senegalese News (MAFAND)
wo-ar-0601	Ñiy diiŋat loolu dinañu ma wax ne amul njariñ.	سيقول لي منتقدو هذه القضية إنها غير مفيدة.	Les détracteurs de cette cause me diront que c’est contre-productif et que la question de la légitimité des femmes à occuper des postes dans les partis politiques pourra alors se poser.	mafand	Senegalese News (MAFAND)
wo-ar-1082	Xayma yi leer nañu nàññ, def nañu seen nettali:	الإحصائيات واضحة للغاية وتتحدث عن نفسها:	Les statistiques parlent d’elles même : 1 médecin pour 59 000 hab.	mafand	Senegalese News (MAFAND)
wo-ar-0131	Dañuy jéem a teg doxaliin yu bare, donte loolu tekkiwul ne bésu joŋante bi, noonu lañuy doxale.	نحاول ضبط عدد من الاستراتيجيات، على الرغم من أن هذا لا يعني أننا سنلعب بهذه الطريقة في يوم المباراة.	On essaie de peaufiner plusieurs stratégies, même si cela ne veut pas dire que le jour du match, on va évoluer comme ça.	mafand	Senegalese News (MAFAND)
wo-ar-0790	Waaw, këru liggéeyukaayu Farãas gu mag bi, wàññi na bu baax njëgi yónne wala jot ci xaalis gi.	نعم، خفضت الشركة الفرنسية العملاقة رسوم تحويل الأموال أو استلامها بشكل كبير.	En effet, le géant français a aussi baissé drastiquement les frais de transfert d’argent.	mafand	Senegalese News (MAFAND)
wo-ar-1179	Ndaw yiy liggéeye ci defukaayi xaalis yi, bés bu jot, dañuy andi xaalis bi dellusi ci bànk bi.	يقوم الصرافون بإحضار الأموال المستردة إلى البنك يوميا.	Les caissiers versent quotidiennement à la banque l'argent recouvré.	mafand	Senegalese News (MAFAND)
wo-ar-0802	Xeeti nit ñu jàng ñii, dafa leen di neex ñuy tagg xar-baaxi jaamu ak jëf yu doyadi.	يستمتع هذا النوع من المتعلمين بمدح الخنوع والأفعال الدنيئة.	Ces types d’intellectuels se complaisent à vanter la servilité et la bassesse.	mafand	Senegalese News (MAFAND)
wo-ar-0539	Juróom-benni laksidaŋ tamit am nañu ci tali bi te ñu waññi ci kenn ku faatu.	كما وقعت أيضا ستة حوادث سير من بينها حالة وفاة واحدة.	Egalement six accidents de la route dont un mort ont été enregistrés.	mafand	Senegalese News (MAFAND)
wo-ar-0120	doon na njëlbéenu doxalin wuy jéem a gàkkal njiital Pastef li, waaye itam sos na xaajaloo gu jëm ci fàtteloo musiba yi am ci koom-koomu kéewu Senegaal gi.	وكانت بدايةَ عملية تهدف إلى إهانة زعيم باستيف، ولكن أيضا لخلق حالة من الفوضى يهدف إلى جعل الناس ينسون الفضائح المتعلقة بالموارد الطبيعية للسنغال.	Les sorties répétées des membres de la mouvance présidentielle, faites à dessein, dont la plus récente, émanant du leader de la Synergie républicaine, constituent le début d’un processus visant à infliger une avanie au leader de Pastef, mais aussi à créer une diversion visant à faire oublier les scandales sur les ressources naturelles du Sénégal.	mafand	Senegalese News (MAFAND)
wo-ar-1268	Yal na la jig te yeneeni ndam topp ci.	تهانينا، وأتمنى لك المزيد من الإنجازات.	Bonne continuation.	mafand	Senegalese News (MAFAND)
wo-ar-0576	Doomi Autriche bi am ñaar-fukki at ak juróom-ñetti futbalkat la bu mën a taxaw ci defaas bi, ci càmmoñ ak ci digg bi.	اللاعب النمساوي البالغ من العمر ثمانية وعشرين عاما لاعبٌ يمكنه اللعب في الدفاع وعلى اليسار وفي خط الوسط.	L’Autrichien de 28 ans est un joueur extrêmement polyvalent pouvant jouer dans l’axe de la défense, sur le côté gauche et dans le milieu de terrain.	mafand	Senegalese News (MAFAND)
wo-ar-0953	jarul sax rus, yërëmtalu wala bàyyendiku.	ولا حاجة إلى الشعور بالخجل، أو الشفقة، أو التراجع.	Avec le pastef les ecritures en chiffres faux gonflées dans la gestion de l'etat vont etre éradiquer meme pas honte tristesse et désolation .	mafand	Senegalese News (MAFAND)
wo-ar-0329	Jëfandikoowul woon benn baatu xeltu waaye yenn saa yi doonul woon neex a topp.	لم يستخدم أي مصطلحات علمية ولكن كان من الصعب أحيانا متابعته.	Ils parlaient dans un mélange d'allemand et d'anglais et n'utilisaient aucun terme scientifique, mais il était parfois difficile de les suivre.	mafand	Senegalese News (MAFAND)
wo-ar-0455	laata muy delloo njukkal liggéeykati kër doktoor yi, naam sax seeni jumtukaay matewu ko.	قبل أن يشيد بجدارة بالطاقم الطبي رغم محدودية موارد عملهم.	Il a également exprimé sa profonde compassion et sa totale solidarité à l’attention des Sénégalais de la diaspora dont les pays d’accueil sont durement touchés par la pandémie avant de rendre un hommage mérité au personnel médical et paramédical malgré les limites de leurs moyens de travail.	mafand	Senegalese News (MAFAND)
wo-ar-0956	Fàttalikuleen téereb nettali bu Rëne Marãa, téereb nettali bu njëkk ci der bu ñuul, Batouala (jógal xeex yaw mile), wala ba tay, bu Albeer Kami bi, ak nit ka Meursault (dee moom doŋŋ!).	"تذكروا رواية رينيه ماران، أول رواية زنجية، باتوالا (قاتل أنت)، أو حتى الغريب لألبير كامو، مع شخصية ""مورسو"" (مات وحيدا!)."	Rappelez-vous du roman de René Maran, premier roman nègre, Batouala (bats-toi là), ou encore L’Étranger de Albert Camus, avec le personnage de Meursault (meurs seul!).	mafand	Senegalese News (MAFAND)
wo-ar-0832	Jumtuwaay yépp lañu sànni ci biti.	تم إلقاء جميع الأثاث في الخارج.	Tout le mobilier (chaises, canapés, ordinateurs, matelas…) a été jeté dans la rue.	mafand	Senegalese News (MAFAND)
wo-ar-0933	Wax xam-xamu taaral, mooy laaj jafe-jafeb màndargaab tànneefu xam-xam bi.	إن القول بالفن يعني طرح مشكلة معيار الفن.	Dire l’art c’est d’abord poser le problème du critère de l’art.	mafand	Senegalese News (MAFAND)
wo-ar-0515	Perefee bee ko musal te xam na loolu.	أنقذه المحافظ وهو يعلم ذلك.	Le préfet l a sauvé et il le sait très bien dans son coin.	mafand	Senegalese News (MAFAND)
wo-ar-0551	Ropplaan yii ñoo gën a màggat bu njiitu réew mi, Puwent Saareen.	هذه الطائرات أقدم من طائرة بُويِنْت سِارِينْ الرئاسية.	Ces avions sont beaucoup plus vieux que la pointe de Sarene présidentiel.	mafand	Senegalese News (MAFAND)
wo-ar-0130	Joxe woon na ab lim ciy tegtal.	قَدّم عددا من الإرشادات.	Ils avaient donné un certain nombre d’orientations.	mafand	Senegalese News (MAFAND)
wo-ar-0782	Dañoo war a sàkku ak njubal ci ni ñu yoree suñu xaalis,	يجب علينا أن نطالب بالشفافية في كيفية إدارة أموالنا،	Nous devons exiger la transparence dans la gestion de nos sous, exiger des services de base corrects, exiger que les ressources soient mieux distribuées, bref exiger et obtenir la prise en compte de nos préoccupations, et que celles ci soient placées au cœur des politiques du gouvernement.	mafand	Senegalese News (MAFAND)
wo-ar-1136	Xaaju guddig talaata jàpp àllarba la ñaari saay-saay yi song bànk bi.	هاجم المجرمان البنك في وقت متأخر من ليلة الثلاثاء إلى الأربعاء.	Tard dans la nuit du mardi au mercredi, le duo a attaqué la mutuelle.	mafand	Senegalese News (MAFAND)
wo-ar-0012	Saajo Maane fés na Metz te firndeel na ko Salzbourg (Autriche) njëkk muy teereeji ci joŋŋante bu njëkk ca Southchampton.	تألق ساديو ماني في ميتز وسيثبت نفسه في سالزبورغ (النمسا) قبل أن يحط في الدوري الإنجليزي الممتاز مع ساوثهامبتون.	Sadio Mané a brillé au Metz et fera ses preuves au Salzbourg (Autriche) avant d’atterrir en Premier League avec Southchampton.	mafand	Senegalese News (MAFAND)
wo-ar-0453	Doomu Farãas ji xam-xamam màcc ci liggéey bi, siiwal na bataaxal bu yéenekaay bii di L’As tasaare.	ونشر الفني الفرنسي في العمل رسالة نشرتها صحيفة AS.	Le technicien français a tenu à les dévoiler dans une lettre ouverte publiée par le journal AS.	mafand	Senegalese News (MAFAND)
wo-ar-0179	Loolu, ginnaaw kalaame boo xam ne laykat bii di Abdulaay Tin nekk njiitu Union Sociale libéral (USL).	جاء ذلك بعد استئناف قدمها المحامي عبد الله تين زعيم الاتحاد الاشتراكي الليبرالي (USL).	Ce, suite au recours introduit par l’Union sociale libérale (USL) de l’avocat Me Abdoulaye Tine.	mafand	Senegalese News (MAFAND)
wo-ar-0555	Dinga ko mën, dëggal ko!	ستكون قادرا على ذلك، اجعله حقيقيا!		MasakhaNER	Senegalese News (MasakhaNER)
wo-ar-0400	Koppar yi ñu dajale tollu na ci junniy milyaar ak ñaar ci xaalisu Seefaa;	بلغت الموارد التي تم حشدها تريليون وملياري سيفا؛	Les ressources mobilisées sont de 1002 000 000 000 F CFA (contributions volontaires 20 000 000 000 FCFA, recadrage budgétaire 119 000 000 000 FCFA, prêts programmes 623 000 000 000 FCFA, dons budgétaire 240 000 000 000 FCFA) et les dépenses pour la résilience sont de 1014 300 000 000 FCFA (santé 78 700 000 000 FCFA, social et diaspora 103 000 000 000 FCFA, stabilité macroéconomique 755 000 000 000 FCFA, sécurisation de l’approvisionnement 77 600 000 000 FCFA).	mafand	Senegalese News (MAFAND)
wo-ar-1224	Mãasuur Samsdin Mbów, Porofesëeru Leetar ak jàngatkat.	منصور شمس الدين امبو، أستاذ أدب ومحلل.	Mansour Shamsdine Mbow, Pofesseur de Lettres et chroniqueur.	mafand	Senegalese News (MAFAND)
wo-ar-0121	Ci biir xolu waa Afirig yi!	في قلوب الأفارقة!	Dans le coeurs des Africains véritables!Tu ne lacheras jamais prise !Tu ne leur feras pas le plaisir de voir.	mafand	Senegalese News (MAFAND)
wo-ar-1086	Li ñuy laajte kay mooy, ndax yégleg yokk boobu nekkul luy nelawal askan wi ba duñu waxati ci tas gi ñu tas SENELEC jamono yii.	ما نتساءل عنه هو ما إذا كان الإعلان عن هذه الزيادة ليس إلهاء للشعب عن عملية التفكيك الجارية لSENELEC.	C’est à ce se demander si cette hausse n’a pas été annoncée uniquement pour détourner l’attention des sénégalais sur le démantèlement en cours de la SENELEC.	mafand	Senegalese News (MAFAND)
wo-ar-0558	Doomu Afirig bu raxul dara.	أفريقي أصيل.	La chance de le prouver!Reste-toi Sadio !Tu es un lion !Un Africain authentique.	mafand	Senegalese News (MAFAND)
wo-ar-0038	Ci Jamono ji, tegu kees gi ngir ndawi réew mi àllaterete, ab teg la ci lu dul ab juuti, ci loolu, donte meloom wareef wala coobare, ci yenn tëralin yi.	وفي هذه الحالة، فإن الاشتراكات في صندوق تقاعد النواب هي بالأحرى مساهمة وليست ضريبة، على الرغم من طابعها الإلزامي أو الطوعي، إلى حد ما.	En l'espèce, les cotisations à la Caisse pour la retraite des députés, ce sont plutôt une cotisation et non un impôt ceci, malgré son caractère obligatoire ou volontaire, dans une certaine mesure.	mafand	Senegalese News (MAFAND)
wo-ar-0227	Waaw, dëkk bu mag dafa war a am béréb yu bakkane.	نعم، يجب أن تكون للمدينة الكبيرة أماكن مريحة.	Genre ce qui se fait dans toute grande ville qui se respect OUI une grande ville doit avoir des mall.	mafand	Senegalese News (MAFAND)
wo-ar-1088	taxawu abdu kariim géey mooy jàpp ci coppite gi.	دعم عبد الكريم غي هي مساهمة في الثورة.	PARTAGEZ POUR SOUTENIR LE SOLDAT AIDER ABDOU KARIM GUEYE, C’EST AIDER LA RÉVOLUTION	mafand	Senegalese News (MAFAND)
wo-ar-0029	Ñenn ñi ci jot a àddu, seetlu nañu ne ak juróom-benn-fukki (60) milyaar, Senegaal doon na ami tus ci daaray mbaar yi ci ekool yi.	حتى أن بعض المتدخلين لاحظوا أن مع ستين مليارا (60)، سينتهي الأمر بالسنغال بدون مَآوٍ مؤقتة في المدارس.	Certains intervenants font même remarquer qu’avec ces 60 milliards, le Sénégal se retrouverait avec zéro abri provisoire à l’école.	mafand	Senegalese News (MAFAND)
wo-ar-1073	Bu weesoo samp ag kurél gu sax dàkk ci 77 ak jumtukaayi jiite yu baax, dinañu samp PASTEF, ci dëkki Seine ak Marne gi nga xam ne, mooy deppartemaŋ bi gën a yaatu ci Île de France.	بالإضافة إلى إنشاء هيكل دائم في 77 وأدوات إدارية فعالة، سنعمل على تأسيس باستيف في جميع مدن سِينْ ومَارْن التي تعد أكبر مقاطعة في إيل دو فرانس.	Au-delà de mettre en place une structuration pérenne dans le 77 et des outils de pilotage efficaces, nous travaillerons à l’implantation du PASTEF, dans toutes les villes de la Seine et Marne qui est le plus grand département d’île de France en termes de superficie.	mafand	Senegalese News (MAFAND)
wo-ar-0005	Mën naa juri, ci jëf, njeexitalu bile xaalis bu juddu woon ca jamonoy njàppum jaam ya, te ba léegi jëwriñu Farãas ji ñu dénk koppar yi di ko saytu, ak njattug réewi Afirig yi ci ñuy bàyyi xaaju seen walëeru koppar ci bérébu bokk-koppar bu réewum Farãas ak teewaayu ndawi Farãas yi ci seen bérébi saytu-koppar yi.	وسيؤدي ذلك في واقع الأمر إلى نهاية هذه العملة التي نشأت خلال الفترة الاستعمارية والتي لا تزال تحت إشراف وزارة المالية الفرنسية، مع التزام البلدان الأفريقية بإيداع نصف احتياطياتها النقد الأجنبي لدى وزارة الخزانة الفرنسية ووجود مسؤولين فرنسيين في هيئات بنوكها المركزية.	Elle entraînerait de facto la fin de cette monnaie née pendant la période coloniale et toujours placée sous la tutelle du ministère français des finances, avec l’obligation pour les pays africains de déposer la moitié de leurs réserves de change auprès du Trésor français et la présence de responsables français dans les instances de leurs banques centrales.	mafand	Senegalese News (MAFAND)
wo-ar-0685	Rëcc gu mel noonu ci kaso gu mucce ayib nii ci wàllu kaaraange undiwoon na jiixi-jaaxa ci xelu nit ñi ñu yaakaar ne am na ñu ko jàppale.	وقد أثار مثل هذا الهروب من سجن شديد الحراسة شكوكا في الرأي العام بأن هناك أشخاصا يساعدونه.	Une telle évasion d'un endroit aussi particulier qu'une maison d’arrêt, avait fini de susciter le doute dans l'opinion quant à l'existence d'une chaîne de complicité.	mafand	Senegalese News (MAFAND)
wo-ar-0617	Jafe-jafe bi mooy ne, ci lu gaaw, Bànk yi mën nañoo jotale xaalis yooyu te jaarale ko ci ay ndawam yu bari te kujje du ca mën a am.	تكمن المشكلة في أن البنوك يمكنها تحويل تلك الأموال من خلال وسطائها العديدين بسرعة، دون أن يحصل عليها منافسوها.	Le problème c’est que rapidement, les banques susceptibles d’offrir un accès aux devises via leurs intermédiaires ne sont pas nombreuses et le libre jeu de la concurrence ne peut pas être opérant.	mafand	Senegalese News (MAFAND)
wo-ar-0691	Na 2024 gaaw agsi ngir ñu jëlee fi nguur gii nga xam ne moo fi indi boddikoonte ci xeet.	عسى أن يأتي 2024 سريعا لنتخلص من هذه الحكومة التي جلبت النظام العرقي.	Vivement 2024 pour nous DÉBARRASSER de ce régime ethnocentriste	mafand	Senegalese News (MAFAND)
wo-ar-0340	Maaradaytaali, su ñu sukkandikoo ci Les Echos ci xibaar yi mu fësal tay, kameraa yi ñu def ca otel booba ngir kaaraange gi ñoo ko feeñal.	ولسوء الحظ، حسبما ذكرت Les Échos في أخبار اليوم التي أصدرتها، فقد تم الكشف عنه بواسطة كاميرات المراقبة الخاصة بالفندق.	Malheureusement pour lui, rapporte Les Échos dans sa livraison du jour, il a été filmé par les caméras de surveillance dudit hôtel.	mafand	Senegalese News (MAFAND)
wo-ar-0214	Su ñu sukkandikoo ci L’As ñiy saytul nguur gi seeni liggéey tuxu nañu ci seen béréb yu yees tàq yi.	"وفقا لصحيفة ""لاس""، انتقلت المفتشية العامة للدولة إلى مقرها الجديد."	D'après le quotidien L'As, l'Inspection générale d'État (Ige) vient d'y aménager dans des locaux flambants neufs.	mafand	Senegalese News (MAFAND)
wo-ar-0777	Siise amul lenn lu mu mën a jàngal xale yii nga xam ne ñi leen di tàggat ñoo gën a xarañ boroom njañ yi fuuf.	ليس لدى سيسيه ما يعلمه لهؤلاء الشباب الذين يمتلكون مدربين أكثر خبرة بكثير من هذا الرَّسْتَمَانْ.	Cissé n'a rien à apprendre à ces gosses qui sont avec des coachs plus costauds que notre rastaman.	mafand	Senegalese News (MAFAND)
wo-ar-0583	Ginnaaw ñaari at ca boppu Eferton, te mu nekk ca fukkeelu taxawaay ba ca Premier League, at mii, Karlo Ansoleti dellu na ca Reyal Madirit.	عاد كارلو أنشيلوتي إلى ريال مدريد بعد موسمين من تدريب إيفرتون الذي احتل المركز العاشر في الدوري الإنجليزي الممتاز هذا الموسم.	Après deux saisons à la tête d'Everton, avec qui il a terminé dixième de Premier League cette saison, Carlo Ancelotti fait son retour sur le banc du Real Madrid.	mafand	Senegalese News (MAFAND)
wo-ar-1230	Xël wu jéggi dayo, duplee ndeyjoor, bañ a taxaw ci are yi ngir may kiliyaan yi ñu wàcc, yenn lañu ci jalgati yi.	شملت المخالفات السرعة الزائدة عن الحد على اليمين ورفض التوقف في المحطات لسماح الزبائن بالنزول.	Entre excès de vitesse, dépassement par la droite, refus de respecter les arrêts pour permettre aux clients de descendre entre autres infractions.	mafand	Senegalese News (MAFAND)
wo-ar-0024	Ndongo li noonu la daaneele jàngalekat bi teg ci tëj doomam.	وهكذا هزم الطالب المعلم وسجن ابنه.	L’élève a ainsi terrassé le maître et embastillé son fils.	mafand	Senegalese News (MAFAND)
wo-ar-0146	Pólotig jeego yu am solo lay dox jëm ci taxawal càkkéef bu baax.	تلعب السياسة دورا رئيسيا في تهيئة بيئة مواتية.	La politique joue un rôle majeur dans la création d’un environnement favorable.,	mafand	Senegalese News (MAFAND)
wo-ar-0844	Kañ la waa Senegaal di yeewu ?	متى سيستيقظ السنغاليون؟	Quant est-ce que les sénégalais vont-ils se réveiller ?	mafand	Senegalese News (MAFAND)
wo-ar-1233	ndax loolu dina tax waa Senegaal yi xam bu baax ñi ñuy jiite.	لأنها ستسمح للسنغاليين بمعرفة حقيقة من يقودنا.	Nous attendons toujours la plainte de Mamour Diallo parce qu’elle permettra aux sénégalais de bien connaître ceux qui nous dirigent.	mafand	Senegalese News (MAFAND)
wo-ar-1084	Ni ko Libération bindee, Interpol xam na ko ba màndargaal ko te mu ngi wër bu baax.	وكما كتبت ليبراسيون، فقد تعرفت الإنتربول عليه ووضعته على قائمة المطلوبين لديها وتبحث عنه بجد.	Selon Libération, il est fiché et activement recherché par Interpol.	mafand	Senegalese News (MAFAND)
wo-ar-0317	Loolu xalaat bu mucc-ayib la ndax ñenn ñi ni ñuy jëfandikoo suñu tasaroo gi dafa teey xel.	إنها فكرة صائبة، لأن كيفية استغلال البعض لتشتتنا مشبوهة.	C’est une stratégie efficace, car certains utilisent cette dispersion à des fins douteuses.	mafand	Senegalese News (MAFAND)
wo-ar-0313	Ci juróom-benneelu limat bile, wax na ci càmbarug naalu yoon bu jëkk bi aju ci doxalinu xaalisu bu atum 2020 ci ngomblaan gi, sampaale ab laaj ci jaxasoo gu fés gu nguurinu doxal geeg gu yoon ak yoonal gi jaxasoo.	يتطرق في هذا العدد السادس إلى النظر الأول لجمعية الوطنية في مشروع قانون المالية لعام 2020، متسائلا في الوقت نفسه الخلط الصارخ السلطة التنفيذية والسلطة التشريعية.	Dans ce sixième numéro, il n’a pas manqué de s’étendre sur l’examen du projet de loi de finances initiale 2020 à l’Assemblée nationale et s’interroge du même coup sur l’absence flagrante de la séparation des pouvoirs entre l’exécutif et le législatif.	mafand	Senegalese News (MAFAND)
wo-ar-0544	Am na yenn mbir yoo xam ne, musiba da ciy baax la léeb wax:	كما يقول المثل: لكل سحابة قاتمة جانب مشرق:	A quelque chose malheur est bon nous dit l’adage : cette affaire aura au moins l’utilité de révéler la vraie nature du traitement différencié des justiciables en France selon qu’ils appartiennent à certaines communautés ou d’autres.	mafand	Senegalese News (MAFAND)
wo-ar-0419	Ray katu koom-koom gi li ñuy def tere wuñu ko	وما يفعله القتلة الاقتصاديون ليس ممنوعا.	Et ce que font les assassins économiques n’est pas illégal.	mafand	Senegalese News (MAFAND)
wo-ar-0046	Te mës naa jéem a fal benn yoon ab farañse ci boppu nguur gi ngir moytu njëlbéenu mbooloom réew mi (Front National).	وحاولت مرة انتخابَ فرنسي رئيسا للسلطة من أجل تجنب صعود الجبهة الوطنية (الجبهة الوطنية).	Pendant longtemps je me suis intéressée à la politique française et je me suis investie une fois pour porter un homme politique français au pouvoir afin d’éviter l’avènement du front national.	mafand	Senegalese News (MAFAND)
wo-ar-0962	waxtu juróom-ñeent-fukk yu teg ñaari simili ci la seen waa ji, Jaata andeewaat mbooloom, ñu tollook seen naataango yi ci ngoon gile.	أعاد دياتا فريقه في الدقيقة التسعين +2 وتعادلوا مع خصمهم في هذه الأمسية.	Mené depuis la 11e mn, c’est à la 90+2 mn que le phénomène Diatta ramène son équipe à la hauteur de l’adversaire du soir.	mafand	Senegalese News (MAFAND)
wo-ar-0687	Senegael moo féete ci ñeenteelu palaas bi ci diwaanu Afirig, jiitu RDC mi nekk ci juróomeel bi, jiitu itam dëkkandoom bii di Mali te mu féete ci palaas bu mujj bi.	يحتل السنغال المركز الرابع في أفريقيا متقدما على جمهورية الكونغو الديمقراطية التي تحتل المركز الخامس، ومتقدما أيضا على جارته مالي التي تحتل المركز الأخير.	Le Sénégal occupe la quatrième place africaine, juste devant la RDC qui est cinquième et loin de son voisin le Mali qui ferme le classement.,	mafand	Senegalese News (MAFAND)
wo-ar-1226	ak tamit samp ay toggkati kuurãa ci yeneen dëkki taax yu soxla lu bare ci kuurãa.	بالإضافة إلى تركيب محولات كهربائية في القرى الأخرى التي تحتاج إلى الكثير من الكهرباء.	Le projet permettra également la mise à niveau, la réhabilitation et l’extension de réseaux à basse tension d’une longueur totale de 1720 kilomètres ainsi que l’installation de transformateurs dans des villes secondaires à charge élevée.	mafand	Senegalese News (MAFAND)
wo-ar-1246	Jëfandikooleen seen kàrta wote yi, folli ko,	استخدموا بطاقات التصويت الخاصة بكم واعزلوه،	Avec vos cartes d'électeurs dégagez-le c'est la seule solution pour éviter les bains de sang.	mafand	Senegalese News (MAFAND)
wo-ar-0045	Ci ab diir bu yàgg laa doon soxlawoo pólotigu farañse yi.	أصبحت مهتما بالسياسة الفرنسية لفترة طويلة.	Pendant longtemps je me suis intéressée à la politique française et je me suis investie une fois pour porter un homme politique français au pouvoir afin d’éviter l’avènement du front national.	mafand	Senegalese News (MAFAND)
